[2026-05-14 11:33:31] INFO     [1] Discovering company URLs (pages 1–5)
[2026-05-14 11:33:31] INFO     Starting browser (headless=True)
[2026-05-14 11:33:32] DEBUG    Playwright stealth applied
[2026-05-14 11:33:32] INFO     Browser ready
[2026-05-14 11:33:32] INFO     Crawling listing page 1 → https://www.zaubacorp.com/companies-list
[2026-05-14 11:33:32] INFO     [Browser] → https://www.zaubacorp.com/companies-list
[2026-05-14 11:33:43] DEBUG    Raw HTML saved to /home/santhosh/dev/zauba_scraper/raw_html/listing_page_1.html
[2026-05-14 11:33:43] ERROR    Cloudflare block on listing page 1 — bot detected
[2026-05-14 11:33:43] DEBUG    Sleeping 3.4s before next listing page
[2026-05-14 11:33:46] INFO     Crawling listing page 2 → https://www.zaubacorp.com/companies-list/p-2-company.html
[2026-05-14 11:33:46] INFO     [Browser] → https://www.zaubacorp.com/companies-list/p-2-company.html
[2026-05-14 11:33:55] DEBUG    Raw HTML saved to /home/santhosh/dev/zauba_scraper/raw_html/listing_page_2.html
[2026-05-14 11:33:55] ERROR    Cloudflare block on listing page 2 — bot detected
[2026-05-14 11:33:55] DEBUG    Sleeping 4.8s before next listing page
[2026-05-14 11:34:00] INFO     Crawling listing page 3 → https://www.zaubacorp.com/companies-list/p-3-company.html
[2026-05-14 11:34:00] INFO     [Browser] → https://www.zaubacorp.com/companies-list/p-3-company.html
[2026-05-14 11:34:09] DEBUG    Raw HTML saved to /home/santhosh/dev/zauba_scraper/raw_html/listing_page_3.html
[2026-05-14 11:34:09] ERROR    Cloudflare block on listing page 3 — bot detected
[2026-05-14 11:34:09] DEBUG    Sleeping 4.8s before next listing page
[2026-05-14 11:34:13] INFO     Crawling listing page 4 → https://www.zaubacorp.com/companies-list/p-4-company.html
[2026-05-14 11:34:13] INFO     [Browser] → https://www.zaubacorp.com/companies-list/p-4-company.html
[2026-05-14 11:34:22] DEBUG    Raw HTML saved to /home/santhosh/dev/zauba_scraper/raw_html/listing_page_4.html
[2026-05-14 11:34:22] ERROR    Cloudflare block on listing page 4 — bot detected
[2026-05-14 11:34:22] DEBUG    Sleeping 2.3s before next listing page
[2026-05-14 11:34:25] INFO     Crawling listing page 5 → https://www.zaubacorp.com/companies-list/p-5-company.html
[2026-05-14 11:34:25] INFO     [Browser] → https://www.zaubacorp.com/companies-list/p-5-company.html
[2026-05-14 11:34:33] DEBUG    Raw HTML saved to /home/santhosh/dev/zauba_scraper/raw_html/listing_page_5.html
[2026-05-14 11:34:33] ERROR    Cloudflare block on listing page 5 — bot detected
[2026-05-14 11:34:33] DEBUG    Sleeping 2.4s before next listing page
[2026-05-14 11:34:36] INFO     Discovery complete — total URLs found: 0
[2026-05-14 11:34:36] INFO     [2] Scraping company details (limit=100)
[2026-05-14 11:34:36] INFO     Starting detail scraping — 100 URLs queued
[2026-05-14 11:34:36] INFO     [1/100] Processing ...
[2026-05-14 11:34:36] INFO     Scraping: https://www.zaubacorp.com/PACIFIC-INFRABUILD-LLP-AAE-6126
[2026-05-14 11:34:36] INFO     [Browser] → https://www.zaubacorp.com/PACIFIC-INFRABUILD-LLP-AAE-6126
[2026-05-14 11:34:45] DEBUG    Raw HTML saved to /home/santhosh/dev/zauba_scraper/raw_html/company_page.html
[2026-05-14 11:34:45] WARNING  Attempt 1/3 blocked or empty for https://www.zaubacorp.com/PACIFIC-INFRABUILD-LLP-AAE-6126
[2026-05-14 11:34:45] DEBUG    Backing off 7.3s before retry
[2026-05-14 11:34:52] INFO     [Browser] → https://www.zaubacorp.com/PACIFIC-INFRABUILD-LLP-AAE-6126
[2026-05-14 11:35:01] DEBUG    Raw HTML saved to /home/santhosh/dev/zauba_scraper/raw_html/company_page.html
[2026-05-14 11:35:01] WARNING  Attempt 2/3 blocked or empty for https://www.zaubacorp.com/PACIFIC-INFRABUILD-LLP-AAE-6126
[2026-05-14 11:35:01] DEBUG    Backing off 11.5s before retry
[2026-05-14 11:35:13] INFO     [Browser] → https://www.zaubacorp.com/PACIFIC-INFRABUILD-LLP-AAE-6126
[2026-05-14 11:35:22] DEBUG    Raw HTML saved to /home/santhosh/dev/zauba_scraper/raw_html/company_page.html
[2026-05-14 11:35:22] WARNING  Attempt 3/3 blocked or empty for https://www.zaubacorp.com/PACIFIC-INFRABUILD-LLP-AAE-6126
[2026-05-14 11:35:22] ERROR    Permanently blocked for https://www.zaubacorp.com/PACIFIC-INFRABUILD-LLP-AAE-6126
[2026-05-14 11:35:25] INFO     [2/100] Processing ...
[2026-05-14 11:35:25] INFO     Scraping: https://www.zaubacorp.com/AFFAIRS-EVENT-MANAGEMENT-LLP-AAF-1027
[2026-05-14 11:35:25] INFO     [Browser] → https://www.zaubacorp.com/AFFAIRS-EVENT-MANAGEMENT-LLP-AAF-1027
[2026-05-14 11:35:35] DEBUG    Raw HTML saved to /home/santhosh/dev/zauba_scraper/raw_html/company_page.html
[2026-05-14 11:35:35] WARNING  Attempt 1/3 blocked or empty for https://www.zaubacorp.com/AFFAIRS-EVENT-MANAGEMENT-LLP-AAF-1027
[2026-05-14 11:35:35] DEBUG    Backing off 6.2s before retry
[2026-05-14 11:35:41] INFO     [Browser] → https://www.zaubacorp.com/AFFAIRS-EVENT-MANAGEMENT-LLP-AAF-1027
[2026-05-14 11:35:50] DEBUG    Raw HTML saved to /home/santhosh/dev/zauba_scraper/raw_html/company_page.html
[2026-05-14 11:35:50] WARNING  Attempt 2/3 blocked or empty for https://www.zaubacorp.com/AFFAIRS-EVENT-MANAGEMENT-LLP-AAF-1027
[2026-05-14 11:35:50] DEBUG    Backing off 10.0s before retry
[2026-05-14 11:36:00] INFO     [Browser] → https://www.zaubacorp.com/AFFAIRS-EVENT-MANAGEMENT-LLP-AAF-1027
[2026-05-14 11:36:09] DEBUG    Raw HTML saved to /home/santhosh/dev/zauba_scraper/raw_html/company_page.html
[2026-05-14 11:36:09] WARNING  Attempt 3/3 blocked or empty for https://www.zaubacorp.com/AFFAIRS-EVENT-MANAGEMENT-LLP-AAF-1027
[2026-05-14 11:36:09] ERROR    Permanently blocked for https://www.zaubacorp.com/AFFAIRS-EVENT-MANAGEMENT-LLP-AAF-1027
[2026-05-14 11:36:12] INFO     [3/100] Processing ...
[2026-05-14 11:36:12] INFO     Scraping: https://www.zaubacorp.com/VIPANI-ONLINE-SHOPPING-PORTAL-LLP-AAF-8155
[2026-05-14 11:36:12] INFO     [Browser] → https://www.zaubacorp.com/VIPANI-ONLINE-SHOPPING-PORTAL-LLP-AAF-8155
[2026-05-14 11:36:21] DEBUG    Raw HTML saved to /home/santhosh/dev/zauba_scraper/raw_html/company_page.html
[2026-05-14 11:36:21] WARNING  Attempt 1/3 blocked or empty for https://www.zaubacorp.com/VIPANI-ONLINE-SHOPPING-PORTAL-LLP-AAF-8155
[2026-05-14 11:36:21] DEBUG    Backing off 5.9s before retry
[2026-05-14 11:36:27] INFO     [Browser] → https://www.zaubacorp.com/VIPANI-ONLINE-SHOPPING-PORTAL-LLP-AAF-8155
[2026-05-14 11:36:36] DEBUG    Raw HTML saved to /home/santhosh/dev/zauba_scraper/raw_html/company_page.html
[2026-05-14 11:36:36] WARNING  Attempt 2/3 blocked or empty for https://www.zaubacorp.com/VIPANI-ONLINE-SHOPPING-PORTAL-LLP-AAF-8155
[2026-05-14 11:36:36] DEBUG    Backing off 10.8s before retry
[2026-05-14 11:36:47] INFO     [Browser] → https://www.zaubacorp.com/VIPANI-ONLINE-SHOPPING-PORTAL-LLP-AAF-8155
[2026-05-14 11:36:56] DEBUG    Raw HTML saved to /home/santhosh/dev/zauba_scraper/raw_html/company_page.html
[2026-05-14 11:36:56] WARNING  Attempt 3/3 blocked or empty for https://www.zaubacorp.com/VIPANI-ONLINE-SHOPPING-PORTAL-LLP-AAF-8155
[2026-05-14 11:36:56] ERROR    Permanently blocked for https://www.zaubacorp.com/VIPANI-ONLINE-SHOPPING-PORTAL-LLP-AAF-8155
[2026-05-14 11:37:00] INFO     [4/100] Processing ...
[2026-05-14 11:37:00] INFO     Scraping: https://www.zaubacorp.com/ARMADILLO-REALTY-LLP-AAF-9145
[2026-05-14 11:37:00] INFO     [Browser] → https://www.zaubacorp.com/ARMADILLO-REALTY-LLP-AAF-9145
[2026-05-14 11:37:09] DEBUG    Raw HTML saved to /home/santhosh/dev/zauba_scraper/raw_html/company_page.html
[2026-05-14 11:37:09] WARNING  Attempt 1/3 blocked or empty for https://www.zaubacorp.com/ARMADILLO-REALTY-LLP-AAF-9145
[2026-05-14 11:37:09] DEBUG    Backing off 7.7s before retry
[2026-05-14 11:37:16] INFO     [Browser] → https://www.zaubacorp.com/ARMADILLO-REALTY-LLP-AAF-9145
[2026-05-14 11:37:25] DEBUG    Raw HTML saved to /home/santhosh/dev/zauba_scraper/raw_html/company_page.html
[2026-05-14 11:37:25] WARNING  Attempt 2/3 blocked or empty for https://www.zaubacorp.com/ARMADILLO-REALTY-LLP-AAF-9145
[2026-05-14 11:37:25] DEBUG    Backing off 11.4s before retry
[2026-05-14 11:37:37] INFO     [Browser] → https://www.zaubacorp.com/ARMADILLO-REALTY-LLP-AAF-9145
[2026-05-14 11:37:47] DEBUG    Raw HTML saved to /home/santhosh/dev/zauba_scraper/raw_html/company_page.html
[2026-05-14 11:37:47] WARNING  Attempt 3/3 blocked or empty for https://www.zaubacorp.com/ARMADILLO-REALTY-LLP-AAF-9145
[2026-05-14 11:37:47] ERROR    Permanently blocked for https://www.zaubacorp.com/ARMADILLO-REALTY-LLP-AAF-9145
[2026-05-14 11:37:51] INFO     [5/100] Processing ...
[2026-05-14 11:37:51] INFO     Scraping: https://www.zaubacorp.com/AJAY-AGGARWAL-PROPERTIES-LLP-AAG-0314
[2026-05-14 11:37:51] INFO     [Browser] → https://www.zaubacorp.com/AJAY-AGGARWAL-PROPERTIES-LLP-AAG-0314
[2026-05-14 11:38:00] DEBUG    Raw HTML saved to /home/santhosh/dev/zauba_scraper/raw_html/company_page.html
[2026-05-14 11:38:00] WARNING  Attempt 1/3 blocked or empty for https://www.zaubacorp.com/AJAY-AGGARWAL-PROPERTIES-LLP-AAG-0314
[2026-05-14 11:38:00] DEBUG    Backing off 7.6s before retry
[2026-05-14 11:38:08] INFO     [Browser] → https://www.zaubacorp.com/AJAY-AGGARWAL-PROPERTIES-LLP-AAG-0314
[2026-05-14 11:38:17] DEBUG    Raw HTML saved to /home/santhosh/dev/zauba_scraper/raw_html/company_page.html
[2026-05-14 11:38:17] WARNING  Attempt 2/3 blocked or empty for https://www.zaubacorp.com/AJAY-AGGARWAL-PROPERTIES-LLP-AAG-0314
[2026-05-14 11:38:17] DEBUG    Backing off 11.5s before retry
[2026-05-14 11:38:28] INFO     [Browser] → https://www.zaubacorp.com/AJAY-AGGARWAL-PROPERTIES-LLP-AAG-0314
[2026-05-14 11:38:37] DEBUG    Raw HTML saved to /home/santhosh/dev/zauba_scraper/raw_html/company_page.html
[2026-05-14 11:38:37] WARNING  Attempt 3/3 blocked or empty for https://www.zaubacorp.com/AJAY-AGGARWAL-PROPERTIES-LLP-AAG-0314
[2026-05-14 11:38:37] ERROR    Permanently blocked for https://www.zaubacorp.com/AJAY-AGGARWAL-PROPERTIES-LLP-AAG-0314
[2026-05-14 11:38:41] INFO     [6/100] Processing ...
[2026-05-14 11:38:41] INFO     Scraping: https://www.zaubacorp.com/BEFREE-BUSINESS-RESOURCING-LLP-AAG-4170
[2026-05-14 11:38:41] INFO     [Browser] → https://www.zaubacorp.com/BEFREE-BUSINESS-RESOURCING-LLP-AAG-4170
[2026-05-14 11:38:51] DEBUG    Raw HTML saved to /home/santhosh/dev/zauba_scraper/raw_html/company_page.html
[2026-05-14 11:38:51] WARNING  Attempt 1/3 blocked or empty for https://www.zaubacorp.com/BEFREE-BUSINESS-RESOURCING-LLP-AAG-4170
[2026-05-14 11:38:51] DEBUG    Backing off 7.6s before retry
[2026-05-14 11:38:58] INFO     [Browser] → https://www.zaubacorp.com/BEFREE-BUSINESS-RESOURCING-LLP-AAG-4170
[2026-05-14 11:39:08] DEBUG    Raw HTML saved to /home/santhosh/dev/zauba_scraper/raw_html/company_page.html
[2026-05-14 11:39:08] WARNING  Attempt 2/3 blocked or empty for https://www.zaubacorp.com/BEFREE-BUSINESS-RESOURCING-LLP-AAG-4170
[2026-05-14 11:39:08] DEBUG    Backing off 12.1s before retry
[2026-05-14 11:39:20] INFO     [Browser] → https://www.zaubacorp.com/BEFREE-BUSINESS-RESOURCING-LLP-AAG-4170
[2026-05-14 11:39:29] DEBUG    Raw HTML saved to /home/santhosh/dev/zauba_scraper/raw_html/company_page.html
[2026-05-14 11:39:29] WARNING  Attempt 3/3 blocked or empty for https://www.zaubacorp.com/BEFREE-BUSINESS-RESOURCING-LLP-AAG-4170
[2026-05-14 11:39:29] ERROR    Permanently blocked for https://www.zaubacorp.com/BEFREE-BUSINESS-RESOURCING-LLP-AAG-4170
[2026-05-14 11:39:32] INFO     [7/100] Processing ...
[2026-05-14 11:39:32] INFO     Scraping: https://www.zaubacorp.com/VIRAT-PROMOTERS-LLP-AAG-4332
[2026-05-14 11:39:32] INFO     [Browser] → https://www.zaubacorp.com/VIRAT-PROMOTERS-LLP-AAG-4332
[2026-05-14 11:39:43] DEBUG    Raw HTML saved to /home/santhosh/dev/zauba_scraper/raw_html/company_page.html
[2026-05-14 11:39:43] WARNING  Attempt 1/3 blocked or empty for https://www.zaubacorp.com/VIRAT-PROMOTERS-LLP-AAG-4332
[2026-05-14 11:39:43] DEBUG    Backing off 5.9s before retry
[2026-05-14 11:39:49] INFO     [Browser] → https://www.zaubacorp.com/VIRAT-PROMOTERS-LLP-AAG-4332
[2026-05-14 11:39:59] DEBUG    Raw HTML saved to /home/santhosh/dev/zauba_scraper/raw_html/company_page.html
[2026-05-14 11:39:59] WARNING  Attempt 2/3 blocked or empty for https://www.zaubacorp.com/VIRAT-PROMOTERS-LLP-AAG-4332
[2026-05-14 11:39:59] DEBUG    Backing off 10.8s before retry
[2026-05-14 11:40:10] INFO     [Browser] → https://www.zaubacorp.com/VIRAT-PROMOTERS-LLP-AAG-4332
[2026-05-14 11:40:20] DEBUG    Raw HTML saved to /home/santhosh/dev/zauba_scraper/raw_html/company_page.html
[2026-05-14 11:40:20] WARNING  Attempt 3/3 blocked or empty for https://www.zaubacorp.com/VIRAT-PROMOTERS-LLP-AAG-4332
[2026-05-14 11:40:20] ERROR    Permanently blocked for https://www.zaubacorp.com/VIRAT-PROMOTERS-LLP-AAG-4332
[2026-05-14 11:40:23] INFO     [8/100] Processing ...
[2026-05-14 11:40:23] INFO     Scraping: https://www.zaubacorp.com/SRI-KRISHNA-FREEHOLD-LLP-AAF-2865
[2026-05-14 11:40:23] INFO     [Browser] → https://www.zaubacorp.com/SRI-KRISHNA-FREEHOLD-LLP-AAF-2865
[2026-05-14 11:40:32] DEBUG    Raw HTML saved to /home/santhosh/dev/zauba_scraper/raw_html/company_page.html
[2026-05-14 11:40:32] WARNING  Attempt 1/3 blocked or empty for https://www.zaubacorp.com/SRI-KRISHNA-FREEHOLD-LLP-AAF-2865
[2026-05-14 11:40:32] DEBUG    Backing off 5.0s before retry
[2026-05-14 11:40:37] INFO     [Browser] → https://www.zaubacorp.com/SRI-KRISHNA-FREEHOLD-LLP-AAF-2865
[2026-05-14 11:40:47] DEBUG    Raw HTML saved to /home/santhosh/dev/zauba_scraper/raw_html/company_page.html
[2026-05-14 11:40:47] WARNING  Attempt 2/3 blocked or empty for https://www.zaubacorp.com/SRI-KRISHNA-FREEHOLD-LLP-AAF-2865
[2026-05-14 11:40:47] DEBUG    Backing off 12.3s before retry
[2026-05-14 11:40:59] INFO     [Browser] → https://www.zaubacorp.com/SRI-KRISHNA-FREEHOLD-LLP-AAF-2865
[2026-05-14 11:41:08] DEBUG    Raw HTML saved to /home/santhosh/dev/zauba_scraper/raw_html/company_page.html
[2026-05-14 11:41:08] WARNING  Attempt 3/3 blocked or empty for https://www.zaubacorp.com/SRI-KRISHNA-FREEHOLD-LLP-AAF-2865
[2026-05-14 11:41:08] ERROR    Permanently blocked for https://www.zaubacorp.com/SRI-KRISHNA-FREEHOLD-LLP-AAF-2865
[2026-05-14 11:41:11] INFO     [9/100] Processing ...
[2026-05-14 11:41:11] INFO     Scraping: https://www.zaubacorp.com/SOLSKEN-ENERGY-LLP-AAF-1860
[2026-05-14 11:41:11] INFO     [Browser] → https://www.zaubacorp.com/SOLSKEN-ENERGY-LLP-AAF-1860
[2026-05-14 11:41:20] DEBUG    Raw HTML saved to /home/santhosh/dev/zauba_scraper/raw_html/company_page.html
[2026-05-14 11:41:20] WARNING  Attempt 1/3 blocked or empty for https://www.zaubacorp.com/SOLSKEN-ENERGY-LLP-AAF-1860
[2026-05-14 11:41:20] DEBUG    Backing off 5.9s before retry
[2026-05-14 11:41:26] INFO     [Browser] → https://www.zaubacorp.com/SOLSKEN-ENERGY-LLP-AAF-1860
[2026-05-14 11:41:36] DEBUG    Raw HTML saved to /home/santhosh/dev/zauba_scraper/raw_html/company_page.html
[2026-05-14 11:41:36] WARNING  Attempt 2/3 blocked or empty for https://www.zaubacorp.com/SOLSKEN-ENERGY-LLP-AAF-1860
[2026-05-14 11:41:36] DEBUG    Backing off 10.7s before retry
[2026-05-14 11:41:47] INFO     [Browser] → https://www.zaubacorp.com/SOLSKEN-ENERGY-LLP-AAF-1860
[2026-05-14 11:41:56] DEBUG    Raw HTML saved to /home/santhosh/dev/zauba_scraper/raw_html/company_page.html
[2026-05-14 11:41:56] WARNING  Attempt 3/3 blocked or empty for https://www.zaubacorp.com/SOLSKEN-ENERGY-LLP-AAF-1860
[2026-05-14 11:41:56] ERROR    Permanently blocked for https://www.zaubacorp.com/SOLSKEN-ENERGY-LLP-AAF-1860
[2026-05-14 11:41:59] INFO     [10/100] Processing ...
[2026-05-14 11:41:59] INFO     Scraping: https://www.zaubacorp.com/REINA-CONSULTING-LLP-AAE-9623
[2026-05-14 11:41:59] INFO     [Browser] → https://www.zaubacorp.com/REINA-CONSULTING-LLP-AAE-9623
[2026-05-14 11:42:08] DEBUG    Raw HTML saved to /home/santhosh/dev/zauba_scraper/raw_html/company_page.html
[2026-05-14 11:42:08] WARNING  Attempt 1/3 blocked or empty for https://www.zaubacorp.com/REINA-CONSULTING-LLP-AAE-9623
[2026-05-14 11:42:08] DEBUG    Backing off 7.1s before retry
[2026-05-14 11:42:15] INFO     [Browser] → https://www.zaubacorp.com/REINA-CONSULTING-LLP-AAE-9623
[2026-05-14 11:42:24] DEBUG    Raw HTML saved to /home/santhosh/dev/zauba_scraper/raw_html/company_page.html
[2026-05-14 11:42:24] WARNING  Attempt 2/3 blocked or empty for https://www.zaubacorp.com/REINA-CONSULTING-LLP-AAE-9623
[2026-05-14 11:42:24] DEBUG    Backing off 11.4s before retry
[2026-05-14 11:42:35] INFO     [Browser] → https://www.zaubacorp.com/REINA-CONSULTING-LLP-AAE-9623
[2026-05-14 11:42:45] DEBUG    Raw HTML saved to /home/santhosh/dev/zauba_scraper/raw_html/company_page.html
[2026-05-14 11:42:45] WARNING  Attempt 3/3 blocked or empty for https://www.zaubacorp.com/REINA-CONSULTING-LLP-AAE-9623
[2026-05-14 11:42:45] ERROR    Permanently blocked for https://www.zaubacorp.com/REINA-CONSULTING-LLP-AAE-9623
[2026-05-14 11:42:49] INFO     [11/100] Processing ...
[2026-05-14 11:42:49] INFO     Scraping: https://www.zaubacorp.com/SAFARI-BIKES-PRIVATE-LIMITED-U35921PB1995PTC017379
[2026-05-14 11:42:49] INFO     [Browser] → https://www.zaubacorp.com/SAFARI-BIKES-PRIVATE-LIMITED-U35921PB1995PTC017379
[2026-05-14 11:42:58] DEBUG    Raw HTML saved to /home/santhosh/dev/zauba_scraper/raw_html/company_page.html
[2026-05-14 11:42:58] WARNING  Attempt 1/3 blocked or empty for https://www.zaubacorp.com/SAFARI-BIKES-PRIVATE-LIMITED-U35921PB1995PTC017379
[2026-05-14 11:42:58] DEBUG    Backing off 5.7s before retry
[2026-05-14 11:43:04] INFO     [Browser] → https://www.zaubacorp.com/SAFARI-BIKES-PRIVATE-LIMITED-U35921PB1995PTC017379
[2026-05-14 11:43:13] DEBUG    Raw HTML saved to /home/santhosh/dev/zauba_scraper/raw_html/company_page.html
[2026-05-14 11:43:13] WARNING  Attempt 2/3 blocked or empty for https://www.zaubacorp.com/SAFARI-BIKES-PRIVATE-LIMITED-U35921PB1995PTC017379
[2026-05-14 11:43:13] DEBUG    Backing off 10.7s before retry
[2026-05-14 11:43:24] INFO     [Browser] → https://www.zaubacorp.com/SAFARI-BIKES-PRIVATE-LIMITED-U35921PB1995PTC017379
[2026-05-14 11:43:33] DEBUG    Raw HTML saved to /home/santhosh/dev/zauba_scraper/raw_html/company_page.html
[2026-05-14 11:43:33] WARNING  Attempt 3/3 blocked or empty for https://www.zaubacorp.com/SAFARI-BIKES-PRIVATE-LIMITED-U35921PB1995PTC017379
[2026-05-14 11:43:33] ERROR    Permanently blocked for https://www.zaubacorp.com/SAFARI-BIKES-PRIVATE-LIMITED-U35921PB1995PTC017379
[2026-05-14 11:43:37] INFO     [12/100] Processing ...
[2026-05-14 11:43:37] INFO     Scraping: https://www.zaubacorp.com/NCORE-TECHNOLOGY-PVT-LTD-U72200TG1990PTC011250
[2026-05-14 11:43:37] INFO     [Browser] → https://www.zaubacorp.com/NCORE-TECHNOLOGY-PVT-LTD-U72200TG1990PTC011250
[2026-05-14 11:43:45] DEBUG    Raw HTML saved to /home/santhosh/dev/zauba_scraper/raw_html/company_page.html
[2026-05-14 11:43:45] WARNING  Attempt 1/3 blocked or empty for https://www.zaubacorp.com/NCORE-TECHNOLOGY-PVT-LTD-U72200TG1990PTC011250
[2026-05-14 11:43:45] DEBUG    Backing off 6.9s before retry
[2026-05-14 11:43:52] INFO     [Browser] → https://www.zaubacorp.com/NCORE-TECHNOLOGY-PVT-LTD-U72200TG1990PTC011250
[2026-05-14 11:44:01] DEBUG    Raw HTML saved to /home/santhosh/dev/zauba_scraper/raw_html/company_page.html
[2026-05-14 11:44:01] WARNING  Attempt 2/3 blocked or empty for https://www.zaubacorp.com/NCORE-TECHNOLOGY-PVT-LTD-U72200TG1990PTC011250
[2026-05-14 11:44:01] DEBUG    Backing off 11.5s before retry
[2026-05-14 11:44:13] INFO     [Browser] → https://www.zaubacorp.com/NCORE-TECHNOLOGY-PVT-LTD-U72200TG1990PTC011250
[2026-05-14 11:44:23] DEBUG    Raw HTML saved to /home/santhosh/dev/zauba_scraper/raw_html/company_page.html
[2026-05-14 11:44:23] WARNING  Attempt 3/3 blocked or empty for https://www.zaubacorp.com/NCORE-TECHNOLOGY-PVT-LTD-U72200TG1990PTC011250
[2026-05-14 11:44:23] ERROR    Permanently blocked for https://www.zaubacorp.com/NCORE-TECHNOLOGY-PVT-LTD-U72200TG1990PTC011250
[2026-05-14 11:44:25] INFO     [13/100] Processing ...
[2026-05-14 11:44:25] INFO     Scraping: https://www.zaubacorp.com/AKHEALTH-BUSINESS-SOLUTION-PRIVATE-LIMITED-U74999PN2017PTC172044
[2026-05-14 11:44:25] INFO     [Browser] → https://www.zaubacorp.com/AKHEALTH-BUSINESS-SOLUTION-PRIVATE-LIMITED-U74999PN2017PTC172044
[2026-05-14 11:44:34] DEBUG    Raw HTML saved to /home/santhosh/dev/zauba_scraper/raw_html/company_page.html
[2026-05-14 11:44:34] WARNING  Attempt 1/3 blocked or empty for https://www.zaubacorp.com/AKHEALTH-BUSINESS-SOLUTION-PRIVATE-LIMITED-U74999PN2017PTC172044
[2026-05-14 11:44:34] DEBUG    Backing off 6.6s before retry
[2026-05-14 11:44:41] INFO     [Browser] → https://www.zaubacorp.com/AKHEALTH-BUSINESS-SOLUTION-PRIVATE-LIMITED-U74999PN2017PTC172044
[2026-05-14 11:44:50] DEBUG    Raw HTML saved to /home/santhosh/dev/zauba_scraper/raw_html/company_page.html
[2026-05-14 11:44:50] WARNING  Attempt 2/3 blocked or empty for https://www.zaubacorp.com/AKHEALTH-BUSINESS-SOLUTION-PRIVATE-LIMITED-U74999PN2017PTC172044
[2026-05-14 11:44:50] DEBUG    Backing off 11.5s before retry
[2026-05-14 11:45:02] INFO     [Browser] → https://www.zaubacorp.com/AKHEALTH-BUSINESS-SOLUTION-PRIVATE-LIMITED-U74999PN2017PTC172044
[2026-05-14 11:45:10] DEBUG    Raw HTML saved to /home/santhosh/dev/zauba_scraper/raw_html/company_page.html
[2026-05-14 11:45:10] WARNING  Attempt 3/3 blocked or empty for https://www.zaubacorp.com/AKHEALTH-BUSINESS-SOLUTION-PRIVATE-LIMITED-U74999PN2017PTC172044
[2026-05-14 11:45:10] ERROR    Permanently blocked for https://www.zaubacorp.com/AKHEALTH-BUSINESS-SOLUTION-PRIVATE-LIMITED-U74999PN2017PTC172044
[2026-05-14 11:45:15] INFO     [14/100] Processing ...
[2026-05-14 11:45:15] INFO     Scraping: https://www.zaubacorp.com/SUPREME-HEATREATERS-PVT-LTD-U99999MH1987PTC043205
[2026-05-14 11:45:15] INFO     [Browser] → https://www.zaubacorp.com/SUPREME-HEATREATERS-PVT-LTD-U99999MH1987PTC043205
[2026-05-14 11:45:25] DEBUG    Raw HTML saved to /home/santhosh/dev/zauba_scraper/raw_html/company_page.html
[2026-05-14 11:45:25] WARNING  Attempt 1/3 blocked or empty for https://www.zaubacorp.com/SUPREME-HEATREATERS-PVT-LTD-U99999MH1987PTC043205
[2026-05-14 11:45:25] DEBUG    Backing off 5.4s before retry
[2026-05-14 11:45:30] INFO     [Browser] → https://www.zaubacorp.com/SUPREME-HEATREATERS-PVT-LTD-U99999MH1987PTC043205
[2026-05-14 11:45:40] DEBUG    Raw HTML saved to /home/santhosh/dev/zauba_scraper/raw_html/company_page.html
[2026-05-14 11:45:40] WARNING  Attempt 2/3 blocked or empty for https://www.zaubacorp.com/SUPREME-HEATREATERS-PVT-LTD-U99999MH1987PTC043205
[2026-05-14 11:45:40] DEBUG    Backing off 13.0s before retry
[2026-05-14 11:45:53] INFO     [Browser] → https://www.zaubacorp.com/SUPREME-HEATREATERS-PVT-LTD-U99999MH1987PTC043205
[2026-05-14 11:46:03] DEBUG    Raw HTML saved to /home/santhosh/dev/zauba_scraper/raw_html/company_page.html
[2026-05-14 11:46:03] WARNING  Attempt 3/3 blocked or empty for https://www.zaubacorp.com/SUPREME-HEATREATERS-PVT-LTD-U99999MH1987PTC043205
[2026-05-14 11:46:03] ERROR    Permanently blocked for https://www.zaubacorp.com/SUPREME-HEATREATERS-PVT-LTD-U99999MH1987PTC043205
[2026-05-14 11:46:07] INFO     [15/100] Processing ...
[2026-05-14 11:46:07] INFO     Scraping: https://www.zaubacorp.com/PWC-STRATEGY-AND-INDIA-PRIVATE-LIMITED-U74990MH2009FTC194075
[2026-05-14 11:46:07] INFO     [Browser] → https://www.zaubacorp.com/PWC-STRATEGY-AND-INDIA-PRIVATE-LIMITED-U74990MH2009FTC194075
[2026-05-14 11:46:16] DEBUG    Raw HTML saved to /home/santhosh/dev/zauba_scraper/raw_html/company_page.html
[2026-05-14 11:46:16] WARNING  Attempt 1/3 blocked or empty for https://www.zaubacorp.com/PWC-STRATEGY-AND-INDIA-PRIVATE-LIMITED-U74990MH2009FTC194075
[2026-05-14 11:46:16] DEBUG    Backing off 5.6s before retry
[2026-05-14 11:46:22] INFO     [Browser] → https://www.zaubacorp.com/PWC-STRATEGY-AND-INDIA-PRIVATE-LIMITED-U74990MH2009FTC194075
[2026-05-14 11:46:30] DEBUG    Raw HTML saved to /home/santhosh/dev/zauba_scraper/raw_html/company_page.html
[2026-05-14 11:46:30] WARNING  Attempt 2/3 blocked or empty for https://www.zaubacorp.com/PWC-STRATEGY-AND-INDIA-PRIVATE-LIMITED-U74990MH2009FTC194075
[2026-05-14 11:46:30] DEBUG    Backing off 12.3s before retry
[2026-05-14 11:46:42] INFO     [Browser] → https://www.zaubacorp.com/PWC-STRATEGY-AND-INDIA-PRIVATE-LIMITED-U74990MH2009FTC194075
[2026-05-14 11:46:52] DEBUG    Raw HTML saved to /home/santhosh/dev/zauba_scraper/raw_html/company_page.html
[2026-05-14 11:46:52] WARNING  Attempt 3/3 blocked or empty for https://www.zaubacorp.com/PWC-STRATEGY-AND-INDIA-PRIVATE-LIMITED-U74990MH2009FTC194075
[2026-05-14 11:46:52] ERROR    Permanently blocked for https://www.zaubacorp.com/PWC-STRATEGY-AND-INDIA-PRIVATE-LIMITED-U74990MH2009FTC194075
[2026-05-14 11:46:55] INFO     [16/100] Processing ...
[2026-05-14 11:46:55] INFO     Scraping: https://www.zaubacorp.com/PROLOGY-IT-SOLUTIONS-PRIVATE-LIMITED-U74120MH2014PTC258481
[2026-05-14 11:46:55] INFO     [Browser] → https://www.zaubacorp.com/PROLOGY-IT-SOLUTIONS-PRIVATE-LIMITED-U74120MH2014PTC258481
[2026-05-14 11:47:03] DEBUG    Raw HTML saved to /home/santhosh/dev/zauba_scraper/raw_html/company_page.html
[2026-05-14 11:47:03] WARNING  Attempt 1/3 blocked or empty for https://www.zaubacorp.com/PROLOGY-IT-SOLUTIONS-PRIVATE-LIMITED-U74120MH2014PTC258481
[2026-05-14 11:47:03] DEBUG    Backing off 6.8s before retry
[2026-05-14 11:47:10] INFO     [Browser] → https://www.zaubacorp.com/PROLOGY-IT-SOLUTIONS-PRIVATE-LIMITED-U74120MH2014PTC258481
[2026-05-14 11:47:19] DEBUG    Raw HTML saved to /home/santhosh/dev/zauba_scraper/raw_html/company_page.html
[2026-05-14 11:47:19] WARNING  Attempt 2/3 blocked or empty for https://www.zaubacorp.com/PROLOGY-IT-SOLUTIONS-PRIVATE-LIMITED-U74120MH2014PTC258481
[2026-05-14 11:47:19] DEBUG    Backing off 11.2s before retry
[2026-05-14 11:47:30] INFO     [Browser] → https://www.zaubacorp.com/PROLOGY-IT-SOLUTIONS-PRIVATE-LIMITED-U74120MH2014PTC258481
[2026-05-14 11:47:40] DEBUG    Raw HTML saved to /home/santhosh/dev/zauba_scraper/raw_html/company_page.html
[2026-05-14 11:47:40] WARNING  Attempt 3/3 blocked or empty for https://www.zaubacorp.com/PROLOGY-IT-SOLUTIONS-PRIVATE-LIMITED-U74120MH2014PTC258481
[2026-05-14 11:47:40] ERROR    Permanently blocked for https://www.zaubacorp.com/PROLOGY-IT-SOLUTIONS-PRIVATE-LIMITED-U74120MH2014PTC258481
[2026-05-14 11:47:44] INFO     [17/100] Processing ...
[2026-05-14 11:47:44] INFO     Scraping: https://www.zaubacorp.com/DIVIJ-REALTY-PRIVATE-LIMITED-U70100MH2005PTC153743
[2026-05-14 11:47:44] INFO     [Browser] → https://www.zaubacorp.com/DIVIJ-REALTY-PRIVATE-LIMITED-U70100MH2005PTC153743
[2026-05-14 11:47:53] DEBUG    Raw HTML saved to /home/santhosh/dev/zauba_scraper/raw_html/company_page.html
[2026-05-14 11:47:53] WARNING  Attempt 1/3 blocked or empty for https://www.zaubacorp.com/DIVIJ-REALTY-PRIVATE-LIMITED-U70100MH2005PTC153743
[2026-05-14 11:47:53] DEBUG    Backing off 7.6s before retry
[2026-05-14 11:48:00] INFO     [Browser] → https://www.zaubacorp.com/DIVIJ-REALTY-PRIVATE-LIMITED-U70100MH2005PTC153743
[2026-05-14 11:48:09] DEBUG    Raw HTML saved to /home/santhosh/dev/zauba_scraper/raw_html/company_page.html
[2026-05-14 11:48:09] WARNING  Attempt 2/3 blocked or empty for https://www.zaubacorp.com/DIVIJ-REALTY-PRIVATE-LIMITED-U70100MH2005PTC153743
[2026-05-14 11:48:09] DEBUG    Backing off 10.8s before retry
[2026-05-14 11:48:20] INFO     [Browser] → https://www.zaubacorp.com/DIVIJ-REALTY-PRIVATE-LIMITED-U70100MH2005PTC153743
[2026-05-14 11:48:29] DEBUG    Raw HTML saved to /home/santhosh/dev/zauba_scraper/raw_html/company_page.html
[2026-05-14 11:48:29] WARNING  Attempt 3/3 blocked or empty for https://www.zaubacorp.com/DIVIJ-REALTY-PRIVATE-LIMITED-U70100MH2005PTC153743
[2026-05-14 11:48:29] ERROR    Permanently blocked for https://www.zaubacorp.com/DIVIJ-REALTY-PRIVATE-LIMITED-U70100MH2005PTC153743
[2026-05-14 11:48:32] INFO     [18/100] Processing ...
[2026-05-14 11:48:32] INFO     Scraping: https://www.zaubacorp.com/RADIOHMS-AGENCIES-PRIVATE-LIMITED-U51100MH2005PTC150698
[2026-05-14 11:48:32] INFO     [Browser] → https://www.zaubacorp.com/RADIOHMS-AGENCIES-PRIVATE-LIMITED-U51100MH2005PTC150698
[2026-05-14 11:48:42] DEBUG    Raw HTML saved to /home/santhosh/dev/zauba_scraper/raw_html/company_page.html
[2026-05-14 11:48:42] WARNING  Attempt 1/3 blocked or empty for https://www.zaubacorp.com/RADIOHMS-AGENCIES-PRIVATE-LIMITED-U51100MH2005PTC150698
[2026-05-14 11:48:42] DEBUG    Backing off 6.5s before retry
[2026-05-14 11:48:48] INFO     [Browser] → https://www.zaubacorp.com/RADIOHMS-AGENCIES-PRIVATE-LIMITED-U51100MH2005PTC150698
[2026-05-14 11:48:57] DEBUG    Raw HTML saved to /home/santhosh/dev/zauba_scraper/raw_html/company_page.html
[2026-05-14 11:48:57] WARNING  Attempt 2/3 blocked or empty for https://www.zaubacorp.com/RADIOHMS-AGENCIES-PRIVATE-LIMITED-U51100MH2005PTC150698
[2026-05-14 11:48:57] DEBUG    Backing off 12.3s before retry
[2026-05-14 11:49:09] INFO     [Browser] → https://www.zaubacorp.com/RADIOHMS-AGENCIES-PRIVATE-LIMITED-U51100MH2005PTC150698
[2026-05-14 11:49:18] DEBUG    Raw HTML saved to /home/santhosh/dev/zauba_scraper/raw_html/company_page.html
[2026-05-14 11:49:18] WARNING  Attempt 3/3 blocked or empty for https://www.zaubacorp.com/RADIOHMS-AGENCIES-PRIVATE-LIMITED-U51100MH2005PTC150698
[2026-05-14 11:49:18] ERROR    Permanently blocked for https://www.zaubacorp.com/RADIOHMS-AGENCIES-PRIVATE-LIMITED-U51100MH2005PTC150698
[2026-05-14 11:49:21] INFO     [19/100] Processing ...
[2026-05-14 11:49:21] INFO     Scraping: https://www.zaubacorp.com/BLUE-CIRCLE-ORGANICS-PRIVATE-LIMITED-U24299MH2003PTC139929
[2026-05-14 11:49:21] INFO     [Browser] → https://www.zaubacorp.com/BLUE-CIRCLE-ORGANICS-PRIVATE-LIMITED-U24299MH2003PTC139929
[2026-05-14 11:49:30] DEBUG    Raw HTML saved to /home/santhosh/dev/zauba_scraper/raw_html/company_page.html
[2026-05-14 11:49:30] WARNING  Attempt 1/3 blocked or empty for https://www.zaubacorp.com/BLUE-CIRCLE-ORGANICS-PRIVATE-LIMITED-U24299MH2003PTC139929
[2026-05-14 11:49:30] DEBUG    Backing off 7.4s before retry
[2026-05-14 11:49:38] INFO     [Browser] → https://www.zaubacorp.com/BLUE-CIRCLE-ORGANICS-PRIVATE-LIMITED-U24299MH2003PTC139929
[2026-05-14 11:49:46] DEBUG    Raw HTML saved to /home/santhosh/dev/zauba_scraper/raw_html/company_page.html
[2026-05-14 11:49:46] WARNING  Attempt 2/3 blocked or empty for https://www.zaubacorp.com/BLUE-CIRCLE-ORGANICS-PRIVATE-LIMITED-U24299MH2003PTC139929
[2026-05-14 11:49:46] DEBUG    Backing off 11.0s before retry
[2026-05-14 11:49:57] INFO     [Browser] → https://www.zaubacorp.com/BLUE-CIRCLE-ORGANICS-PRIVATE-LIMITED-U24299MH2003PTC139929
[2026-05-14 11:50:06] DEBUG    Raw HTML saved to /home/santhosh/dev/zauba_scraper/raw_html/company_page.html
[2026-05-14 11:50:06] WARNING  Attempt 3/3 blocked or empty for https://www.zaubacorp.com/BLUE-CIRCLE-ORGANICS-PRIVATE-LIMITED-U24299MH2003PTC139929
[2026-05-14 11:50:06] ERROR    Permanently blocked for https://www.zaubacorp.com/BLUE-CIRCLE-ORGANICS-PRIVATE-LIMITED-U24299MH2003PTC139929
[2026-05-14 11:50:09] INFO     [20/100] Processing ...
[2026-05-14 11:50:09] INFO     Scraping: https://www.zaubacorp.com/VISHWAKARMA-TREXIM-PVT-LTD-U51109WB1994PTC062270
[2026-05-14 11:50:09] INFO     [Browser] → https://www.zaubacorp.com/VISHWAKARMA-TREXIM-PVT-LTD-U51109WB1994PTC062270
[2026-05-14 11:50:18] DEBUG    Raw HTML saved to /home/santhosh/dev/zauba_scraper/raw_html/company_page.html
[2026-05-14 11:50:18] WARNING  Attempt 1/3 blocked or empty for https://www.zaubacorp.com/VISHWAKARMA-TREXIM-PVT-LTD-U51109WB1994PTC062270
[2026-05-14 11:50:18] DEBUG    Backing off 5.1s before retry
[2026-05-14 11:50:23] INFO     [Browser] → https://www.zaubacorp.com/VISHWAKARMA-TREXIM-PVT-LTD-U51109WB1994PTC062270
[2026-05-14 11:50:32] DEBUG    Raw HTML saved to /home/santhosh/dev/zauba_scraper/raw_html/company_page.html
[2026-05-14 11:50:32] WARNING  Attempt 2/3 blocked or empty for https://www.zaubacorp.com/VISHWAKARMA-TREXIM-PVT-LTD-U51109WB1994PTC062270
[2026-05-14 11:50:32] DEBUG    Backing off 12.3s before retry
[2026-05-14 11:50:44] INFO     [Browser] → https://www.zaubacorp.com/VISHWAKARMA-TREXIM-PVT-LTD-U51109WB1994PTC062270
[2026-05-14 11:50:53] DEBUG    Raw HTML saved to /home/santhosh/dev/zauba_scraper/raw_html/company_page.html
[2026-05-14 11:50:53] WARNING  Attempt 3/3 blocked or empty for https://www.zaubacorp.com/VISHWAKARMA-TREXIM-PVT-LTD-U51109WB1994PTC062270
[2026-05-14 11:50:53] ERROR    Permanently blocked for https://www.zaubacorp.com/VISHWAKARMA-TREXIM-PVT-LTD-U51109WB1994PTC062270
[2026-05-14 11:50:56] INFO     [21/100] Processing ...
[2026-05-14 11:50:56] INFO     Scraping: https://www.zaubacorp.com/ANANYA-INVESTMENTS-PRIVATE-LIMITED-U65990GJ1980PTC003888
[2026-05-14 11:50:56] INFO     [Browser] → https://www.zaubacorp.com/ANANYA-INVESTMENTS-PRIVATE-LIMITED-U65990GJ1980PTC003888
[2026-05-14 11:51:05] DEBUG    Raw HTML saved to /home/santhosh/dev/zauba_scraper/raw_html/company_page.html
[2026-05-14 11:51:05] WARNING  Attempt 1/3 blocked or empty for https://www.zaubacorp.com/ANANYA-INVESTMENTS-PRIVATE-LIMITED-U65990GJ1980PTC003888
[2026-05-14 11:51:05] DEBUG    Backing off 7.8s before retry
[2026-05-14 11:51:13] INFO     [Browser] → https://www.zaubacorp.com/ANANYA-INVESTMENTS-PRIVATE-LIMITED-U65990GJ1980PTC003888
[2026-05-14 11:51:23] DEBUG    Raw HTML saved to /home/santhosh/dev/zauba_scraper/raw_html/company_page.html
[2026-05-14 11:51:23] WARNING  Attempt 2/3 blocked or empty for https://www.zaubacorp.com/ANANYA-INVESTMENTS-PRIVATE-LIMITED-U65990GJ1980PTC003888
[2026-05-14 11:51:23] DEBUG    Backing off 10.8s before retry
[2026-05-14 11:51:33] INFO     [Browser] → https://www.zaubacorp.com/ANANYA-INVESTMENTS-PRIVATE-LIMITED-U65990GJ1980PTC003888
[2026-05-14 11:51:43] DEBUG    Raw HTML saved to /home/santhosh/dev/zauba_scraper/raw_html/company_page.html
[2026-05-14 11:51:43] WARNING  Attempt 3/3 blocked or empty for https://www.zaubacorp.com/ANANYA-INVESTMENTS-PRIVATE-LIMITED-U65990GJ1980PTC003888
[2026-05-14 11:51:43] ERROR    Permanently blocked for https://www.zaubacorp.com/ANANYA-INVESTMENTS-PRIVATE-LIMITED-U65990GJ1980PTC003888
[2026-05-14 11:51:45] INFO     [22/100] Processing ...
[2026-05-14 11:51:45] INFO     Scraping: https://www.zaubacorp.com/DRESDNER-KLEINWORT-WASSERSTEIN-SECURITIES-INDIA-PRIVATE-LIMITED-U67120MH1993PTC075675
[2026-05-14 11:51:45] INFO     [Browser] → https://www.zaubacorp.com/DRESDNER-KLEINWORT-WASSERSTEIN-SECURITIES-INDIA-PRIVATE-LIMITED-U67120MH1993PTC075675
[2026-05-14 11:51:54] DEBUG    Raw HTML saved to /home/santhosh/dev/zauba_scraper/raw_html/company_page.html
[2026-05-14 11:51:54] WARNING  Attempt 1/3 blocked or empty for https://www.zaubacorp.com/DRESDNER-KLEINWORT-WASSERSTEIN-SECURITIES-INDIA-PRIVATE-LIMITED-U67120MH1993PTC075675
[2026-05-14 11:51:54] DEBUG    Backing off 5.2s before retry
[2026-05-14 11:51:59] INFO     [Browser] → https://www.zaubacorp.com/DRESDNER-KLEINWORT-WASSERSTEIN-SECURITIES-INDIA-PRIVATE-LIMITED-U67120MH1993PTC075675
[2026-05-14 11:52:08] DEBUG    Raw HTML saved to /home/santhosh/dev/zauba_scraper/raw_html/company_page.html
[2026-05-14 11:52:08] WARNING  Attempt 2/3 blocked or empty for https://www.zaubacorp.com/DRESDNER-KLEINWORT-WASSERSTEIN-SECURITIES-INDIA-PRIVATE-LIMITED-U67120MH1993PTC075675
[2026-05-14 11:52:08] DEBUG    Backing off 10.6s before retry
[2026-05-14 11:52:18] INFO     [Browser] → https://www.zaubacorp.com/DRESDNER-KLEINWORT-WASSERSTEIN-SECURITIES-INDIA-PRIVATE-LIMITED-U67120MH1993PTC075675
[2026-05-14 11:52:28] DEBUG    Raw HTML saved to /home/santhosh/dev/zauba_scraper/raw_html/company_page.html
[2026-05-14 11:52:28] WARNING  Attempt 3/3 blocked or empty for https://www.zaubacorp.com/DRESDNER-KLEINWORT-WASSERSTEIN-SECURITIES-INDIA-PRIVATE-LIMITED-U67120MH1993PTC075675
[2026-05-14 11:52:28] ERROR    Permanently blocked for https://www.zaubacorp.com/DRESDNER-KLEINWORT-WASSERSTEIN-SECURITIES-INDIA-PRIVATE-LIMITED-U67120MH1993PTC075675
[2026-05-14 11:52:31] INFO     [23/100] Processing ...
[2026-05-14 11:52:31] INFO     Scraping: https://www.zaubacorp.com/SAITEX-FAB-SAREES-LLP-AAQ-6173
[2026-05-14 11:52:31] INFO     [Browser] → https://www.zaubacorp.com/SAITEX-FAB-SAREES-LLP-AAQ-6173
[2026-05-14 11:52:40] DEBUG    Raw HTML saved to /home/santhosh/dev/zauba_scraper/raw_html/company_page.html
[2026-05-14 11:52:40] WARNING  Attempt 1/3 blocked or empty for https://www.zaubacorp.com/SAITEX-FAB-SAREES-LLP-AAQ-6173
[2026-05-14 11:52:40] DEBUG    Backing off 5.5s before retry
[2026-05-14 11:52:46] INFO     [Browser] → https://www.zaubacorp.com/SAITEX-FAB-SAREES-LLP-AAQ-6173
[2026-05-14 11:52:54] DEBUG    Raw HTML saved to /home/santhosh/dev/zauba_scraper/raw_html/company_page.html
[2026-05-14 11:52:54] WARNING  Attempt 2/3 blocked or empty for https://www.zaubacorp.com/SAITEX-FAB-SAREES-LLP-AAQ-6173
[2026-05-14 11:52:54] DEBUG    Backing off 11.4s before retry
[2026-05-14 11:53:06] INFO     [Browser] → https://www.zaubacorp.com/SAITEX-FAB-SAREES-LLP-AAQ-6173
[2026-05-14 11:53:14] DEBUG    Raw HTML saved to /home/santhosh/dev/zauba_scraper/raw_html/company_page.html
[2026-05-14 11:53:14] WARNING  Attempt 3/3 blocked or empty for https://www.zaubacorp.com/SAITEX-FAB-SAREES-LLP-AAQ-6173
[2026-05-14 11:53:14] ERROR    Permanently blocked for https://www.zaubacorp.com/SAITEX-FAB-SAREES-LLP-AAQ-6173
[2026-05-14 11:53:18] INFO     [24/100] Processing ...
[2026-05-14 11:53:18] INFO     Scraping: https://www.zaubacorp.com/ASPIRE-POWER-PROJECTS-PRIVATE-LIMITED-U40108DL2004PTC125750
[2026-05-14 11:53:18] INFO     [Browser] → https://www.zaubacorp.com/ASPIRE-POWER-PROJECTS-PRIVATE-LIMITED-U40108DL2004PTC125750
[2026-05-14 11:53:26] DEBUG    Raw HTML saved to /home/santhosh/dev/zauba_scraper/raw_html/company_page.html
[2026-05-14 11:53:26] WARNING  Attempt 1/3 blocked or empty for https://www.zaubacorp.com/ASPIRE-POWER-PROJECTS-PRIVATE-LIMITED-U40108DL2004PTC125750
[2026-05-14 11:53:26] DEBUG    Backing off 7.1s before retry
[2026-05-14 11:53:33] INFO     [Browser] → https://www.zaubacorp.com/ASPIRE-POWER-PROJECTS-PRIVATE-LIMITED-U40108DL2004PTC125750
[2026-05-14 11:53:42] DEBUG    Raw HTML saved to /home/santhosh/dev/zauba_scraper/raw_html/company_page.html
[2026-05-14 11:53:42] WARNING  Attempt 2/3 blocked or empty for https://www.zaubacorp.com/ASPIRE-POWER-PROJECTS-PRIVATE-LIMITED-U40108DL2004PTC125750
[2026-05-14 11:53:42] DEBUG    Backing off 10.6s before retry
[2026-05-14 11:53:53] INFO     [Browser] → https://www.zaubacorp.com/ASPIRE-POWER-PROJECTS-PRIVATE-LIMITED-U40108DL2004PTC125750
[2026-05-14 11:54:04] DEBUG    Raw HTML saved to /home/santhosh/dev/zauba_scraper/raw_html/company_page.html
[2026-05-14 11:54:04] WARNING  Attempt 3/3 blocked or empty for https://www.zaubacorp.com/ASPIRE-POWER-PROJECTS-PRIVATE-LIMITED-U40108DL2004PTC125750
[2026-05-14 11:54:04] ERROR    Permanently blocked for https://www.zaubacorp.com/ASPIRE-POWER-PROJECTS-PRIVATE-LIMITED-U40108DL2004PTC125750
[2026-05-14 11:54:06] INFO     [25/100] Processing ...
[2026-05-14 11:54:06] INFO     Scraping: https://www.zaubacorp.com/AL-AMAN-TOURISM-PRIVATE-LIMITED-U63040AP2002PTC039713
[2026-05-14 11:54:06] INFO     [Browser] → https://www.zaubacorp.com/AL-AMAN-TOURISM-PRIVATE-LIMITED-U63040AP2002PTC039713
[2026-05-14 11:54:15] DEBUG    Raw HTML saved to /home/santhosh/dev/zauba_scraper/raw_html/company_page.html
[2026-05-14 11:54:15] WARNING  Attempt 1/3 blocked or empty for https://www.zaubacorp.com/AL-AMAN-TOURISM-PRIVATE-LIMITED-U63040AP2002PTC039713
[2026-05-14 11:54:15] DEBUG    Backing off 6.9s before retry
[2026-05-14 11:54:22] INFO     [Browser] → https://www.zaubacorp.com/AL-AMAN-TOURISM-PRIVATE-LIMITED-U63040AP2002PTC039713
[2026-05-14 11:54:31] DEBUG    Raw HTML saved to /home/santhosh/dev/zauba_scraper/raw_html/company_page.html
[2026-05-14 11:54:31] WARNING  Attempt 2/3 blocked or empty for https://www.zaubacorp.com/AL-AMAN-TOURISM-PRIVATE-LIMITED-U63040AP2002PTC039713
[2026-05-14 11:54:31] DEBUG    Backing off 11.0s before retry
[2026-05-14 11:54:42] INFO     [Browser] → https://www.zaubacorp.com/AL-AMAN-TOURISM-PRIVATE-LIMITED-U63040AP2002PTC039713
[2026-05-14 11:54:51] DEBUG    Raw HTML saved to /home/santhosh/dev/zauba_scraper/raw_html/company_page.html
[2026-05-14 11:54:51] WARNING  Attempt 3/3 blocked or empty for https://www.zaubacorp.com/AL-AMAN-TOURISM-PRIVATE-LIMITED-U63040AP2002PTC039713
[2026-05-14 11:54:51] ERROR    Permanently blocked for https://www.zaubacorp.com/AL-AMAN-TOURISM-PRIVATE-LIMITED-U63040AP2002PTC039713
[2026-05-14 11:54:56] INFO     [26/100] Processing ...
[2026-05-14 11:54:56] INFO     Scraping: https://www.zaubacorp.com/AGK-BUILDCON-LLP-AAJ-4875
[2026-05-14 11:54:56] INFO     [Browser] → https://www.zaubacorp.com/AGK-BUILDCON-LLP-AAJ-4875
[2026-05-14 11:55:05] DEBUG    Raw HTML saved to /home/santhosh/dev/zauba_scraper/raw_html/company_page.html
[2026-05-14 11:55:05] WARNING  Attempt 1/3 blocked or empty for https://www.zaubacorp.com/AGK-BUILDCON-LLP-AAJ-4875
[2026-05-14 11:55:05] DEBUG    Backing off 5.1s before retry
[2026-05-14 11:55:10] INFO     [Browser] → https://www.zaubacorp.com/AGK-BUILDCON-LLP-AAJ-4875
[2026-05-14 11:55:47] DEBUG    Raw HTML saved to /home/santhosh/dev/zauba_scraper/raw_html/company_page.html
[2026-05-14 11:55:47] WARNING  Attempt 2/3 blocked or empty for https://www.zaubacorp.com/AGK-BUILDCON-LLP-AAJ-4875
[2026-05-14 11:55:47] DEBUG    Backing off 11.7s before retry
[2026-05-14 11:55:58] INFO     [Browser] → https://www.zaubacorp.com/AGK-BUILDCON-LLP-AAJ-4875
[2026-05-14 11:56:07] DEBUG    Raw HTML saved to /home/santhosh/dev/zauba_scraper/raw_html/company_page.html
[2026-05-14 11:56:07] WARNING  Attempt 3/3 blocked or empty for https://www.zaubacorp.com/AGK-BUILDCON-LLP-AAJ-4875
[2026-05-14 11:56:07] ERROR    Permanently blocked for https://www.zaubacorp.com/AGK-BUILDCON-LLP-AAJ-4875
[2026-05-14 11:56:10] INFO     [27/100] Processing ...
[2026-05-14 11:56:10] INFO     Scraping: https://www.zaubacorp.com/KPC-BUILDERS-PRIVATE-LIMITED-U45200AP2001PTC036587
[2026-05-14 11:56:10] INFO     [Browser] → https://www.zaubacorp.com/KPC-BUILDERS-PRIVATE-LIMITED-U45200AP2001PTC036587
[2026-05-14 11:56:18] DEBUG    Raw HTML saved to /home/santhosh/dev/zauba_scraper/raw_html/company_page.html
[2026-05-14 11:56:18] WARNING  Attempt 1/3 blocked or empty for https://www.zaubacorp.com/KPC-BUILDERS-PRIVATE-LIMITED-U45200AP2001PTC036587
[2026-05-14 11:56:18] DEBUG    Backing off 5.7s before retry
[2026-05-14 11:56:24] INFO     [Browser] → https://www.zaubacorp.com/KPC-BUILDERS-PRIVATE-LIMITED-U45200AP2001PTC036587
[2026-05-14 11:56:33] DEBUG    Raw HTML saved to /home/santhosh/dev/zauba_scraper/raw_html/company_page.html
[2026-05-14 11:56:33] WARNING  Attempt 2/3 blocked or empty for https://www.zaubacorp.com/KPC-BUILDERS-PRIVATE-LIMITED-U45200AP2001PTC036587
[2026-05-14 11:56:33] DEBUG    Backing off 12.6s before retry
[2026-05-14 11:56:45] INFO     [Browser] → https://www.zaubacorp.com/KPC-BUILDERS-PRIVATE-LIMITED-U45200AP2001PTC036587
[2026-05-14 11:56:54] DEBUG    Raw HTML saved to /home/santhosh/dev/zauba_scraper/raw_html/company_page.html
[2026-05-14 11:56:54] WARNING  Attempt 3/3 blocked or empty for https://www.zaubacorp.com/KPC-BUILDERS-PRIVATE-LIMITED-U45200AP2001PTC036587
[2026-05-14 11:56:54] ERROR    Permanently blocked for https://www.zaubacorp.com/KPC-BUILDERS-PRIVATE-LIMITED-U45200AP2001PTC036587
[2026-05-14 11:56:59] INFO     [28/100] Processing ...
[2026-05-14 11:56:59] INFO     Scraping: https://www.zaubacorp.com/RASIK-INFRACON-PRIVATE-LIMITED-U45200DL2012PTC231983
[2026-05-14 11:56:59] INFO     [Browser] → https://www.zaubacorp.com/RASIK-INFRACON-PRIVATE-LIMITED-U45200DL2012PTC231983
[2026-05-14 11:57:07] DEBUG    Raw HTML saved to /home/santhosh/dev/zauba_scraper/raw_html/company_page.html
[2026-05-14 11:57:07] WARNING  Attempt 1/3 blocked or empty for https://www.zaubacorp.com/RASIK-INFRACON-PRIVATE-LIMITED-U45200DL2012PTC231983
[2026-05-14 11:57:07] DEBUG    Backing off 7.7s before retry
[2026-05-14 11:57:15] INFO     [Browser] → https://www.zaubacorp.com/RASIK-INFRACON-PRIVATE-LIMITED-U45200DL2012PTC231983
[2026-05-14 11:57:23] DEBUG    Raw HTML saved to /home/santhosh/dev/zauba_scraper/raw_html/company_page.html
[2026-05-14 11:57:23] WARNING  Attempt 2/3 blocked or empty for https://www.zaubacorp.com/RASIK-INFRACON-PRIVATE-LIMITED-U45200DL2012PTC231983
[2026-05-14 11:57:23] DEBUG    Backing off 12.3s before retry
[2026-05-14 11:57:35] INFO     [Browser] → https://www.zaubacorp.com/RASIK-INFRACON-PRIVATE-LIMITED-U45200DL2012PTC231983
[2026-05-14 11:57:44] DEBUG    Raw HTML saved to /home/santhosh/dev/zauba_scraper/raw_html/company_page.html
[2026-05-14 11:57:44] WARNING  Attempt 3/3 blocked or empty for https://www.zaubacorp.com/RASIK-INFRACON-PRIVATE-LIMITED-U45200DL2012PTC231983
[2026-05-14 11:57:44] ERROR    Permanently blocked for https://www.zaubacorp.com/RASIK-INFRACON-PRIVATE-LIMITED-U45200DL2012PTC231983
[2026-05-14 11:57:47] INFO     [29/100] Processing ...
[2026-05-14 11:57:47] INFO     Scraping: https://www.zaubacorp.com/IMPERIAL-CONSULTANTS-AND-SECURITIES-LIMITED-U65993TN1993PTC024724
[2026-05-14 11:57:47] INFO     [Browser] → https://www.zaubacorp.com/IMPERIAL-CONSULTANTS-AND-SECURITIES-LIMITED-U65993TN1993PTC024724
[2026-05-14 11:57:55] DEBUG    Raw HTML saved to /home/santhosh/dev/zauba_scraper/raw_html/company_page.html
[2026-05-14 11:57:55] WARNING  Attempt 1/3 blocked or empty for https://www.zaubacorp.com/IMPERIAL-CONSULTANTS-AND-SECURITIES-LIMITED-U65993TN1993PTC024724
[2026-05-14 11:57:55] DEBUG    Backing off 5.4s before retry
[2026-05-14 11:58:00] INFO     [Browser] → https://www.zaubacorp.com/IMPERIAL-CONSULTANTS-AND-SECURITIES-LIMITED-U65993TN1993PTC024724
[2026-05-14 11:58:09] DEBUG    Raw HTML saved to /home/santhosh/dev/zauba_scraper/raw_html/company_page.html
[2026-05-14 11:58:09] WARNING  Attempt 2/3 blocked or empty for https://www.zaubacorp.com/IMPERIAL-CONSULTANTS-AND-SECURITIES-LIMITED-U65993TN1993PTC024724
[2026-05-14 11:58:09] DEBUG    Backing off 11.7s before retry
[2026-05-14 11:58:21] INFO     [Browser] → https://www.zaubacorp.com/IMPERIAL-CONSULTANTS-AND-SECURITIES-LIMITED-U65993TN1993PTC024724
[2026-05-14 11:58:29] DEBUG    Raw HTML saved to /home/santhosh/dev/zauba_scraper/raw_html/company_page.html
[2026-05-14 11:58:29] WARNING  Attempt 3/3 blocked or empty for https://www.zaubacorp.com/IMPERIAL-CONSULTANTS-AND-SECURITIES-LIMITED-U65993TN1993PTC024724
[2026-05-14 11:58:29] ERROR    Permanently blocked for https://www.zaubacorp.com/IMPERIAL-CONSULTANTS-AND-SECURITIES-LIMITED-U65993TN1993PTC024724
[2026-05-14 11:58:32] INFO     [30/100] Processing ...
[2026-05-14 11:58:32] INFO     Scraping: https://www.zaubacorp.com/SOM-CONSTRUCTION-PRIVATE-LIMITED-U45400MH2012PTC234572
[2026-05-14 11:58:32] INFO     [Browser] → https://www.zaubacorp.com/SOM-CONSTRUCTION-PRIVATE-LIMITED-U45400MH2012PTC234572
[2026-05-14 11:58:41] DEBUG    Raw HTML saved to /home/santhosh/dev/zauba_scraper/raw_html/company_page.html
[2026-05-14 11:58:41] WARNING  Attempt 1/3 blocked or empty for https://www.zaubacorp.com/SOM-CONSTRUCTION-PRIVATE-LIMITED-U45400MH2012PTC234572
[2026-05-14 11:58:41] DEBUG    Backing off 7.3s before retry
[2026-05-14 11:58:48] INFO     [Browser] → https://www.zaubacorp.com/SOM-CONSTRUCTION-PRIVATE-LIMITED-U45400MH2012PTC234572
[2026-05-14 11:58:56] DEBUG    Raw HTML saved to /home/santhosh/dev/zauba_scraper/raw_html/company_page.html
[2026-05-14 11:58:56] WARNING  Attempt 2/3 blocked or empty for https://www.zaubacorp.com/SOM-CONSTRUCTION-PRIVATE-LIMITED-U45400MH2012PTC234572
[2026-05-14 11:58:56] DEBUG    Backing off 11.1s before retry
[2026-05-14 11:59:07] INFO     [Browser] → https://www.zaubacorp.com/SOM-CONSTRUCTION-PRIVATE-LIMITED-U45400MH2012PTC234572
[2026-05-14 11:59:16] DEBUG    Raw HTML saved to /home/santhosh/dev/zauba_scraper/raw_html/company_page.html
[2026-05-14 11:59:16] WARNING  Attempt 3/3 blocked or empty for https://www.zaubacorp.com/SOM-CONSTRUCTION-PRIVATE-LIMITED-U45400MH2012PTC234572
[2026-05-14 11:59:16] ERROR    Permanently blocked for https://www.zaubacorp.com/SOM-CONSTRUCTION-PRIVATE-LIMITED-U45400MH2012PTC234572
[2026-05-14 11:59:20] INFO     [31/100] Processing ...
[2026-05-14 11:59:20] INFO     Scraping: https://www.zaubacorp.com/INEXUS-INNOVATION-PRIVATE-LIMITED-U72900TN2021PTC148423
[2026-05-14 11:59:20] INFO     [Browser] → https://www.zaubacorp.com/INEXUS-INNOVATION-PRIVATE-LIMITED-U72900TN2021PTC148423
[2026-05-14 11:59:28] DEBUG    Raw HTML saved to /home/santhosh/dev/zauba_scraper/raw_html/company_page.html
[2026-05-14 11:59:28] WARNING  Attempt 1/3 blocked or empty for https://www.zaubacorp.com/INEXUS-INNOVATION-PRIVATE-LIMITED-U72900TN2021PTC148423
[2026-05-14 11:59:28] DEBUG    Backing off 5.8s before retry
[2026-05-14 11:59:34] INFO     [Browser] → https://www.zaubacorp.com/INEXUS-INNOVATION-PRIVATE-LIMITED-U72900TN2021PTC148423
[2026-05-14 11:59:42] DEBUG    Raw HTML saved to /home/santhosh/dev/zauba_scraper/raw_html/company_page.html
[2026-05-14 11:59:42] WARNING  Attempt 2/3 blocked or empty for https://www.zaubacorp.com/INEXUS-INNOVATION-PRIVATE-LIMITED-U72900TN2021PTC148423
[2026-05-14 11:59:42] DEBUG    Backing off 12.5s before retry
[2026-05-14 11:59:55] INFO     [Browser] → https://www.zaubacorp.com/INEXUS-INNOVATION-PRIVATE-LIMITED-U72900TN2021PTC148423
[2026-05-14 12:00:03] DEBUG    Raw HTML saved to /home/santhosh/dev/zauba_scraper/raw_html/company_page.html
[2026-05-14 12:00:03] WARNING  Attempt 3/3 blocked or empty for https://www.zaubacorp.com/INEXUS-INNOVATION-PRIVATE-LIMITED-U72900TN2021PTC148423
[2026-05-14 12:00:03] ERROR    Permanently blocked for https://www.zaubacorp.com/INEXUS-INNOVATION-PRIVATE-LIMITED-U72900TN2021PTC148423
[2026-05-14 12:00:06] INFO     [32/100] Processing ...
[2026-05-14 12:00:06] INFO     Scraping: https://www.zaubacorp.com/S-L-HOMEZ-PRIVATE-LIMITED-U45400MH2012PTC232620
[2026-05-14 12:00:06] INFO     [Browser] → https://www.zaubacorp.com/S-L-HOMEZ-PRIVATE-LIMITED-U45400MH2012PTC232620
[2026-05-14 12:00:15] DEBUG    Raw HTML saved to /home/santhosh/dev/zauba_scraper/raw_html/company_page.html
[2026-05-14 12:00:15] WARNING  Attempt 1/3 blocked or empty for https://www.zaubacorp.com/S-L-HOMEZ-PRIVATE-LIMITED-U45400MH2012PTC232620
[2026-05-14 12:00:15] DEBUG    Backing off 5.0s before retry
[2026-05-14 12:00:20] INFO     [Browser] → https://www.zaubacorp.com/S-L-HOMEZ-PRIVATE-LIMITED-U45400MH2012PTC232620
[2026-05-14 12:00:28] DEBUG    Raw HTML saved to /home/santhosh/dev/zauba_scraper/raw_html/company_page.html
[2026-05-14 12:00:28] WARNING  Attempt 2/3 blocked or empty for https://www.zaubacorp.com/S-L-HOMEZ-PRIVATE-LIMITED-U45400MH2012PTC232620
[2026-05-14 12:00:28] DEBUG    Backing off 10.1s before retry
[2026-05-14 12:00:38] INFO     [Browser] → https://www.zaubacorp.com/S-L-HOMEZ-PRIVATE-LIMITED-U45400MH2012PTC232620
[2026-05-14 12:00:47] DEBUG    Raw HTML saved to /home/santhosh/dev/zauba_scraper/raw_html/company_page.html
[2026-05-14 12:00:47] WARNING  Attempt 3/3 blocked or empty for https://www.zaubacorp.com/S-L-HOMEZ-PRIVATE-LIMITED-U45400MH2012PTC232620
[2026-05-14 12:00:47] ERROR    Permanently blocked for https://www.zaubacorp.com/S-L-HOMEZ-PRIVATE-LIMITED-U45400MH2012PTC232620
[2026-05-14 12:00:49] INFO     [33/100] Processing ...
[2026-05-14 12:00:49] INFO     Scraping: https://www.zaubacorp.com/PACHARIA-EXPORTS-PVT-LTD-U51420WB1989PTC048005
[2026-05-14 12:00:49] INFO     [Browser] → https://www.zaubacorp.com/PACHARIA-EXPORTS-PVT-LTD-U51420WB1989PTC048005
[2026-05-14 12:00:57] DEBUG    Raw HTML saved to /home/santhosh/dev/zauba_scraper/raw_html/company_page.html
[2026-05-14 12:00:57] WARNING  Attempt 1/3 blocked or empty for https://www.zaubacorp.com/PACHARIA-EXPORTS-PVT-LTD-U51420WB1989PTC048005
[2026-05-14 12:00:57] DEBUG    Backing off 6.9s before retry
[2026-05-14 12:01:04] INFO     [Browser] → https://www.zaubacorp.com/PACHARIA-EXPORTS-PVT-LTD-U51420WB1989PTC048005
[2026-05-14 12:01:13] DEBUG    Raw HTML saved to /home/santhosh/dev/zauba_scraper/raw_html/company_page.html
[2026-05-14 12:01:13] WARNING  Attempt 2/3 blocked or empty for https://www.zaubacorp.com/PACHARIA-EXPORTS-PVT-LTD-U51420WB1989PTC048005
[2026-05-14 12:01:13] DEBUG    Backing off 11.5s before retry
[2026-05-14 12:01:24] INFO     [Browser] → https://www.zaubacorp.com/PACHARIA-EXPORTS-PVT-LTD-U51420WB1989PTC048005
[2026-05-14 12:01:33] DEBUG    Raw HTML saved to /home/santhosh/dev/zauba_scraper/raw_html/company_page.html
[2026-05-14 12:01:33] WARNING  Attempt 3/3 blocked or empty for https://www.zaubacorp.com/PACHARIA-EXPORTS-PVT-LTD-U51420WB1989PTC048005
[2026-05-14 12:01:33] ERROR    Permanently blocked for https://www.zaubacorp.com/PACHARIA-EXPORTS-PVT-LTD-U51420WB1989PTC048005
[2026-05-14 12:01:37] INFO     [34/100] Processing ...
[2026-05-14 12:01:37] INFO     Scraping: https://www.zaubacorp.com/DRIKE-TOURS-AND-TRAVELS-PRIVATE-LIMITED-U63030UP2019PTC125163
[2026-05-14 12:01:37] INFO     [Browser] → https://www.zaubacorp.com/DRIKE-TOURS-AND-TRAVELS-PRIVATE-LIMITED-U63030UP2019PTC125163
[2026-05-14 12:01:46] DEBUG    Raw HTML saved to /home/santhosh/dev/zauba_scraper/raw_html/company_page.html
[2026-05-14 12:01:46] WARNING  Attempt 1/3 blocked or empty for https://www.zaubacorp.com/DRIKE-TOURS-AND-TRAVELS-PRIVATE-LIMITED-U63030UP2019PTC125163
[2026-05-14 12:01:46] DEBUG    Backing off 6.7s before retry
[2026-05-14 12:01:52] INFO     [Browser] → https://www.zaubacorp.com/DRIKE-TOURS-AND-TRAVELS-PRIVATE-LIMITED-U63030UP2019PTC125163
[2026-05-14 12:02:01] DEBUG    Raw HTML saved to /home/santhosh/dev/zauba_scraper/raw_html/company_page.html
[2026-05-14 12:02:01] WARNING  Attempt 2/3 blocked or empty for https://www.zaubacorp.com/DRIKE-TOURS-AND-TRAVELS-PRIVATE-LIMITED-U63030UP2019PTC125163
[2026-05-14 12:02:01] DEBUG    Backing off 10.1s before retry
[2026-05-14 12:02:11] INFO     [Browser] → https://www.zaubacorp.com/DRIKE-TOURS-AND-TRAVELS-PRIVATE-LIMITED-U63030UP2019PTC125163
[2026-05-14 12:02:19] DEBUG    Raw HTML saved to /home/santhosh/dev/zauba_scraper/raw_html/company_page.html
[2026-05-14 12:02:19] WARNING  Attempt 3/3 blocked or empty for https://www.zaubacorp.com/DRIKE-TOURS-AND-TRAVELS-PRIVATE-LIMITED-U63030UP2019PTC125163
[2026-05-14 12:02:19] ERROR    Permanently blocked for https://www.zaubacorp.com/DRIKE-TOURS-AND-TRAVELS-PRIVATE-LIMITED-U63030UP2019PTC125163
[2026-05-14 12:02:23] INFO     [35/100] Processing ...
[2026-05-14 12:02:23] INFO     Scraping: https://www.zaubacorp.com/LABEX-INSTRUMENTS-PRIVATE-LIMITED-U33125DL2004PTC124692
[2026-05-14 12:02:23] INFO     [Browser] → https://www.zaubacorp.com/LABEX-INSTRUMENTS-PRIVATE-LIMITED-U33125DL2004PTC124692
[2026-05-14 12:02:31] DEBUG    Raw HTML saved to /home/santhosh/dev/zauba_scraper/raw_html/company_page.html
[2026-05-14 12:02:31] WARNING  Attempt 1/3 blocked or empty for https://www.zaubacorp.com/LABEX-INSTRUMENTS-PRIVATE-LIMITED-U33125DL2004PTC124692
[2026-05-14 12:02:31] DEBUG    Backing off 7.3s before retry
[2026-05-14 12:02:39] INFO     [Browser] → https://www.zaubacorp.com/LABEX-INSTRUMENTS-PRIVATE-LIMITED-U33125DL2004PTC124692
[2026-05-14 12:02:47] DEBUG    Raw HTML saved to /home/santhosh/dev/zauba_scraper/raw_html/company_page.html
[2026-05-14 12:02:47] WARNING  Attempt 2/3 blocked or empty for https://www.zaubacorp.com/LABEX-INSTRUMENTS-PRIVATE-LIMITED-U33125DL2004PTC124692
[2026-05-14 12:02:47] DEBUG    Backing off 11.5s before retry
[2026-05-14 12:02:58] INFO     [Browser] → https://www.zaubacorp.com/LABEX-INSTRUMENTS-PRIVATE-LIMITED-U33125DL2004PTC124692
[2026-05-14 12:03:07] DEBUG    Raw HTML saved to /home/santhosh/dev/zauba_scraper/raw_html/company_page.html
[2026-05-14 12:03:07] WARNING  Attempt 3/3 blocked or empty for https://www.zaubacorp.com/LABEX-INSTRUMENTS-PRIVATE-LIMITED-U33125DL2004PTC124692
[2026-05-14 12:03:07] ERROR    Permanently blocked for https://www.zaubacorp.com/LABEX-INSTRUMENTS-PRIVATE-LIMITED-U33125DL2004PTC124692
[2026-05-14 12:03:10] INFO     [36/100] Processing ...
[2026-05-14 12:03:10] INFO     Scraping: https://www.zaubacorp.com/SHIV-GENERAL-FINANCE-PVT-LTD-U74899DL1961PTC003402
[2026-05-14 12:03:10] INFO     [Browser] → https://www.zaubacorp.com/SHIV-GENERAL-FINANCE-PVT-LTD-U74899DL1961PTC003402
[2026-05-14 12:03:18] DEBUG    Raw HTML saved to /home/santhosh/dev/zauba_scraper/raw_html/company_page.html
[2026-05-14 12:03:18] WARNING  Attempt 1/3 blocked or empty for https://www.zaubacorp.com/SHIV-GENERAL-FINANCE-PVT-LTD-U74899DL1961PTC003402
[2026-05-14 12:03:18] DEBUG    Backing off 5.6s before retry
[2026-05-14 12:03:24] INFO     [Browser] → https://www.zaubacorp.com/SHIV-GENERAL-FINANCE-PVT-LTD-U74899DL1961PTC003402
[2026-05-14 12:03:32] DEBUG    Raw HTML saved to /home/santhosh/dev/zauba_scraper/raw_html/company_page.html
[2026-05-14 12:03:32] WARNING  Attempt 2/3 blocked or empty for https://www.zaubacorp.com/SHIV-GENERAL-FINANCE-PVT-LTD-U74899DL1961PTC003402
[2026-05-14 12:03:32] DEBUG    Backing off 12.3s before retry
[2026-05-14 12:03:45] INFO     [Browser] → https://www.zaubacorp.com/SHIV-GENERAL-FINANCE-PVT-LTD-U74899DL1961PTC003402
[2026-05-14 12:03:53] DEBUG    Raw HTML saved to /home/santhosh/dev/zauba_scraper/raw_html/company_page.html
[2026-05-14 12:03:53] WARNING  Attempt 3/3 blocked or empty for https://www.zaubacorp.com/SHIV-GENERAL-FINANCE-PVT-LTD-U74899DL1961PTC003402
[2026-05-14 12:03:53] ERROR    Permanently blocked for https://www.zaubacorp.com/SHIV-GENERAL-FINANCE-PVT-LTD-U74899DL1961PTC003402
[2026-05-14 12:03:56] INFO     [37/100] Processing ...
[2026-05-14 12:03:56] INFO     Scraping: https://www.zaubacorp.com/DMF-CONSULTANCY-SERVICES-PRIVATE-LIMITED-U74999DL2002PTC117343
[2026-05-14 12:03:56] INFO     [Browser] → https://www.zaubacorp.com/DMF-CONSULTANCY-SERVICES-PRIVATE-LIMITED-U74999DL2002PTC117343
[2026-05-14 12:04:05] DEBUG    Raw HTML saved to /home/santhosh/dev/zauba_scraper/raw_html/company_page.html
[2026-05-14 12:04:05] WARNING  Attempt 1/3 blocked or empty for https://www.zaubacorp.com/DMF-CONSULTANCY-SERVICES-PRIVATE-LIMITED-U74999DL2002PTC117343
[2026-05-14 12:04:05] DEBUG    Backing off 7.6s before retry
[2026-05-14 12:04:12] INFO     [Browser] → https://www.zaubacorp.com/DMF-CONSULTANCY-SERVICES-PRIVATE-LIMITED-U74999DL2002PTC117343
[2026-05-14 12:04:21] DEBUG    Raw HTML saved to /home/santhosh/dev/zauba_scraper/raw_html/company_page.html
[2026-05-14 12:04:21] WARNING  Attempt 2/3 blocked or empty for https://www.zaubacorp.com/DMF-CONSULTANCY-SERVICES-PRIVATE-LIMITED-U74999DL2002PTC117343
[2026-05-14 12:04:21] DEBUG    Backing off 10.9s before retry
[2026-05-14 12:04:32] INFO     [Browser] → https://www.zaubacorp.com/DMF-CONSULTANCY-SERVICES-PRIVATE-LIMITED-U74999DL2002PTC117343
[2026-05-14 12:04:40] DEBUG    Raw HTML saved to /home/santhosh/dev/zauba_scraper/raw_html/company_page.html
[2026-05-14 12:04:40] WARNING  Attempt 3/3 blocked or empty for https://www.zaubacorp.com/DMF-CONSULTANCY-SERVICES-PRIVATE-LIMITED-U74999DL2002PTC117343
[2026-05-14 12:04:40] ERROR    Permanently blocked for https://www.zaubacorp.com/DMF-CONSULTANCY-SERVICES-PRIVATE-LIMITED-U74999DL2002PTC117343
[2026-05-14 12:04:43] INFO     [38/100] Processing ...
[2026-05-14 12:04:43] INFO     Scraping: https://www.zaubacorp.com/COSMO-SUPER-FINANCE-PRIVATE-LIMITED-U65910KA1993PTC014121
[2026-05-14 12:04:43] INFO     [Browser] → https://www.zaubacorp.com/COSMO-SUPER-FINANCE-PRIVATE-LIMITED-U65910KA1993PTC014121
[2026-05-14 12:04:52] DEBUG    Raw HTML saved to /home/santhosh/dev/zauba_scraper/raw_html/company_page.html
[2026-05-14 12:04:52] WARNING  Attempt 1/3 blocked or empty for https://www.zaubacorp.com/COSMO-SUPER-FINANCE-PRIVATE-LIMITED-U65910KA1993PTC014121
[2026-05-14 12:04:52] DEBUG    Backing off 5.4s before retry
[2026-05-14 12:04:57] INFO     [Browser] → https://www.zaubacorp.com/COSMO-SUPER-FINANCE-PRIVATE-LIMITED-U65910KA1993PTC014121
[2026-05-14 12:05:06] DEBUG    Raw HTML saved to /home/santhosh/dev/zauba_scraper/raw_html/company_page.html
[2026-05-14 12:05:06] WARNING  Attempt 2/3 blocked or empty for https://www.zaubacorp.com/COSMO-SUPER-FINANCE-PRIVATE-LIMITED-U65910KA1993PTC014121
[2026-05-14 12:05:06] DEBUG    Backing off 10.6s before retry
[2026-05-14 12:05:16] INFO     [Browser] → https://www.zaubacorp.com/COSMO-SUPER-FINANCE-PRIVATE-LIMITED-U65910KA1993PTC014121
[2026-05-14 12:05:25] DEBUG    Raw HTML saved to /home/santhosh/dev/zauba_scraper/raw_html/company_page.html
[2026-05-14 12:05:25] WARNING  Attempt 3/3 blocked or empty for https://www.zaubacorp.com/COSMO-SUPER-FINANCE-PRIVATE-LIMITED-U65910KA1993PTC014121
[2026-05-14 12:05:25] ERROR    Permanently blocked for https://www.zaubacorp.com/COSMO-SUPER-FINANCE-PRIVATE-LIMITED-U65910KA1993PTC014121
[2026-05-14 12:05:27] INFO     [39/100] Processing ...
[2026-05-14 12:05:27] INFO     Scraping: https://www.zaubacorp.com/DHYAN-INVESTMENTS-AND-TRADING-COMPANY-PRIVATE-LIMITED-U67120MH1991PTC061744
[2026-05-14 12:05:27] INFO     [Browser] → https://www.zaubacorp.com/DHYAN-INVESTMENTS-AND-TRADING-COMPANY-PRIVATE-LIMITED-U67120MH1991PTC061744
[2026-05-14 12:05:36] DEBUG    Raw HTML saved to /home/santhosh/dev/zauba_scraper/raw_html/company_page.html
[2026-05-14 12:05:36] WARNING  Attempt 1/3 blocked or empty for https://www.zaubacorp.com/DHYAN-INVESTMENTS-AND-TRADING-COMPANY-PRIVATE-LIMITED-U67120MH1991PTC061744
[2026-05-14 12:05:36] DEBUG    Backing off 5.8s before retry
[2026-05-14 12:05:42] INFO     [Browser] → https://www.zaubacorp.com/DHYAN-INVESTMENTS-AND-TRADING-COMPANY-PRIVATE-LIMITED-U67120MH1991PTC061744
[2026-05-14 12:05:50] DEBUG    Raw HTML saved to /home/santhosh/dev/zauba_scraper/raw_html/company_page.html
[2026-05-14 12:05:50] WARNING  Attempt 2/3 blocked or empty for https://www.zaubacorp.com/DHYAN-INVESTMENTS-AND-TRADING-COMPANY-PRIVATE-LIMITED-U67120MH1991PTC061744
[2026-05-14 12:05:50] DEBUG    Backing off 11.1s before retry
[2026-05-14 12:06:01] INFO     [Browser] → https://www.zaubacorp.com/DHYAN-INVESTMENTS-AND-TRADING-COMPANY-PRIVATE-LIMITED-U67120MH1991PTC061744
[2026-05-14 12:06:09] DEBUG    Raw HTML saved to /home/santhosh/dev/zauba_scraper/raw_html/company_page.html
[2026-05-14 12:06:09] WARNING  Attempt 3/3 blocked or empty for https://www.zaubacorp.com/DHYAN-INVESTMENTS-AND-TRADING-COMPANY-PRIVATE-LIMITED-U67120MH1991PTC061744
[2026-05-14 12:06:09] ERROR    Permanently blocked for https://www.zaubacorp.com/DHYAN-INVESTMENTS-AND-TRADING-COMPANY-PRIVATE-LIMITED-U67120MH1991PTC061744
[2026-05-14 12:06:14] INFO     [40/100] Processing ...
[2026-05-14 12:06:14] INFO     Scraping: https://www.zaubacorp.com/SGL-CONTAINER-LINE-PRIVATE-LIMITED-U63010MH2007PTC174842
[2026-05-14 12:06:14] INFO     [Browser] → https://www.zaubacorp.com/SGL-CONTAINER-LINE-PRIVATE-LIMITED-U63010MH2007PTC174842
[2026-05-14 12:06:22] DEBUG    Raw HTML saved to /home/santhosh/dev/zauba_scraper/raw_html/company_page.html
[2026-05-14 12:06:22] WARNING  Attempt 1/3 blocked or empty for https://www.zaubacorp.com/SGL-CONTAINER-LINE-PRIVATE-LIMITED-U63010MH2007PTC174842
[2026-05-14 12:06:22] DEBUG    Backing off 5.1s before retry
[2026-05-14 12:06:27] INFO     [Browser] → https://www.zaubacorp.com/SGL-CONTAINER-LINE-PRIVATE-LIMITED-U63010MH2007PTC174842
[2026-05-14 12:06:36] DEBUG    Raw HTML saved to /home/santhosh/dev/zauba_scraper/raw_html/company_page.html
[2026-05-14 12:06:36] WARNING  Attempt 2/3 blocked or empty for https://www.zaubacorp.com/SGL-CONTAINER-LINE-PRIVATE-LIMITED-U63010MH2007PTC174842
[2026-05-14 12:06:36] DEBUG    Backing off 11.4s before retry
[2026-05-14 12:06:47] INFO     [Browser] → https://www.zaubacorp.com/SGL-CONTAINER-LINE-PRIVATE-LIMITED-U63010MH2007PTC174842
[2026-05-14 12:06:55] DEBUG    Raw HTML saved to /home/santhosh/dev/zauba_scraper/raw_html/company_page.html
[2026-05-14 12:06:55] WARNING  Attempt 3/3 blocked or empty for https://www.zaubacorp.com/SGL-CONTAINER-LINE-PRIVATE-LIMITED-U63010MH2007PTC174842
[2026-05-14 12:06:55] ERROR    Permanently blocked for https://www.zaubacorp.com/SGL-CONTAINER-LINE-PRIVATE-LIMITED-U63010MH2007PTC174842
[2026-05-14 12:06:58] INFO     [41/100] Processing ...
[2026-05-14 12:06:58] INFO     Scraping: https://www.zaubacorp.com/SUNKISSED-TRADERS-PVT-LTD-U51909WB1994PTC066566
[2026-05-14 12:06:58] INFO     [Browser] → https://www.zaubacorp.com/SUNKISSED-TRADERS-PVT-LTD-U51909WB1994PTC066566
[2026-05-14 12:07:06] DEBUG    Raw HTML saved to /home/santhosh/dev/zauba_scraper/raw_html/company_page.html
[2026-05-14 12:07:06] WARNING  Attempt 1/3 blocked or empty for https://www.zaubacorp.com/SUNKISSED-TRADERS-PVT-LTD-U51909WB1994PTC066566
[2026-05-14 12:07:06] DEBUG    Backing off 7.9s before retry
[2026-05-14 12:07:14] INFO     [Browser] → https://www.zaubacorp.com/SUNKISSED-TRADERS-PVT-LTD-U51909WB1994PTC066566
[2026-05-14 12:07:23] DEBUG    Raw HTML saved to /home/santhosh/dev/zauba_scraper/raw_html/company_page.html
[2026-05-14 12:07:23] WARNING  Attempt 2/3 blocked or empty for https://www.zaubacorp.com/SUNKISSED-TRADERS-PVT-LTD-U51909WB1994PTC066566
[2026-05-14 12:07:23] DEBUG    Backing off 12.4s before retry
[2026-05-14 12:07:35] INFO     [Browser] → https://www.zaubacorp.com/SUNKISSED-TRADERS-PVT-LTD-U51909WB1994PTC066566
[2026-05-14 12:07:44] DEBUG    Raw HTML saved to /home/santhosh/dev/zauba_scraper/raw_html/company_page.html
[2026-05-14 12:07:44] WARNING  Attempt 3/3 blocked or empty for https://www.zaubacorp.com/SUNKISSED-TRADERS-PVT-LTD-U51909WB1994PTC066566
[2026-05-14 12:07:44] ERROR    Permanently blocked for https://www.zaubacorp.com/SUNKISSED-TRADERS-PVT-LTD-U51909WB1994PTC066566
[2026-05-14 12:07:46] INFO     [42/100] Processing ...
[2026-05-14 12:07:46] INFO     Scraping: https://www.zaubacorp.com/VIRAASAT-ESTATE-DEVELOPERS-PRIVATE-LIMITED-U70100RJ2017PTC059770
[2026-05-14 12:07:46] INFO     [Browser] → https://www.zaubacorp.com/VIRAASAT-ESTATE-DEVELOPERS-PRIVATE-LIMITED-U70100RJ2017PTC059770
[2026-05-14 12:07:55] DEBUG    Raw HTML saved to /home/santhosh/dev/zauba_scraper/raw_html/company_page.html
[2026-05-14 12:07:55] WARNING  Attempt 1/3 blocked or empty for https://www.zaubacorp.com/VIRAASAT-ESTATE-DEVELOPERS-PRIVATE-LIMITED-U70100RJ2017PTC059770
[2026-05-14 12:07:55] DEBUG    Backing off 7.8s before retry
[2026-05-14 12:08:02] INFO     [Browser] → https://www.zaubacorp.com/VIRAASAT-ESTATE-DEVELOPERS-PRIVATE-LIMITED-U70100RJ2017PTC059770
[2026-05-14 12:08:11] DEBUG    Raw HTML saved to /home/santhosh/dev/zauba_scraper/raw_html/company_page.html
[2026-05-14 12:08:11] WARNING  Attempt 2/3 blocked or empty for https://www.zaubacorp.com/VIRAASAT-ESTATE-DEVELOPERS-PRIVATE-LIMITED-U70100RJ2017PTC059770
[2026-05-14 12:08:11] DEBUG    Backing off 12.9s before retry
[2026-05-14 12:08:24] INFO     [Browser] → https://www.zaubacorp.com/VIRAASAT-ESTATE-DEVELOPERS-PRIVATE-LIMITED-U70100RJ2017PTC059770
[2026-05-14 12:08:32] DEBUG    Raw HTML saved to /home/santhosh/dev/zauba_scraper/raw_html/company_page.html
[2026-05-14 12:08:32] WARNING  Attempt 3/3 blocked or empty for https://www.zaubacorp.com/VIRAASAT-ESTATE-DEVELOPERS-PRIVATE-LIMITED-U70100RJ2017PTC059770
[2026-05-14 12:08:32] ERROR    Permanently blocked for https://www.zaubacorp.com/VIRAASAT-ESTATE-DEVELOPERS-PRIVATE-LIMITED-U70100RJ2017PTC059770
[2026-05-14 12:08:34] INFO     [43/100] Processing ...
[2026-05-14 12:08:34] INFO     Scraping: https://www.zaubacorp.com/SALVO-SECURITIES-AND-INTELLIGENCE-SERVICES-PRIVATE-LIMITED-U74920JH2002PTC010036
[2026-05-14 12:08:34] INFO     [Browser] → https://www.zaubacorp.com/SALVO-SECURITIES-AND-INTELLIGENCE-SERVICES-PRIVATE-LIMITED-U74920JH2002PTC010036
[2026-05-14 12:08:43] DEBUG    Raw HTML saved to /home/santhosh/dev/zauba_scraper/raw_html/company_page.html
[2026-05-14 12:08:43] WARNING  Attempt 1/3 blocked or empty for https://www.zaubacorp.com/SALVO-SECURITIES-AND-INTELLIGENCE-SERVICES-PRIVATE-LIMITED-U74920JH2002PTC010036
[2026-05-14 12:08:43] DEBUG    Backing off 7.8s before retry
[2026-05-14 12:08:51] INFO     [Browser] → https://www.zaubacorp.com/SALVO-SECURITIES-AND-INTELLIGENCE-SERVICES-PRIVATE-LIMITED-U74920JH2002PTC010036
[2026-05-14 12:08:59] DEBUG    Raw HTML saved to /home/santhosh/dev/zauba_scraper/raw_html/company_page.html
[2026-05-14 12:08:59] WARNING  Attempt 2/3 blocked or empty for https://www.zaubacorp.com/SALVO-SECURITIES-AND-INTELLIGENCE-SERVICES-PRIVATE-LIMITED-U74920JH2002PTC010036
[2026-05-14 12:08:59] DEBUG    Backing off 12.1s before retry
[2026-05-14 12:09:11] INFO     [Browser] → https://www.zaubacorp.com/SALVO-SECURITIES-AND-INTELLIGENCE-SERVICES-PRIVATE-LIMITED-U74920JH2002PTC010036
[2026-05-14 12:09:19] DEBUG    Raw HTML saved to /home/santhosh/dev/zauba_scraper/raw_html/company_page.html
[2026-05-14 12:09:19] WARNING  Attempt 3/3 blocked or empty for https://www.zaubacorp.com/SALVO-SECURITIES-AND-INTELLIGENCE-SERVICES-PRIVATE-LIMITED-U74920JH2002PTC010036
[2026-05-14 12:09:19] ERROR    Permanently blocked for https://www.zaubacorp.com/SALVO-SECURITIES-AND-INTELLIGENCE-SERVICES-PRIVATE-LIMITED-U74920JH2002PTC010036
[2026-05-14 12:09:24] INFO     [44/100] Processing ...
[2026-05-14 12:09:24] INFO     Scraping: https://www.zaubacorp.com/DR-ETHIX-S-PRODUCTS-AND-SERVICES-PRIVATE-LIMITED-U24100TN2019PTC129889
[2026-05-14 12:09:24] INFO     [Browser] → https://www.zaubacorp.com/DR-ETHIX-S-PRODUCTS-AND-SERVICES-PRIVATE-LIMITED-U24100TN2019PTC129889
[2026-05-14 12:09:32] DEBUG    Raw HTML saved to /home/santhosh/dev/zauba_scraper/raw_html/company_page.html
[2026-05-14 12:09:32] WARNING  Attempt 1/3 blocked or empty for https://www.zaubacorp.com/DR-ETHIX-S-PRODUCTS-AND-SERVICES-PRIVATE-LIMITED-U24100TN2019PTC129889
[2026-05-14 12:09:32] DEBUG    Backing off 6.8s before retry
[2026-05-14 12:09:39] INFO     [Browser] → https://www.zaubacorp.com/DR-ETHIX-S-PRODUCTS-AND-SERVICES-PRIVATE-LIMITED-U24100TN2019PTC129889
[2026-05-14 12:09:47] DEBUG    Raw HTML saved to /home/santhosh/dev/zauba_scraper/raw_html/company_page.html
[2026-05-14 12:09:47] WARNING  Attempt 2/3 blocked or empty for https://www.zaubacorp.com/DR-ETHIX-S-PRODUCTS-AND-SERVICES-PRIVATE-LIMITED-U24100TN2019PTC129889
[2026-05-14 12:09:47] DEBUG    Backing off 12.3s before retry
[2026-05-14 12:10:00] INFO     [Browser] → https://www.zaubacorp.com/DR-ETHIX-S-PRODUCTS-AND-SERVICES-PRIVATE-LIMITED-U24100TN2019PTC129889
[2026-05-14 12:10:08] DEBUG    Raw HTML saved to /home/santhosh/dev/zauba_scraper/raw_html/company_page.html
[2026-05-14 12:10:08] WARNING  Attempt 3/3 blocked or empty for https://www.zaubacorp.com/DR-ETHIX-S-PRODUCTS-AND-SERVICES-PRIVATE-LIMITED-U24100TN2019PTC129889
[2026-05-14 12:10:08] ERROR    Permanently blocked for https://www.zaubacorp.com/DR-ETHIX-S-PRODUCTS-AND-SERVICES-PRIVATE-LIMITED-U24100TN2019PTC129889
[2026-05-14 12:10:11] INFO     [45/100] Processing ...
[2026-05-14 12:10:11] INFO     Scraping: https://www.zaubacorp.com/VESELKO-LEAD-GENERATION-AND-EVENT-MANAGEMENT-PRIVATE-LIMITED-U74999MH2017PTC299468
[2026-05-14 12:10:11] INFO     [Browser] → https://www.zaubacorp.com/VESELKO-LEAD-GENERATION-AND-EVENT-MANAGEMENT-PRIVATE-LIMITED-U74999MH2017PTC299468
[2026-05-14 12:10:19] DEBUG    Raw HTML saved to /home/santhosh/dev/zauba_scraper/raw_html/company_page.html
[2026-05-14 12:10:19] WARNING  Attempt 1/3 blocked or empty for https://www.zaubacorp.com/VESELKO-LEAD-GENERATION-AND-EVENT-MANAGEMENT-PRIVATE-LIMITED-U74999MH2017PTC299468
[2026-05-14 12:10:19] DEBUG    Backing off 6.3s before retry
[2026-05-14 12:10:25] INFO     [Browser] → https://www.zaubacorp.com/VESELKO-LEAD-GENERATION-AND-EVENT-MANAGEMENT-PRIVATE-LIMITED-U74999MH2017PTC299468
[2026-05-14 12:10:34] DEBUG    Raw HTML saved to /home/santhosh/dev/zauba_scraper/raw_html/company_page.html
[2026-05-14 12:10:34] WARNING  Attempt 2/3 blocked or empty for https://www.zaubacorp.com/VESELKO-LEAD-GENERATION-AND-EVENT-MANAGEMENT-PRIVATE-LIMITED-U74999MH2017PTC299468
[2026-05-14 12:10:34] DEBUG    Backing off 10.6s before retry
[2026-05-14 12:10:44] INFO     [Browser] → https://www.zaubacorp.com/VESELKO-LEAD-GENERATION-AND-EVENT-MANAGEMENT-PRIVATE-LIMITED-U74999MH2017PTC299468
[2026-05-14 12:10:53] DEBUG    Raw HTML saved to /home/santhosh/dev/zauba_scraper/raw_html/company_page.html
[2026-05-14 12:10:53] WARNING  Attempt 3/3 blocked or empty for https://www.zaubacorp.com/VESELKO-LEAD-GENERATION-AND-EVENT-MANAGEMENT-PRIVATE-LIMITED-U74999MH2017PTC299468
[2026-05-14 12:10:53] ERROR    Permanently blocked for https://www.zaubacorp.com/VESELKO-LEAD-GENERATION-AND-EVENT-MANAGEMENT-PRIVATE-LIMITED-U74999MH2017PTC299468
[2026-05-14 12:10:57] INFO     [46/100] Processing ...
[2026-05-14 12:10:57] INFO     Scraping: https://www.zaubacorp.com/JEWEL-ROCK-REALTY-PRIVATE-LIMITED-U45203MH2008PTC181465
[2026-05-14 12:10:57] INFO     [Browser] → https://www.zaubacorp.com/JEWEL-ROCK-REALTY-PRIVATE-LIMITED-U45203MH2008PTC181465
[2026-05-14 12:11:05] DEBUG    Raw HTML saved to /home/santhosh/dev/zauba_scraper/raw_html/company_page.html
[2026-05-14 12:11:05] WARNING  Attempt 1/3 blocked or empty for https://www.zaubacorp.com/JEWEL-ROCK-REALTY-PRIVATE-LIMITED-U45203MH2008PTC181465
[2026-05-14 12:11:05] DEBUG    Backing off 7.8s before retry
[2026-05-14 12:11:13] INFO     [Browser] → https://www.zaubacorp.com/JEWEL-ROCK-REALTY-PRIVATE-LIMITED-U45203MH2008PTC181465
[2026-05-14 12:11:21] DEBUG    Raw HTML saved to /home/santhosh/dev/zauba_scraper/raw_html/company_page.html
[2026-05-14 12:11:21] WARNING  Attempt 2/3 blocked or empty for https://www.zaubacorp.com/JEWEL-ROCK-REALTY-PRIVATE-LIMITED-U45203MH2008PTC181465
[2026-05-14 12:11:21] DEBUG    Backing off 12.5s before retry
[2026-05-14 12:11:34] INFO     [Browser] → https://www.zaubacorp.com/JEWEL-ROCK-REALTY-PRIVATE-LIMITED-U45203MH2008PTC181465
[2026-05-14 12:11:42] DEBUG    Raw HTML saved to /home/santhosh/dev/zauba_scraper/raw_html/company_page.html
[2026-05-14 12:11:42] WARNING  Attempt 3/3 blocked or empty for https://www.zaubacorp.com/JEWEL-ROCK-REALTY-PRIVATE-LIMITED-U45203MH2008PTC181465
[2026-05-14 12:11:42] ERROR    Permanently blocked for https://www.zaubacorp.com/JEWEL-ROCK-REALTY-PRIVATE-LIMITED-U45203MH2008PTC181465
[2026-05-14 12:11:47] INFO     [47/100] Processing ...
[2026-05-14 12:11:47] INFO     Scraping: https://www.zaubacorp.com/RELIANT-SOFTWARE-SOLUTION-INTEGRATED-PRIVATE-LIMITED-U72200TN2009PTC070684
[2026-05-14 12:11:47] INFO     [Browser] → https://www.zaubacorp.com/RELIANT-SOFTWARE-SOLUTION-INTEGRATED-PRIVATE-LIMITED-U72200TN2009PTC070684
[2026-05-14 12:11:55] DEBUG    Raw HTML saved to /home/santhosh/dev/zauba_scraper/raw_html/company_page.html
[2026-05-14 12:11:55] WARNING  Attempt 1/3 blocked or empty for https://www.zaubacorp.com/RELIANT-SOFTWARE-SOLUTION-INTEGRATED-PRIVATE-LIMITED-U72200TN2009PTC070684
[2026-05-14 12:11:55] DEBUG    Backing off 7.3s before retry
[2026-05-14 12:12:03] INFO     [Browser] → https://www.zaubacorp.com/RELIANT-SOFTWARE-SOLUTION-INTEGRATED-PRIVATE-LIMITED-U72200TN2009PTC070684
[2026-05-14 12:12:11] DEBUG    Raw HTML saved to /home/santhosh/dev/zauba_scraper/raw_html/company_page.html
[2026-05-14 12:12:11] WARNING  Attempt 2/3 blocked or empty for https://www.zaubacorp.com/RELIANT-SOFTWARE-SOLUTION-INTEGRATED-PRIVATE-LIMITED-U72200TN2009PTC070684
[2026-05-14 12:12:11] DEBUG    Backing off 12.5s before retry
[2026-05-14 12:12:23] INFO     [Browser] → https://www.zaubacorp.com/RELIANT-SOFTWARE-SOLUTION-INTEGRATED-PRIVATE-LIMITED-U72200TN2009PTC070684
[2026-05-14 12:12:32] DEBUG    Raw HTML saved to /home/santhosh/dev/zauba_scraper/raw_html/company_page.html
[2026-05-14 12:12:32] WARNING  Attempt 3/3 blocked or empty for https://www.zaubacorp.com/RELIANT-SOFTWARE-SOLUTION-INTEGRATED-PRIVATE-LIMITED-U72200TN2009PTC070684
[2026-05-14 12:12:32] ERROR    Permanently blocked for https://www.zaubacorp.com/RELIANT-SOFTWARE-SOLUTION-INTEGRATED-PRIVATE-LIMITED-U72200TN2009PTC070684
[2026-05-14 12:12:36] INFO     [48/100] Processing ...
[2026-05-14 12:12:36] INFO     Scraping: https://www.zaubacorp.com/HADRON-PHARMA-LAB-SOLUTIONS-PRIVATE-LIMITED-U74999UP2017PTC095536
[2026-05-14 12:12:36] INFO     [Browser] → https://www.zaubacorp.com/HADRON-PHARMA-LAB-SOLUTIONS-PRIVATE-LIMITED-U74999UP2017PTC095536
[2026-05-14 12:12:44] DEBUG    Raw HTML saved to /home/santhosh/dev/zauba_scraper/raw_html/company_page.html
[2026-05-14 12:12:44] WARNING  Attempt 1/3 blocked or empty for https://www.zaubacorp.com/HADRON-PHARMA-LAB-SOLUTIONS-PRIVATE-LIMITED-U74999UP2017PTC095536
[2026-05-14 12:12:44] DEBUG    Backing off 6.3s before retry
[2026-05-14 12:12:51] INFO     [Browser] → https://www.zaubacorp.com/HADRON-PHARMA-LAB-SOLUTIONS-PRIVATE-LIMITED-U74999UP2017PTC095536
[2026-05-14 12:12:59] DEBUG    Raw HTML saved to /home/santhosh/dev/zauba_scraper/raw_html/company_page.html
[2026-05-14 12:12:59] WARNING  Attempt 2/3 blocked or empty for https://www.zaubacorp.com/HADRON-PHARMA-LAB-SOLUTIONS-PRIVATE-LIMITED-U74999UP2017PTC095536
[2026-05-14 12:12:59] DEBUG    Backing off 10.5s before retry
[2026-05-14 12:13:09] INFO     [Browser] → https://www.zaubacorp.com/HADRON-PHARMA-LAB-SOLUTIONS-PRIVATE-LIMITED-U74999UP2017PTC095536
[2026-05-14 12:13:18] DEBUG    Raw HTML saved to /home/santhosh/dev/zauba_scraper/raw_html/company_page.html
[2026-05-14 12:13:18] WARNING  Attempt 3/3 blocked or empty for https://www.zaubacorp.com/HADRON-PHARMA-LAB-SOLUTIONS-PRIVATE-LIMITED-U74999UP2017PTC095536
[2026-05-14 12:13:18] ERROR    Permanently blocked for https://www.zaubacorp.com/HADRON-PHARMA-LAB-SOLUTIONS-PRIVATE-LIMITED-U74999UP2017PTC095536
[2026-05-14 12:13:21] INFO     [49/100] Processing ...
[2026-05-14 12:13:21] INFO     Scraping: https://www.zaubacorp.com/ALHAMD-EXIM-PRIVATE-LIMITED-U51909UP2021PTC144433
[2026-05-14 12:13:21] INFO     [Browser] → https://www.zaubacorp.com/ALHAMD-EXIM-PRIVATE-LIMITED-U51909UP2021PTC144433
[2026-05-14 12:13:29] DEBUG    Raw HTML saved to /home/santhosh/dev/zauba_scraper/raw_html/company_page.html
[2026-05-14 12:13:29] WARNING  Attempt 1/3 blocked or empty for https://www.zaubacorp.com/ALHAMD-EXIM-PRIVATE-LIMITED-U51909UP2021PTC144433
[2026-05-14 12:13:29] DEBUG    Backing off 6.2s before retry
[2026-05-14 12:13:35] INFO     [Browser] → https://www.zaubacorp.com/ALHAMD-EXIM-PRIVATE-LIMITED-U51909UP2021PTC144433
[2026-05-14 12:13:44] DEBUG    Raw HTML saved to /home/santhosh/dev/zauba_scraper/raw_html/company_page.html
[2026-05-14 12:13:44] WARNING  Attempt 2/3 blocked or empty for https://www.zaubacorp.com/ALHAMD-EXIM-PRIVATE-LIMITED-U51909UP2021PTC144433
[2026-05-14 12:13:44] DEBUG    Backing off 11.1s before retry
[2026-05-14 12:13:55] INFO     [Browser] → https://www.zaubacorp.com/ALHAMD-EXIM-PRIVATE-LIMITED-U51909UP2021PTC144433
[2026-05-14 12:14:03] DEBUG    Raw HTML saved to /home/santhosh/dev/zauba_scraper/raw_html/company_page.html
[2026-05-14 12:14:03] WARNING  Attempt 3/3 blocked or empty for https://www.zaubacorp.com/ALHAMD-EXIM-PRIVATE-LIMITED-U51909UP2021PTC144433
[2026-05-14 12:14:03] ERROR    Permanently blocked for https://www.zaubacorp.com/ALHAMD-EXIM-PRIVATE-LIMITED-U51909UP2021PTC144433
[2026-05-14 12:14:07] INFO     [50/100] Processing ...
[2026-05-14 12:14:07] INFO     Scraping: https://www.zaubacorp.com/VPG-SOLAR-INFRATECH-PRIVATE-LIMITED-U74999UP2017PTC099587
[2026-05-14 12:14:07] INFO     [Browser] → https://www.zaubacorp.com/VPG-SOLAR-INFRATECH-PRIVATE-LIMITED-U74999UP2017PTC099587
[2026-05-14 12:15:38] INFO     ============================================================
[2026-05-14 12:15:38] INFO     Zauba Corp Scraper Bot — starting
[2026-05-14 12:15:38] INFO       headless : True
[2026-05-14 12:15:38] INFO     ============================================================
[2026-05-14 12:15:38] INFO     Starting browser (headless=True)
[2026-05-14 12:15:39] INFO     Loading saved session from /home/santhosh/dev/zauba_scraper/session.json
[2026-05-14 12:15:39] DEBUG    Playwright stealth applied
[2026-05-14 12:15:39] INFO     Browser ready
[2026-05-14 12:15:39] INFO     Phase 1: Discovering company URLs (pages 1–5)
[2026-05-14 12:15:39] INFO     Crawling listing page 1 → https://www.zaubacorp.com/companies-list
[2026-05-14 12:15:39] INFO     [Browser] → https://www.zaubacorp.com/companies-list
[2026-05-14 12:15:58] DEBUG    Raw HTML saved to /home/santhosh/dev/zauba_scraper/raw_html/listing_page_1.html
[2026-05-14 12:15:58] ERROR    Cloudflare block on listing page 1 — bot detected
[2026-05-14 12:15:58] DEBUG    Sleeping 2.4s before next listing page
[2026-05-14 12:16:01] INFO     Crawling listing page 2 → https://www.zaubacorp.com/companies-list/p-2-company.html
[2026-05-14 12:16:01] INFO     [Browser] → https://www.zaubacorp.com/companies-list/p-2-company.html
[2026-05-14 12:16:18] DEBUG    Raw HTML saved to /home/santhosh/dev/zauba_scraper/raw_html/listing_page_2.html
[2026-05-14 12:16:18] ERROR    Cloudflare block on listing page 2 — bot detected
[2026-05-14 12:16:18] DEBUG    Sleeping 2.2s before next listing page
[2026-05-14 12:16:20] INFO     Crawling listing page 3 → https://www.zaubacorp.com/companies-list/p-3-company.html
[2026-05-14 12:16:20] INFO     [Browser] → https://www.zaubacorp.com/companies-list/p-3-company.html
[2026-05-14 12:16:38] DEBUG    Raw HTML saved to /home/santhosh/dev/zauba_scraper/raw_html/listing_page_3.html
[2026-05-14 12:16:38] ERROR    Cloudflare block on listing page 3 — bot detected
[2026-05-14 12:16:38] DEBUG    Sleeping 2.4s before next listing page
[2026-05-14 12:16:40] INFO     Crawling listing page 4 → https://www.zaubacorp.com/companies-list/p-4-company.html
[2026-05-14 12:16:40] INFO     [Browser] → https://www.zaubacorp.com/companies-list/p-4-company.html
[2026-05-14 12:16:57] DEBUG    Raw HTML saved to /home/santhosh/dev/zauba_scraper/raw_html/listing_page_4.html
[2026-05-14 12:16:57] ERROR    Cloudflare block on listing page 4 — bot detected
[2026-05-14 12:16:57] DEBUG    Sleeping 3.6s before next listing page
[2026-05-14 12:17:01] INFO     Crawling listing page 5 → https://www.zaubacorp.com/companies-list/p-5-company.html
[2026-05-14 12:17:01] INFO     [Browser] → https://www.zaubacorp.com/companies-list/p-5-company.html
[2026-05-14 12:17:19] DEBUG    Raw HTML saved to /home/santhosh/dev/zauba_scraper/raw_html/listing_page_5.html
[2026-05-14 12:17:19] ERROR    Cloudflare block on listing page 5 — bot detected
[2026-05-14 12:17:19] DEBUG    Sleeping 4.1s before next listing page
[2026-05-14 12:17:23] INFO     Discovery complete — total URLs found: 0
[2026-05-14 12:17:23] INFO     Discovery complete — 0 URLs found
[2026-05-14 12:17:23] INFO     Phase 2: Scraping company details (limit=100)
[2026-05-14 12:17:23] INFO     Starting detail scraping — 100 URLs queued
[2026-05-14 12:17:23] INFO     [1/100] Processing ...
[2026-05-14 12:17:23] INFO     Scraping: https://www.zaubacorp.com/PACIFIC-INFRABUILD-LLP-AAE-6126
[2026-05-14 12:17:23] INFO     [Browser] → https://www.zaubacorp.com/PACIFIC-INFRABUILD-LLP-AAE-6126
[2026-05-14 12:17:42] DEBUG    Raw HTML saved to /home/santhosh/dev/zauba_scraper/raw_html/company_page.html
[2026-05-14 12:17:42] WARNING  Attempt 1/3 blocked or empty for https://www.zaubacorp.com/PACIFIC-INFRABUILD-LLP-AAE-6126
[2026-05-14 12:17:42] DEBUG    Backing off 6.1s before retry
[2026-05-14 12:17:48] INFO     [Browser] → https://www.zaubacorp.com/PACIFIC-INFRABUILD-LLP-AAE-6126
[2026-05-14 12:18:07] DEBUG    Raw HTML saved to /home/santhosh/dev/zauba_scraper/raw_html/company_page.html
[2026-05-14 12:18:07] WARNING  Attempt 2/3 blocked or empty for https://www.zaubacorp.com/PACIFIC-INFRABUILD-LLP-AAE-6126
[2026-05-14 12:18:07] DEBUG    Backing off 11.8s before retry
[2026-05-14 12:18:18] INFO     [Browser] → https://www.zaubacorp.com/PACIFIC-INFRABUILD-LLP-AAE-6126
[2026-05-14 12:18:36] DEBUG    Raw HTML saved to /home/santhosh/dev/zauba_scraper/raw_html/company_page.html
[2026-05-14 12:18:36] WARNING  Attempt 3/3 blocked or empty for https://www.zaubacorp.com/PACIFIC-INFRABUILD-LLP-AAE-6126
[2026-05-14 12:18:36] ERROR    Permanently blocked for https://www.zaubacorp.com/PACIFIC-INFRABUILD-LLP-AAE-6126
[2026-05-14 12:18:40] INFO     [2/100] Processing ...
[2026-05-14 12:18:40] INFO     Scraping: https://www.zaubacorp.com/AFFAIRS-EVENT-MANAGEMENT-LLP-AAF-1027
[2026-05-14 12:18:40] INFO     [Browser] → https://www.zaubacorp.com/AFFAIRS-EVENT-MANAGEMENT-LLP-AAF-1027
[2026-05-14 12:18:58] DEBUG    Raw HTML saved to /home/santhosh/dev/zauba_scraper/raw_html/company_page.html
[2026-05-14 12:18:58] WARNING  Attempt 1/3 blocked or empty for https://www.zaubacorp.com/AFFAIRS-EVENT-MANAGEMENT-LLP-AAF-1027
[2026-05-14 12:18:58] DEBUG    Backing off 7.1s before retry
[2026-05-14 12:19:05] INFO     [Browser] → https://www.zaubacorp.com/AFFAIRS-EVENT-MANAGEMENT-LLP-AAF-1027
[2026-05-14 12:19:23] DEBUG    Raw HTML saved to /home/santhosh/dev/zauba_scraper/raw_html/company_page.html
[2026-05-14 12:19:23] WARNING  Attempt 2/3 blocked or empty for https://www.zaubacorp.com/AFFAIRS-EVENT-MANAGEMENT-LLP-AAF-1027
[2026-05-14 12:19:23] DEBUG    Backing off 12.5s before retry
[2026-05-14 12:19:36] INFO     [Browser] → https://www.zaubacorp.com/AFFAIRS-EVENT-MANAGEMENT-LLP-AAF-1027
[2026-05-14 12:19:55] DEBUG    Raw HTML saved to /home/santhosh/dev/zauba_scraper/raw_html/company_page.html
[2026-05-14 12:19:55] WARNING  Attempt 3/3 blocked or empty for https://www.zaubacorp.com/AFFAIRS-EVENT-MANAGEMENT-LLP-AAF-1027
[2026-05-14 12:19:55] ERROR    Permanently blocked for https://www.zaubacorp.com/AFFAIRS-EVENT-MANAGEMENT-LLP-AAF-1027
[2026-05-14 12:19:58] INFO     [3/100] Processing ...
[2026-05-14 12:19:58] INFO     Scraping: https://www.zaubacorp.com/VIPANI-ONLINE-SHOPPING-PORTAL-LLP-AAF-8155
[2026-05-14 12:19:58] INFO     [Browser] → https://www.zaubacorp.com/VIPANI-ONLINE-SHOPPING-PORTAL-LLP-AAF-8155
[2026-05-14 12:20:16] DEBUG    Raw HTML saved to /home/santhosh/dev/zauba_scraper/raw_html/company_page.html
[2026-05-14 12:20:16] WARNING  Attempt 1/3 blocked or empty for https://www.zaubacorp.com/VIPANI-ONLINE-SHOPPING-PORTAL-LLP-AAF-8155
[2026-05-14 12:20:16] DEBUG    Backing off 5.8s before retry
[2026-05-14 12:20:22] INFO     [Browser] → https://www.zaubacorp.com/VIPANI-ONLINE-SHOPPING-PORTAL-LLP-AAF-8155
[2026-05-14 12:20:42] DEBUG    Raw HTML saved to /home/santhosh/dev/zauba_scraper/raw_html/company_page.html
[2026-05-14 12:20:42] WARNING  Attempt 2/3 blocked or empty for https://www.zaubacorp.com/VIPANI-ONLINE-SHOPPING-PORTAL-LLP-AAF-8155
[2026-05-14 12:20:42] DEBUG    Backing off 12.2s before retry
[2026-05-14 12:20:54] INFO     [Browser] → https://www.zaubacorp.com/VIPANI-ONLINE-SHOPPING-PORTAL-LLP-AAF-8155
[2026-05-14 12:21:14] DEBUG    Raw HTML saved to /home/santhosh/dev/zauba_scraper/raw_html/company_page.html
[2026-05-14 12:21:14] WARNING  Attempt 3/3 blocked or empty for https://www.zaubacorp.com/VIPANI-ONLINE-SHOPPING-PORTAL-LLP-AAF-8155
[2026-05-14 12:21:14] ERROR    Permanently blocked for https://www.zaubacorp.com/VIPANI-ONLINE-SHOPPING-PORTAL-LLP-AAF-8155
[2026-05-14 12:21:18] INFO     [4/100] Processing ...
[2026-05-14 12:21:18] INFO     Scraping: https://www.zaubacorp.com/ARMADILLO-REALTY-LLP-AAF-9145
[2026-05-14 12:21:18] INFO     [Browser] → https://www.zaubacorp.com/ARMADILLO-REALTY-LLP-AAF-9145
[2026-05-14 12:21:37] DEBUG    Raw HTML saved to /home/santhosh/dev/zauba_scraper/raw_html/company_page.html
[2026-05-14 12:21:37] WARNING  Attempt 1/3 blocked or empty for https://www.zaubacorp.com/ARMADILLO-REALTY-LLP-AAF-9145
[2026-05-14 12:21:37] DEBUG    Backing off 7.9s before retry
[2026-05-14 12:21:45] INFO     [Browser] → https://www.zaubacorp.com/ARMADILLO-REALTY-LLP-AAF-9145
[2026-05-14 12:22:03] DEBUG    Raw HTML saved to /home/santhosh/dev/zauba_scraper/raw_html/company_page.html
[2026-05-14 12:22:03] WARNING  Attempt 2/3 blocked or empty for https://www.zaubacorp.com/ARMADILLO-REALTY-LLP-AAF-9145
[2026-05-14 12:22:03] DEBUG    Backing off 10.7s before retry
[2026-05-14 12:22:14] INFO     [Browser] → https://www.zaubacorp.com/ARMADILLO-REALTY-LLP-AAF-9145
[2026-05-14 12:22:33] DEBUG    Raw HTML saved to /home/santhosh/dev/zauba_scraper/raw_html/company_page.html
[2026-05-14 12:22:33] WARNING  Attempt 3/3 blocked or empty for https://www.zaubacorp.com/ARMADILLO-REALTY-LLP-AAF-9145
[2026-05-14 12:22:33] ERROR    Permanently blocked for https://www.zaubacorp.com/ARMADILLO-REALTY-LLP-AAF-9145
[2026-05-14 12:22:35] INFO     [5/100] Processing ...
[2026-05-14 12:22:35] INFO     Scraping: https://www.zaubacorp.com/AJAY-AGGARWAL-PROPERTIES-LLP-AAG-0314
[2026-05-14 12:22:35] INFO     [Browser] → https://www.zaubacorp.com/AJAY-AGGARWAL-PROPERTIES-LLP-AAG-0314
[2026-05-14 12:22:53] DEBUG    Raw HTML saved to /home/santhosh/dev/zauba_scraper/raw_html/company_page.html
[2026-05-14 12:22:53] WARNING  Attempt 1/3 blocked or empty for https://www.zaubacorp.com/AJAY-AGGARWAL-PROPERTIES-LLP-AAG-0314
[2026-05-14 12:22:53] DEBUG    Backing off 6.9s before retry
[2026-05-14 12:23:00] INFO     [Browser] → https://www.zaubacorp.com/AJAY-AGGARWAL-PROPERTIES-LLP-AAG-0314
[2026-05-14 12:24:16] INFO     ============================================================
[2026-05-14 12:24:16] INFO     Zauba Corp Scraper Bot — starting
[2026-05-14 12:24:16] INFO       headless : False
[2026-05-14 12:24:16] INFO     ============================================================
[2026-05-14 12:24:16] INFO     Starting browser (headless=False, profile=/home/santhosh/dev/zauba_scraper/browser_profile)
[2026-05-14 12:24:18] DEBUG    Playwright stealth applied
[2026-05-14 12:24:18] INFO     Browser ready
[2026-05-14 12:24:18] INFO     Phase 2: Scraping company details (limit=500)
[2026-05-14 12:24:18] INFO     Starting detail scraping — 149 URLs queued
[2026-05-14 12:24:18] INFO     [1/149] Processing ...
[2026-05-14 12:24:18] INFO     Scraping: https://www.zaubacorp.com/PACIFIC-INFRABUILD-LLP-AAE-6126
[2026-05-14 12:24:18] INFO     [Browser] → https://www.zaubacorp.com/PACIFIC-INFRABUILD-LLP-AAE-6126
[2026-05-14 12:24:41] DEBUG    Raw HTML saved → /home/santhosh/dev/zauba_scraper/raw_html/company_page.html
[2026-05-14 12:24:41] WARNING  Attempt 1/3 blocked or empty for https://www.zaubacorp.com/PACIFIC-INFRABUILD-LLP-AAE-6126
[2026-05-14 12:24:41] DEBUG    Backing off 5.8s before retry
[2026-05-14 12:24:47] INFO     [Browser] → https://www.zaubacorp.com/PACIFIC-INFRABUILD-LLP-AAE-6126
[2026-05-14 12:25:05] DEBUG    Raw HTML saved → /home/santhosh/dev/zauba_scraper/raw_html/company_page.html
[2026-05-14 12:25:05] WARNING  Attempt 2/3 blocked or empty for https://www.zaubacorp.com/PACIFIC-INFRABUILD-LLP-AAE-6126
[2026-05-14 12:25:05] DEBUG    Backing off 12.7s before retry
[2026-05-14 12:25:18] INFO     [Browser] → https://www.zaubacorp.com/PACIFIC-INFRABUILD-LLP-AAE-6126
[2026-05-14 12:25:37] DEBUG    Raw HTML saved → /home/santhosh/dev/zauba_scraper/raw_html/company_page.html
[2026-05-14 12:25:37] WARNING  Attempt 3/3 blocked or empty for https://www.zaubacorp.com/PACIFIC-INFRABUILD-LLP-AAE-6126
[2026-05-14 12:25:37] ERROR    Permanently blocked for https://www.zaubacorp.com/PACIFIC-INFRABUILD-LLP-AAE-6126
[2026-05-14 12:25:40] INFO     [2/149] Processing ...
[2026-05-14 12:25:40] INFO     Scraping: https://www.zaubacorp.com/AFFAIRS-EVENT-MANAGEMENT-LLP-AAF-1027
[2026-05-14 12:25:40] INFO     [Browser] → https://www.zaubacorp.com/AFFAIRS-EVENT-MANAGEMENT-LLP-AAF-1027
[2026-05-14 12:25:58] DEBUG    Raw HTML saved → /home/santhosh/dev/zauba_scraper/raw_html/company_page.html
[2026-05-14 12:25:58] WARNING  Attempt 1/3 blocked or empty for https://www.zaubacorp.com/AFFAIRS-EVENT-MANAGEMENT-LLP-AAF-1027
[2026-05-14 12:25:58] DEBUG    Backing off 7.6s before retry
[2026-05-14 12:26:06] INFO     [Browser] → https://www.zaubacorp.com/AFFAIRS-EVENT-MANAGEMENT-LLP-AAF-1027
[2026-05-14 12:26:23] DEBUG    Raw HTML saved → /home/santhosh/dev/zauba_scraper/raw_html/company_page.html
[2026-05-14 12:26:23] WARNING  Attempt 2/3 blocked or empty for https://www.zaubacorp.com/AFFAIRS-EVENT-MANAGEMENT-LLP-AAF-1027
[2026-05-14 12:26:23] DEBUG    Backing off 11.2s before retry
[2026-05-14 12:26:34] INFO     [Browser] → https://www.zaubacorp.com/AFFAIRS-EVENT-MANAGEMENT-LLP-AAF-1027
[2026-05-14 12:26:51] DEBUG    Raw HTML saved → /home/santhosh/dev/zauba_scraper/raw_html/company_page.html
[2026-05-14 12:26:51] WARNING  Attempt 3/3 blocked or empty for https://www.zaubacorp.com/AFFAIRS-EVENT-MANAGEMENT-LLP-AAF-1027
[2026-05-14 12:26:51] ERROR    Permanently blocked for https://www.zaubacorp.com/AFFAIRS-EVENT-MANAGEMENT-LLP-AAF-1027
[2026-05-14 12:26:54] INFO     [3/149] Processing ...
[2026-05-14 12:26:54] INFO     Scraping: https://www.zaubacorp.com/VIPANI-ONLINE-SHOPPING-PORTAL-LLP-AAF-8155
[2026-05-14 12:26:54] INFO     [Browser] → https://www.zaubacorp.com/VIPANI-ONLINE-SHOPPING-PORTAL-LLP-AAF-8155
[2026-05-14 12:27:11] DEBUG    Raw HTML saved → /home/santhosh/dev/zauba_scraper/raw_html/company_page.html
[2026-05-14 12:27:11] WARNING  Attempt 1/3 blocked or empty for https://www.zaubacorp.com/VIPANI-ONLINE-SHOPPING-PORTAL-LLP-AAF-8155
[2026-05-14 12:27:11] DEBUG    Backing off 6.9s before retry
[2026-05-14 12:27:18] INFO     [Browser] → https://www.zaubacorp.com/VIPANI-ONLINE-SHOPPING-PORTAL-LLP-AAF-8155
[2026-05-14 12:27:36] DEBUG    Raw HTML saved → /home/santhosh/dev/zauba_scraper/raw_html/company_page.html
[2026-05-14 12:27:36] WARNING  Attempt 2/3 blocked or empty for https://www.zaubacorp.com/VIPANI-ONLINE-SHOPPING-PORTAL-LLP-AAF-8155
[2026-05-14 12:27:36] DEBUG    Backing off 11.9s before retry
[2026-05-14 12:27:48] INFO     [Browser] → https://www.zaubacorp.com/VIPANI-ONLINE-SHOPPING-PORTAL-LLP-AAF-8155
[2026-05-14 12:28:06] DEBUG    Raw HTML saved → /home/santhosh/dev/zauba_scraper/raw_html/company_page.html
[2026-05-14 12:28:06] WARNING  Attempt 3/3 blocked or empty for https://www.zaubacorp.com/VIPANI-ONLINE-SHOPPING-PORTAL-LLP-AAF-8155
[2026-05-14 12:28:06] ERROR    Permanently blocked for https://www.zaubacorp.com/VIPANI-ONLINE-SHOPPING-PORTAL-LLP-AAF-8155
[2026-05-14 12:28:11] INFO     [4/149] Processing ...
[2026-05-14 12:28:11] INFO     Scraping: https://www.zaubacorp.com/ARMADILLO-REALTY-LLP-AAF-9145
[2026-05-14 12:28:11] INFO     [Browser] → https://www.zaubacorp.com/ARMADILLO-REALTY-LLP-AAF-9145
[2026-05-14 12:28:29] DEBUG    Raw HTML saved → /home/santhosh/dev/zauba_scraper/raw_html/company_page.html
[2026-05-14 12:28:29] WARNING  Attempt 1/3 blocked or empty for https://www.zaubacorp.com/ARMADILLO-REALTY-LLP-AAF-9145
[2026-05-14 12:28:29] DEBUG    Backing off 7.3s before retry
[2026-05-14 12:28:36] INFO     [Browser] → https://www.zaubacorp.com/ARMADILLO-REALTY-LLP-AAF-9145
[2026-05-14 12:28:54] DEBUG    Raw HTML saved → /home/santhosh/dev/zauba_scraper/raw_html/company_page.html
[2026-05-14 12:28:54] WARNING  Attempt 2/3 blocked or empty for https://www.zaubacorp.com/ARMADILLO-REALTY-LLP-AAF-9145
[2026-05-14 12:28:54] DEBUG    Backing off 11.2s before retry
[2026-05-14 12:29:06] INFO     [Browser] → https://www.zaubacorp.com/ARMADILLO-REALTY-LLP-AAF-9145
[2026-05-14 12:29:24] DEBUG    Raw HTML saved → /home/santhosh/dev/zauba_scraper/raw_html/company_page.html
[2026-05-14 12:29:24] WARNING  Attempt 3/3 blocked or empty for https://www.zaubacorp.com/ARMADILLO-REALTY-LLP-AAF-9145
[2026-05-14 12:29:24] ERROR    Permanently blocked for https://www.zaubacorp.com/ARMADILLO-REALTY-LLP-AAF-9145
[2026-05-14 12:29:27] INFO     [5/149] Processing ...
[2026-05-14 12:29:27] INFO     Scraping: https://www.zaubacorp.com/AJAY-AGGARWAL-PROPERTIES-LLP-AAG-0314
[2026-05-14 12:29:27] INFO     [Browser] → https://www.zaubacorp.com/AJAY-AGGARWAL-PROPERTIES-LLP-AAG-0314
[2026-05-14 12:29:45] DEBUG    Raw HTML saved → /home/santhosh/dev/zauba_scraper/raw_html/company_page.html
[2026-05-14 12:29:45] WARNING  Attempt 1/3 blocked or empty for https://www.zaubacorp.com/AJAY-AGGARWAL-PROPERTIES-LLP-AAG-0314
[2026-05-14 12:29:45] DEBUG    Backing off 7.6s before retry
[2026-05-14 12:29:53] INFO     [Browser] → https://www.zaubacorp.com/AJAY-AGGARWAL-PROPERTIES-LLP-AAG-0314
[2026-05-14 12:30:10] DEBUG    Raw HTML saved → /home/santhosh/dev/zauba_scraper/raw_html/company_page.html
[2026-05-14 12:30:10] WARNING  Attempt 2/3 blocked or empty for https://www.zaubacorp.com/AJAY-AGGARWAL-PROPERTIES-LLP-AAG-0314
[2026-05-14 12:30:10] DEBUG    Backing off 12.2s before retry
[2026-05-14 12:30:23] INFO     [Browser] → https://www.zaubacorp.com/AJAY-AGGARWAL-PROPERTIES-LLP-AAG-0314
[2026-05-14 12:30:40] DEBUG    Raw HTML saved → /home/santhosh/dev/zauba_scraper/raw_html/company_page.html
[2026-05-14 12:30:40] WARNING  Attempt 3/3 blocked or empty for https://www.zaubacorp.com/AJAY-AGGARWAL-PROPERTIES-LLP-AAG-0314
[2026-05-14 12:30:40] ERROR    Permanently blocked for https://www.zaubacorp.com/AJAY-AGGARWAL-PROPERTIES-LLP-AAG-0314
[2026-05-14 12:30:44] INFO     [6/149] Processing ...
[2026-05-14 12:30:44] INFO     Scraping: https://www.zaubacorp.com/BEFREE-BUSINESS-RESOURCING-LLP-AAG-4170
[2026-05-14 12:30:44] INFO     [Browser] → https://www.zaubacorp.com/BEFREE-BUSINESS-RESOURCING-LLP-AAG-4170
[2026-05-14 12:31:02] DEBUG    Raw HTML saved → /home/santhosh/dev/zauba_scraper/raw_html/company_page.html
[2026-05-14 12:31:02] WARNING  Attempt 1/3 blocked or empty for https://www.zaubacorp.com/BEFREE-BUSINESS-RESOURCING-LLP-AAG-4170
[2026-05-14 12:31:02] DEBUG    Backing off 7.0s before retry
[2026-05-14 12:31:09] INFO     [Browser] → https://www.zaubacorp.com/BEFREE-BUSINESS-RESOURCING-LLP-AAG-4170
[2026-05-14 12:31:26] DEBUG    Raw HTML saved → /home/santhosh/dev/zauba_scraper/raw_html/company_page.html
[2026-05-14 12:31:26] WARNING  Attempt 2/3 blocked or empty for https://www.zaubacorp.com/BEFREE-BUSINESS-RESOURCING-LLP-AAG-4170
[2026-05-14 12:31:26] DEBUG    Backing off 11.8s before retry
[2026-05-14 12:31:38] INFO     [Browser] → https://www.zaubacorp.com/BEFREE-BUSINESS-RESOURCING-LLP-AAG-4170
[2026-05-14 12:31:55] DEBUG    Raw HTML saved → /home/santhosh/dev/zauba_scraper/raw_html/company_page.html
[2026-05-14 12:31:55] WARNING  Attempt 3/3 blocked or empty for https://www.zaubacorp.com/BEFREE-BUSINESS-RESOURCING-LLP-AAG-4170
[2026-05-14 12:31:55] ERROR    Permanently blocked for https://www.zaubacorp.com/BEFREE-BUSINESS-RESOURCING-LLP-AAG-4170
[2026-05-14 12:31:59] INFO     [7/149] Processing ...
[2026-05-14 12:31:59] INFO     Scraping: https://www.zaubacorp.com/VIRAT-PROMOTERS-LLP-AAG-4332
[2026-05-14 12:31:59] INFO     [Browser] → https://www.zaubacorp.com/VIRAT-PROMOTERS-LLP-AAG-4332
[2026-05-14 12:32:16] DEBUG    Raw HTML saved → /home/santhosh/dev/zauba_scraper/raw_html/company_page.html
[2026-05-14 12:32:16] WARNING  Attempt 1/3 blocked or empty for https://www.zaubacorp.com/VIRAT-PROMOTERS-LLP-AAG-4332
[2026-05-14 12:32:16] DEBUG    Backing off 7.7s before retry
[2026-05-14 12:32:24] INFO     [Browser] → https://www.zaubacorp.com/VIRAT-PROMOTERS-LLP-AAG-4332
[2026-05-14 12:32:42] DEBUG    Raw HTML saved → /home/santhosh/dev/zauba_scraper/raw_html/company_page.html
[2026-05-14 12:32:42] WARNING  Attempt 2/3 blocked or empty for https://www.zaubacorp.com/VIRAT-PROMOTERS-LLP-AAG-4332
[2026-05-14 12:32:42] DEBUG    Backing off 11.8s before retry
[2026-05-14 12:32:54] INFO     [Browser] → https://www.zaubacorp.com/VIRAT-PROMOTERS-LLP-AAG-4332
[2026-05-14 12:33:12] DEBUG    Raw HTML saved → /home/santhosh/dev/zauba_scraper/raw_html/company_page.html
[2026-05-14 12:33:12] WARNING  Attempt 3/3 blocked or empty for https://www.zaubacorp.com/VIRAT-PROMOTERS-LLP-AAG-4332
[2026-05-14 12:33:12] ERROR    Permanently blocked for https://www.zaubacorp.com/VIRAT-PROMOTERS-LLP-AAG-4332
[2026-05-14 12:33:14] INFO     [8/149] Processing ...
[2026-05-14 12:33:14] INFO     Scraping: https://www.zaubacorp.com/SRI-KRISHNA-FREEHOLD-LLP-AAF-2865
[2026-05-14 12:33:14] INFO     [Browser] → https://www.zaubacorp.com/SRI-KRISHNA-FREEHOLD-LLP-AAF-2865
[2026-05-14 12:33:32] DEBUG    Raw HTML saved → /home/santhosh/dev/zauba_scraper/raw_html/company_page.html
[2026-05-14 12:33:32] WARNING  Attempt 1/3 blocked or empty for https://www.zaubacorp.com/SRI-KRISHNA-FREEHOLD-LLP-AAF-2865
[2026-05-14 12:33:32] DEBUG    Backing off 7.4s before retry
[2026-05-14 12:33:40] INFO     [Browser] → https://www.zaubacorp.com/SRI-KRISHNA-FREEHOLD-LLP-AAF-2865
[2026-05-14 12:33:57] DEBUG    Raw HTML saved → /home/santhosh/dev/zauba_scraper/raw_html/company_page.html
[2026-05-14 12:33:57] WARNING  Attempt 2/3 blocked or empty for https://www.zaubacorp.com/SRI-KRISHNA-FREEHOLD-LLP-AAF-2865
[2026-05-14 12:33:57] DEBUG    Backing off 10.8s before retry
[2026-05-14 12:34:08] INFO     [Browser] → https://www.zaubacorp.com/SRI-KRISHNA-FREEHOLD-LLP-AAF-2865
[2026-05-14 12:34:26] DEBUG    Raw HTML saved → /home/santhosh/dev/zauba_scraper/raw_html/company_page.html
[2026-05-14 12:34:26] WARNING  Attempt 3/3 blocked or empty for https://www.zaubacorp.com/SRI-KRISHNA-FREEHOLD-LLP-AAF-2865
[2026-05-14 12:34:26] ERROR    Permanently blocked for https://www.zaubacorp.com/SRI-KRISHNA-FREEHOLD-LLP-AAF-2865
[2026-05-14 12:34:31] INFO     [9/149] Processing ...
[2026-05-14 12:34:31] INFO     Scraping: https://www.zaubacorp.com/SOLSKEN-ENERGY-LLP-AAF-1860
[2026-05-14 12:34:31] INFO     [Browser] → https://www.zaubacorp.com/SOLSKEN-ENERGY-LLP-AAF-1860
[2026-05-14 12:34:51] DEBUG    Raw HTML saved → /home/santhosh/dev/zauba_scraper/raw_html/company_page.html
[2026-05-14 12:34:51] WARNING  Attempt 1/3 blocked or empty for https://www.zaubacorp.com/SOLSKEN-ENERGY-LLP-AAF-1860
[2026-05-14 12:34:51] DEBUG    Backing off 7.3s before retry
[2026-05-14 12:34:58] INFO     [Browser] → https://www.zaubacorp.com/SOLSKEN-ENERGY-LLP-AAF-1860
[2026-05-14 12:35:19] DEBUG    Raw HTML saved → /home/santhosh/dev/zauba_scraper/raw_html/company_page.html
[2026-05-14 12:35:19] WARNING  Attempt 2/3 blocked or empty for https://www.zaubacorp.com/SOLSKEN-ENERGY-LLP-AAF-1860
[2026-05-14 12:35:19] DEBUG    Backing off 11.1s before retry
[2026-05-14 12:35:30] INFO     [Browser] → https://www.zaubacorp.com/SOLSKEN-ENERGY-LLP-AAF-1860
[2026-05-14 12:35:47] DEBUG    Raw HTML saved → /home/santhosh/dev/zauba_scraper/raw_html/company_page.html
[2026-05-14 12:35:47] WARNING  Attempt 3/3 blocked or empty for https://www.zaubacorp.com/SOLSKEN-ENERGY-LLP-AAF-1860
[2026-05-14 12:35:47] ERROR    Permanently blocked for https://www.zaubacorp.com/SOLSKEN-ENERGY-LLP-AAF-1860
[2026-05-14 12:35:51] INFO     [10/149] Processing ...
[2026-05-14 12:35:51] INFO     Scraping: https://www.zaubacorp.com/REINA-CONSULTING-LLP-AAE-9623
[2026-05-14 12:35:51] INFO     [Browser] → https://www.zaubacorp.com/REINA-CONSULTING-LLP-AAE-9623
[2026-05-14 12:36:09] DEBUG    Raw HTML saved → /home/santhosh/dev/zauba_scraper/raw_html/company_page.html
[2026-05-14 12:36:09] WARNING  Attempt 1/3 blocked or empty for https://www.zaubacorp.com/REINA-CONSULTING-LLP-AAE-9623
[2026-05-14 12:36:09] DEBUG    Backing off 6.2s before retry
[2026-05-14 12:36:15] INFO     [Browser] → https://www.zaubacorp.com/REINA-CONSULTING-LLP-AAE-9623
[2026-05-14 12:36:33] DEBUG    Raw HTML saved → /home/santhosh/dev/zauba_scraper/raw_html/company_page.html
[2026-05-14 12:36:33] WARNING  Attempt 2/3 blocked or empty for https://www.zaubacorp.com/REINA-CONSULTING-LLP-AAE-9623
[2026-05-14 12:36:33] DEBUG    Backing off 12.0s before retry
[2026-05-14 12:36:45] INFO     [Browser] → https://www.zaubacorp.com/REINA-CONSULTING-LLP-AAE-9623
[2026-05-14 12:37:03] DEBUG    Raw HTML saved → /home/santhosh/dev/zauba_scraper/raw_html/company_page.html
[2026-05-14 12:37:03] WARNING  Attempt 3/3 blocked or empty for https://www.zaubacorp.com/REINA-CONSULTING-LLP-AAE-9623
[2026-05-14 12:37:03] ERROR    Permanently blocked for https://www.zaubacorp.com/REINA-CONSULTING-LLP-AAE-9623
[2026-05-14 12:37:07] INFO     [11/149] Processing ...
[2026-05-14 12:37:07] INFO     Scraping: https://www.zaubacorp.com/SAFARI-BIKES-PRIVATE-LIMITED-U35921PB1995PTC017379
[2026-05-14 12:37:07] INFO     [Browser] → https://www.zaubacorp.com/SAFARI-BIKES-PRIVATE-LIMITED-U35921PB1995PTC017379
[2026-05-14 12:37:24] DEBUG    Raw HTML saved → /home/santhosh/dev/zauba_scraper/raw_html/company_page.html
[2026-05-14 12:37:24] WARNING  Attempt 1/3 blocked or empty for https://www.zaubacorp.com/SAFARI-BIKES-PRIVATE-LIMITED-U35921PB1995PTC017379
[2026-05-14 12:37:24] DEBUG    Backing off 7.6s before retry
[2026-05-14 12:37:32] INFO     [Browser] → https://www.zaubacorp.com/SAFARI-BIKES-PRIVATE-LIMITED-U35921PB1995PTC017379
[2026-05-14 12:37:51] DEBUG    Raw HTML saved → /home/santhosh/dev/zauba_scraper/raw_html/company_page.html
[2026-05-14 12:37:51] WARNING  Attempt 2/3 blocked or empty for https://www.zaubacorp.com/SAFARI-BIKES-PRIVATE-LIMITED-U35921PB1995PTC017379
[2026-05-14 12:37:51] DEBUG    Backing off 11.0s before retry
[2026-05-14 12:38:02] INFO     [Browser] → https://www.zaubacorp.com/SAFARI-BIKES-PRIVATE-LIMITED-U35921PB1995PTC017379
[2026-05-14 12:38:20] DEBUG    Raw HTML saved → /home/santhosh/dev/zauba_scraper/raw_html/company_page.html
[2026-05-14 12:38:20] WARNING  Attempt 3/3 blocked or empty for https://www.zaubacorp.com/SAFARI-BIKES-PRIVATE-LIMITED-U35921PB1995PTC017379
[2026-05-14 12:38:20] ERROR    Permanently blocked for https://www.zaubacorp.com/SAFARI-BIKES-PRIVATE-LIMITED-U35921PB1995PTC017379
[2026-05-14 12:38:23] INFO     [12/149] Processing ...
[2026-05-14 12:38:23] INFO     Scraping: https://www.zaubacorp.com/NCORE-TECHNOLOGY-PVT-LTD-U72200TG1990PTC011250
[2026-05-14 12:38:23] INFO     [Browser] → https://www.zaubacorp.com/NCORE-TECHNOLOGY-PVT-LTD-U72200TG1990PTC011250
[2026-05-14 12:38:41] DEBUG    Raw HTML saved → /home/santhosh/dev/zauba_scraper/raw_html/company_page.html
[2026-05-14 12:38:41] WARNING  Attempt 1/3 blocked or empty for https://www.zaubacorp.com/NCORE-TECHNOLOGY-PVT-LTD-U72200TG1990PTC011250
[2026-05-14 12:38:41] DEBUG    Backing off 7.3s before retry
[2026-05-14 12:38:48] INFO     [Browser] → https://www.zaubacorp.com/NCORE-TECHNOLOGY-PVT-LTD-U72200TG1990PTC011250
[2026-05-14 12:39:07] DEBUG    Raw HTML saved → /home/santhosh/dev/zauba_scraper/raw_html/company_page.html
[2026-05-14 12:39:07] WARNING  Attempt 2/3 blocked or empty for https://www.zaubacorp.com/NCORE-TECHNOLOGY-PVT-LTD-U72200TG1990PTC011250
[2026-05-14 12:39:07] DEBUG    Backing off 10.6s before retry
[2026-05-14 12:39:18] INFO     [Browser] → https://www.zaubacorp.com/NCORE-TECHNOLOGY-PVT-LTD-U72200TG1990PTC011250
[2026-05-14 12:39:36] DEBUG    Raw HTML saved → /home/santhosh/dev/zauba_scraper/raw_html/company_page.html
[2026-05-14 12:39:36] WARNING  Attempt 3/3 blocked or empty for https://www.zaubacorp.com/NCORE-TECHNOLOGY-PVT-LTD-U72200TG1990PTC011250
[2026-05-14 12:39:36] ERROR    Permanently blocked for https://www.zaubacorp.com/NCORE-TECHNOLOGY-PVT-LTD-U72200TG1990PTC011250
[2026-05-14 12:39:41] INFO     [13/149] Processing ...
[2026-05-14 12:39:41] INFO     Scraping: https://www.zaubacorp.com/AKHEALTH-BUSINESS-SOLUTION-PRIVATE-LIMITED-U74999PN2017PTC172044
[2026-05-14 12:39:41] INFO     [Browser] → https://www.zaubacorp.com/AKHEALTH-BUSINESS-SOLUTION-PRIVATE-LIMITED-U74999PN2017PTC172044
[2026-05-14 12:39:59] DEBUG    Raw HTML saved → /home/santhosh/dev/zauba_scraper/raw_html/company_page.html
[2026-05-14 12:39:59] WARNING  Attempt 1/3 blocked or empty for https://www.zaubacorp.com/AKHEALTH-BUSINESS-SOLUTION-PRIVATE-LIMITED-U74999PN2017PTC172044
[2026-05-14 12:39:59] DEBUG    Backing off 6.0s before retry
[2026-05-14 12:40:05] INFO     [Browser] → https://www.zaubacorp.com/AKHEALTH-BUSINESS-SOLUTION-PRIVATE-LIMITED-U74999PN2017PTC172044
[2026-05-14 12:40:23] DEBUG    Raw HTML saved → /home/santhosh/dev/zauba_scraper/raw_html/company_page.html
[2026-05-14 12:40:23] WARNING  Attempt 2/3 blocked or empty for https://www.zaubacorp.com/AKHEALTH-BUSINESS-SOLUTION-PRIVATE-LIMITED-U74999PN2017PTC172044
[2026-05-14 12:40:23] DEBUG    Backing off 12.9s before retry
[2026-05-14 12:40:36] INFO     [Browser] → https://www.zaubacorp.com/AKHEALTH-BUSINESS-SOLUTION-PRIVATE-LIMITED-U74999PN2017PTC172044
[2026-05-14 12:40:53] DEBUG    Raw HTML saved → /home/santhosh/dev/zauba_scraper/raw_html/company_page.html
[2026-05-14 12:40:53] WARNING  Attempt 3/3 blocked or empty for https://www.zaubacorp.com/AKHEALTH-BUSINESS-SOLUTION-PRIVATE-LIMITED-U74999PN2017PTC172044
[2026-05-14 12:40:53] ERROR    Permanently blocked for https://www.zaubacorp.com/AKHEALTH-BUSINESS-SOLUTION-PRIVATE-LIMITED-U74999PN2017PTC172044
[2026-05-14 12:40:56] INFO     [14/149] Processing ...
[2026-05-14 12:40:56] INFO     Scraping: https://www.zaubacorp.com/SUPREME-HEATREATERS-PVT-LTD-U99999MH1987PTC043205
[2026-05-14 12:40:56] INFO     [Browser] → https://www.zaubacorp.com/SUPREME-HEATREATERS-PVT-LTD-U99999MH1987PTC043205
[2026-05-14 12:41:15] DEBUG    Raw HTML saved → /home/santhosh/dev/zauba_scraper/raw_html/company_page.html
[2026-05-14 12:41:15] WARNING  Attempt 1/3 blocked or empty for https://www.zaubacorp.com/SUPREME-HEATREATERS-PVT-LTD-U99999MH1987PTC043205
[2026-05-14 12:41:15] DEBUG    Backing off 6.9s before retry
[2026-05-14 12:41:22] INFO     [Browser] → https://www.zaubacorp.com/SUPREME-HEATREATERS-PVT-LTD-U99999MH1987PTC043205
[2026-05-14 12:43:25] INFO     ============================================================
[2026-05-14 12:43:25] INFO     Zauba Corp Scraper Bot — starting
[2026-05-14 12:43:25] INFO     ============================================================
[2026-05-14 12:43:25] INFO     Test mode: scraping single URL
[2026-05-14 12:43:25] INFO     Scraping: https://www.zaubacorp.com/PACIFIC-INFRABUILD-LLP-AAE-6126
[2026-05-14 12:43:27] INFO     ✓ PACIFIC INFRABUILD LLP | CIN: AAE-6126 | Delhi South Delhi, Delhi
[2026-05-14 12:43:27] INFO     Test scrape succeeded
[2026-05-14 12:44:10] INFO     ============================================================
[2026-05-14 12:44:10] INFO     Zauba Corp Scraper Bot — starting
[2026-05-14 12:44:10] INFO     ============================================================
[2026-05-14 12:44:10] INFO     Phase 2: Scraping company details (limit=149)
[2026-05-14 12:44:10] INFO     Starting scraping — 148 URLs queued
[2026-05-14 12:44:10] INFO     [1/148]
[2026-05-14 12:44:10] INFO     Scraping: https://www.zaubacorp.com/AFFAIRS-EVENT-MANAGEMENT-LLP-AAF-1027
[2026-05-14 12:44:11] INFO     ✓ AFFAIRS EVENT MANAGEMENT LLP | CIN: AAF-1027 | Indore, Madhya Pradesh
[2026-05-14 12:44:13] INFO     [2/148]
[2026-05-14 12:44:13] INFO     Scraping: https://www.zaubacorp.com/VIPANI-ONLINE-SHOPPING-PORTAL-LLP-AAF-8155
[2026-05-14 12:44:14] INFO     ✓ VIPANI ONLINE SHOPPING PORTAL LLP | CIN: AAF-8155 | ROAD CALICUT Kozhikode, Kerala
[2026-05-14 12:44:19] INFO     [3/148]
[2026-05-14 12:44:19] INFO     Scraping: https://www.zaubacorp.com/ARMADILLO-REALTY-LLP-AAF-9145
[2026-05-14 12:44:20] INFO     ✓ ARMADILLO REALTY LLP | CIN: AAF-9145 | MUMBAI Mumbai City, Maharashtra
[2026-05-14 12:44:24] INFO     [4/148]
[2026-05-14 12:44:24] INFO     Scraping: https://www.zaubacorp.com/AJAY-AGGARWAL-PROPERTIES-LLP-AAG-0314
[2026-05-14 12:44:25] INFO     ✓ AJAY AGGARWAL PROPERTIES LLP | CIN: AAG-0314 | South West Delhi, Delhi
[2026-05-14 12:44:27] INFO     [5/148]
[2026-05-14 12:44:27] INFO     Scraping: https://www.zaubacorp.com/BEFREE-BUSINESS-RESOURCING-LLP-AAG-4170
[2026-05-14 12:44:36] INFO     ============================================================
[2026-05-14 12:44:36] INFO     Zauba Corp Scraper Bot — starting
[2026-05-14 12:44:36] INFO     ============================================================
[2026-05-14 12:44:36] INFO     Phase 1: Discovering URLs (pages 1–20)
[2026-05-14 12:44:36] INFO     Crawling listing page 1 → https://www.zaubacorp.com/companies-list
[2026-05-14 12:44:39] DEBUG    Found 366 total links on page 1
[2026-05-14 12:44:39] DEBUG      [URL] https://www.zaubacorp.com/PACIFIC-INFRABUILD-LLP-AAE-6126
[2026-05-14 12:44:39] DEBUG      [URL] https://www.zaubacorp.com/AFFAIRS-EVENT-MANAGEMENT-LLP-AAF-1027
[2026-05-14 12:44:39] DEBUG      [URL] https://www.zaubacorp.com/VIPANI-ONLINE-SHOPPING-PORTAL-LLP-AAF-8155
[2026-05-14 12:44:39] DEBUG      [URL] https://www.zaubacorp.com/ARMADILLO-REALTY-LLP-AAF-9145
[2026-05-14 12:44:39] DEBUG      [URL] https://www.zaubacorp.com/AJAY-AGGARWAL-PROPERTIES-LLP-AAG-0314
[2026-05-14 12:44:39] DEBUG      [URL] https://www.zaubacorp.com/BEFREE-BUSINESS-RESOURCING-LLP-AAG-4170
[2026-05-14 12:44:39] DEBUG      [URL] https://www.zaubacorp.com/SIS-MERCHANTILE-INDIA-LLP-AAG-4211
[2026-05-14 12:44:39] DEBUG      [URL] https://www.zaubacorp.com/VIRAT-PROMOTERS-LLP-AAG-4332
[2026-05-14 12:44:39] DEBUG      [URL] https://www.zaubacorp.com/SRI-KRISHNA-FREEHOLD-LLP-AAF-2865
[2026-05-14 12:44:39] DEBUG      [URL] https://www.zaubacorp.com/SOLSKEN-ENERGY-LLP-AAF-1860
[2026-05-14 12:44:39] DEBUG      [URL] https://www.zaubacorp.com/REINA-CONSULTING-LLP-AAE-9623
[2026-05-14 12:44:39] DEBUG      [URL] https://www.zaubacorp.com/SAFARI-BIKES-PRIVATE-LIMITED-U35921PB1995PTC017379
[2026-05-14 12:44:39] DEBUG      [URL] https://www.zaubacorp.com/NCORE-TECHNOLOGY-PVT-LTD-U72200TG1990PTC011250
[2026-05-14 12:44:39] DEBUG      [URL] https://www.zaubacorp.com/AKHEALTH-BUSINESS-SOLUTION-PRIVATE-LIMITED-U74999PN2017PTC172044
[2026-05-14 12:44:39] DEBUG      [URL] https://www.zaubacorp.com/SUPREME-HEATREATERS-PVT-LTD-U99999MH1987PTC043205
[2026-05-14 12:44:39] DEBUG      [URL] https://www.zaubacorp.com/PWC-STRATEGY-AND-INDIA-PRIVATE-LIMITED-U74990MH2009FTC194075
[2026-05-14 12:44:39] DEBUG      [URL] https://www.zaubacorp.com/PROLOGY-IT-SOLUTIONS-PRIVATE-LIMITED-U74120MH2014PTC258481
[2026-05-14 12:44:39] DEBUG      [URL] https://www.zaubacorp.com/DIVIJ-REALTY-PRIVATE-LIMITED-U70100MH2005PTC153743
[2026-05-14 12:44:39] DEBUG      [URL] https://www.zaubacorp.com/RADIOHMS-AGENCIES-PRIVATE-LIMITED-U51100MH2005PTC150698
[2026-05-14 12:44:39] DEBUG      [URL] https://www.zaubacorp.com/BLUE-CIRCLE-ORGANICS-PRIVATE-LIMITED-U24299MH2003PTC139929
[2026-05-14 12:44:39] DEBUG      [URL] https://www.zaubacorp.com/VISHWAKARMA-TREXIM-PVT-LTD-U51109WB1994PTC062270
[2026-05-14 12:44:39] DEBUG      [URL] https://www.zaubacorp.com/ANANYA-INVESTMENTS-PRIVATE-LIMITED-U65990GJ1980PTC003888
[2026-05-14 12:44:39] DEBUG      [URL] https://www.zaubacorp.com/DRESDNER-KLEINWORT-WASSERSTEIN-SECURITIES-INDIA-PRIVATE-LIMITED-U67120MH1993PTC075675
[2026-05-14 12:44:39] DEBUG      [URL] https://www.zaubacorp.com/SAITEX-FAB-SAREES-LLP-AAQ-6173
[2026-05-14 12:44:39] DEBUG      [URL] https://www.zaubacorp.com/ASPIRE-POWER-PROJECTS-PRIVATE-LIMITED-U40108DL2004PTC125750
[2026-05-14 12:44:39] DEBUG      [URL] https://www.zaubacorp.com/AL-AMAN-TOURISM-PRIVATE-LIMITED-U63040AP2002PTC039713
[2026-05-14 12:44:39] DEBUG      [URL] https://www.zaubacorp.com/AGK-BUILDCON-LLP-AAJ-4875
[2026-05-14 12:44:39] DEBUG      [URL] https://www.zaubacorp.com/KPC-BUILDERS-PRIVATE-LIMITED-U45200AP2001PTC036587
[2026-05-14 12:44:39] DEBUG      [URL] https://www.zaubacorp.com/RASIK-INFRACON-PRIVATE-LIMITED-U45200DL2012PTC231983
[2026-05-14 12:44:39] DEBUG      [URL] https://www.zaubacorp.com/IMPERIAL-CONSULTANTS-AND-SECURITIES-LIMITED-U65993TN1993PTC024724
[2026-05-14 12:44:39] INFO     Page 1 → discovered 30 company URLs
[2026-05-14 12:44:39] DEBUG    Sleeping 4.7s
[2026-05-14 12:44:43] INFO     Crawling listing page 2 → https://www.zaubacorp.com/companies-list/p-2-company.html
[2026-05-14 12:44:47] DEBUG    Found 366 total links on page 2
[2026-05-14 12:44:47] DEBUG      [URL] https://www.zaubacorp.com/SOM-CONSTRUCTION-PRIVATE-LIMITED-U45400MH2012PTC234572
[2026-05-14 12:44:47] DEBUG      [URL] https://www.zaubacorp.com/INEXUS-INNOVATION-PRIVATE-LIMITED-U72900TN2021PTC148423
[2026-05-14 12:44:47] DEBUG      [URL] https://www.zaubacorp.com/S-L-HOMEZ-PRIVATE-LIMITED-U45400MH2012PTC232620
[2026-05-14 12:44:47] DEBUG      [URL] https://www.zaubacorp.com/PACHARIA-EXPORTS-PVT-LTD-U51420WB1989PTC048005
[2026-05-14 12:44:47] DEBUG      [URL] https://www.zaubacorp.com/DRIKE-TOURS-AND-TRAVELS-PRIVATE-LIMITED-U63030UP2019PTC125163
[2026-05-14 12:44:47] DEBUG      [URL] https://www.zaubacorp.com/LABEX-INSTRUMENTS-PRIVATE-LIMITED-U33125DL2004PTC124692
[2026-05-14 12:44:47] DEBUG      [URL] https://www.zaubacorp.com/SHIV-GENERAL-FINANCE-PVT-LTD-U74899DL1961PTC003402
[2026-05-14 12:44:47] DEBUG      [URL] https://www.zaubacorp.com/DMF-CONSULTANCY-SERVICES-PRIVATE-LIMITED-U74999DL2002PTC117343
[2026-05-14 12:44:47] DEBUG      [URL] https://www.zaubacorp.com/COSMO-SUPER-FINANCE-PRIVATE-LIMITED-U65910KA1993PTC014121
[2026-05-14 12:44:47] DEBUG      [URL] https://www.zaubacorp.com/DHYAN-INVESTMENTS-AND-TRADING-COMPANY-PRIVATE-LIMITED-U67120MH1991PTC061744
[2026-05-14 12:44:47] DEBUG      [URL] https://www.zaubacorp.com/SGL-CONTAINER-LINE-PRIVATE-LIMITED-U63010MH2007PTC174842
[2026-05-14 12:44:47] DEBUG      [URL] https://www.zaubacorp.com/SUNKISSED-TRADERS-PVT-LTD-U51909WB1994PTC066566
[2026-05-14 12:44:47] DEBUG      [URL] https://www.zaubacorp.com/VIRAASAT-ESTATE-DEVELOPERS-PRIVATE-LIMITED-U70100RJ2017PTC059770
[2026-05-14 12:44:47] DEBUG      [URL] https://www.zaubacorp.com/SALVO-SECURITIES-AND-INTELLIGENCE-SERVICES-PRIVATE-LIMITED-U74920JH2002PTC010036
[2026-05-14 12:44:47] DEBUG      [URL] https://www.zaubacorp.com/DR-ETHIX-S-PRODUCTS-AND-SERVICES-PRIVATE-LIMITED-U24100TN2019PTC129889
[2026-05-14 12:44:47] DEBUG      [URL] https://www.zaubacorp.com/VESELKO-LEAD-GENERATION-AND-EVENT-MANAGEMENT-PRIVATE-LIMITED-U74999MH2017PTC299468
[2026-05-14 12:44:47] DEBUG      [URL] https://www.zaubacorp.com/JEWEL-ROCK-REALTY-PRIVATE-LIMITED-U45203MH2008PTC181465
[2026-05-14 12:44:47] DEBUG      [URL] https://www.zaubacorp.com/RELIANT-SOFTWARE-SOLUTION-INTEGRATED-PRIVATE-LIMITED-U72200TN2009PTC070684
[2026-05-14 12:44:47] DEBUG      [URL] https://www.zaubacorp.com/HADRON-PHARMA-LAB-SOLUTIONS-PRIVATE-LIMITED-U74999UP2017PTC095536
[2026-05-14 12:44:47] DEBUG      [URL] https://www.zaubacorp.com/ALHAMD-EXIM-PRIVATE-LIMITED-U51909UP2021PTC144433
[2026-05-14 12:44:47] DEBUG      [URL] https://www.zaubacorp.com/VPG-SOLAR-INFRATECH-PRIVATE-LIMITED-U74999UP2017PTC099587
[2026-05-14 12:44:47] DEBUG      [URL] https://www.zaubacorp.com/CHANDRA-AWAS-PRIVATE-LIMITED-U70101WB2006PTC108817
[2026-05-14 12:44:47] DEBUG      [URL] https://www.zaubacorp.com/S-P-SARKAR-DISTRIBUTORS-PRIVATE-LIMITED-U51109WB2008PTC122232
[2026-05-14 12:44:47] DEBUG      [URL] https://www.zaubacorp.com/SHRI-RAM-DREAM-HOMES-PRIVATE-LIMITED-U70101CT2010PTC021649
[2026-05-14 12:44:47] DEBUG      [URL] https://www.zaubacorp.com/PALGHAT-FINANCE-LIMITED-U65191TN1996PLC037122
[2026-05-14 12:44:47] DEBUG      [URL] https://www.zaubacorp.com/ARC-AND-LIGHT-MEDIA-PRIVATE-LIMITED-U74900MH2011PTC216217
[2026-05-14 12:44:47] DEBUG      [URL] https://www.zaubacorp.com/OVION-MOBITECH-PRIVATE-LIMITED-U74999MH2018PTC308635
[2026-05-14 12:44:47] DEBUG      [URL] https://www.zaubacorp.com/SPS-TECHNOTRENDS-PRIVATE-LIMITED-U74999HR2020PTC090791
[2026-05-14 12:44:47] DEBUG      [URL] https://www.zaubacorp.com/MURALIKRISHNA-ESTATES-PRIVATE-LIMITED-U70102TG2002PTC038853
[2026-05-14 12:44:47] DEBUG      [URL] https://www.zaubacorp.com/KRV-FINANCE-AND-LEASING-LIMITED-U65921DL1995PLC072831
[2026-05-14 12:44:47] INFO     Page 2 → discovered 30 company URLs
[2026-05-14 12:44:47] DEBUG    Sleeping 2.4s
[2026-05-14 12:44:49] INFO     Crawling listing page 3 → https://www.zaubacorp.com/companies-list/p-3-company.html
[2026-05-14 12:44:53] DEBUG    Found 366 total links on page 3
[2026-05-14 12:44:53] DEBUG      [URL] https://www.zaubacorp.com/RODWAL-REALITIES-PRIVATE-LIMITED-U45200MP2011PTC026488
[2026-05-14 12:44:53] DEBUG      [URL] https://www.zaubacorp.com/KALYAN-COLD-STORAGE-PVT-LTD-U63023WB1973PTC028926
[2026-05-14 12:44:53] DEBUG      [URL] https://www.zaubacorp.com/MAHALWALA-POWER-PACKS-PRIVATE-LIMITED-U74899DL1987PTC029424
[2026-05-14 12:44:53] DEBUG      [URL] https://www.zaubacorp.com/BEBE-DE-CHOLE-BHATURE-PRIVATE-LIMITED-U55100DL2020PTC372559
[2026-05-14 12:44:53] DEBUG      [URL] https://www.zaubacorp.com/CALIBER-INTERNATIONAL-PRIVATE-LIMITED-U51900MH1998PTC116386
[2026-05-14 12:44:53] DEBUG      [URL] https://www.zaubacorp.com/YUVAPAD-SKILLING-AND-ADVISORY-SERVICES-PRIVATE-LIMITED-U74999WB2019PTC232416
[2026-05-14 12:44:53] DEBUG      [URL] https://www.zaubacorp.com/ADS-SQUAD-PRIVATE-LIMITED-U74999DL2020PTC362097
[2026-05-14 12:44:53] DEBUG      [URL] https://www.zaubacorp.com/SQUEEZE-MOBILITY-TECHNOLOGIES-PRIVATE-LIMITED-U72200TG2013PTC086171
[2026-05-14 12:44:53] DEBUG      [URL] https://www.zaubacorp.com/OLD-FRIEND-AND-CO-PVT-LTD-U51909WB1948PTC017100
[2026-05-14 12:44:53] DEBUG      [URL] https://www.zaubacorp.com/EZ-CAPITAL-SERVICES-PRIVATE-LIMITED-U74999PB2021PTC052928
[2026-05-14 12:44:53] DEBUG      [URL] https://www.zaubacorp.com/AJJREE-ENGINEERING-INDUSTRIESS-PRIVATE-LIMITED-U74110PN1991PTC063163
[2026-05-14 12:44:53] DEBUG      [URL] https://www.zaubacorp.com/G-H-ENTERPRISES-PRIVATE-LIMITED-U51909DL1994PTC057112
[2026-05-14 12:44:53] DEBUG      [URL] https://www.zaubacorp.com/SAURABH-PROPERTIES-PRIVATE-LIMITED-U45200MH1986PTC040430
[2026-05-14 12:44:53] DEBUG      [URL] https://www.zaubacorp.com/DEEP-TRADELINK-PRIVATE-LIMITED-U51909WB2005PTC104359
[2026-05-14 12:44:53] DEBUG      [URL] https://www.zaubacorp.com/CVJACK-SERVICES-OPC-PRIVATE-LIMITED-U93000MH2019OPC320944
[2026-05-14 12:44:53] DEBUG      [URL] https://www.zaubacorp.com/N-K-S-HOTELS-LIMITED-U55101TZ1997PLC008105
[2026-05-14 12:44:53] DEBUG      [URL] https://www.zaubacorp.com/SHEEMEE-SALES-AND-SERVICES-PVT-LTD-U74140WB1996PTC076662
[2026-05-14 12:44:53] DEBUG      [URL] https://www.zaubacorp.com/VIVAK-BHARTU-AND-CONSULTANTS-PRIVATE-LIMITED-U45200MH1995PTC086705
[2026-05-14 12:44:53] DEBUG      [URL] https://www.zaubacorp.com/L1-RTC-INDIA-PRIVATE-LIMITED-U51397MP2021PTC057697
[2026-05-14 12:44:53] DEBUG      [URL] https://www.zaubacorp.com/NARMADLAXMI-COMMUNICATION-PRIVATE-LIMITED-U72200GJ2015PTC083580
[2026-05-14 12:44:53] DEBUG      [URL] https://www.zaubacorp.com/INTERCONNECT-MEDIA-PRIVATE-LIMITED-U93000KA2010PTC052872
[2026-05-14 12:44:53] DEBUG      [URL] https://www.zaubacorp.com/SAMPARK-MICRO-FINANCE-U65190TR2013NPL008382
[2026-05-14 12:44:53] DEBUG      [URL] https://www.zaubacorp.com/FLIPZEE-FOREX-INTERNATIONAL-PRIVATE-LIMITED-U65920UP2019PTC120791
[2026-05-14 12:44:53] DEBUG      [URL] https://www.zaubacorp.com/IRA-AARNA-REALITY-PRIVATE-LIMITED-U70102MH2008PTC180739
[2026-05-14 12:44:53] DEBUG      [URL] https://www.zaubacorp.com/AMBASRI-EXIM-PRIVATE-LIMITED-U51909KA2022PTC159003
[2026-05-14 12:44:53] DEBUG      [URL] https://www.zaubacorp.com/THE-VARADA-COMMERCIAL-COMPANY-LIMITED-U99999MH1937PTC002715
[2026-05-14 12:44:53] DEBUG      [URL] https://www.zaubacorp.com/TRANSGLOBAL-RESOURCES-PRIVATE-LIMITED-U51101UP2015PTC069685
[2026-05-14 12:44:53] DEBUG      [URL] https://www.zaubacorp.com/SOUTH-EAST-CONSULTANTS-PRIVATE-LIMITED-U74899DL1988PTC031129
[2026-05-14 12:44:53] DEBUG      [URL] https://www.zaubacorp.com/SUKKREEV-MULTITECH-PRIVATE-LIMITED-U74999AN2018PTC005426
[2026-05-14 12:44:53] DEBUG      [URL] https://www.zaubacorp.com/CHARISMATRIX-EDUCATION-TECHNOLOGY-PRIVATE-LIMITED-U80301MH2021PTC367207
[2026-05-14 12:44:53] INFO     Page 3 → discovered 30 company URLs
[2026-05-14 12:44:53] DEBUG    Sleeping 3.9s
[2026-05-14 12:44:57] INFO     Crawling listing page 4 → https://www.zaubacorp.com/companies-list/p-4-company.html
[2026-05-14 12:45:00] DEBUG    Found 366 total links on page 4
[2026-05-14 12:45:00] DEBUG      [URL] https://www.zaubacorp.com/NABADIGANTA-INFRASTRUCTURE-AND-HOUSING-PRIVATE-LIMITED-U70109WB2011PTC167115
[2026-05-14 12:45:00] DEBUG      [URL] https://www.zaubacorp.com/RSSH-EDUCATIONAL-CONSULTANTS-PRIVATE-LIMITED-U80901BR2018PTC038775
[2026-05-14 12:45:00] DEBUG      [URL] https://www.zaubacorp.com/AREN-DESIGN-PRIVATE-LIMITED-U74210PN2000PTC015035
[2026-05-14 12:45:00] DEBUG      [URL] https://www.zaubacorp.com/GRB-FINANCE-PRIVATE-LIMITED-U65923BR1995PTC006393
[2026-05-14 12:45:00] DEBUG      [URL] https://www.zaubacorp.com/POJO-INDUSTRIES-PVT-LTD-U91110GJ1994PTC023255
[2026-05-14 12:45:00] DEBUG      [URL] https://www.zaubacorp.com/SAKALYA-WISDOM-FOUNDATION-U80302KA2019NPL130539
[2026-05-14 12:45:00] DEBUG      [URL] https://www.zaubacorp.com/NIRMOLAX-INDIA-LIMITED-U99999DL1993PLC054353
[2026-05-14 12:45:00] DEBUG      [URL] https://www.zaubacorp.com/N-TECH-TECHNOLOGIES-PRIVATE-LIMITED-U72900GJ2011PTC067097
[2026-05-14 12:45:00] DEBUG      [URL] https://www.zaubacorp.com/PEAKLEVEL-INFRASTRUCTURE-PRIVATE-LIMITED-U70102WB2010PTC153280
[2026-05-14 12:45:00] DEBUG      [URL] https://www.zaubacorp.com/AVA-HYDROPOWER-CONSULTANTS-PRIVATE-LIMITED-U74900UP2011PTC044823
[2026-05-14 12:45:00] DEBUG      [URL] https://www.zaubacorp.com/MAARUT-TECHNOLOGIES-PRIVATE-LIMITED-U72200AP2020PTC114191
[2026-05-14 12:45:00] DEBUG      [URL] https://www.zaubacorp.com/PARAMPITA-BUSINESS-PRIVATE-LIMITED-U51909WB2013PTC190090
[2026-05-14 12:45:00] DEBUG      [URL] https://www.zaubacorp.com/HAMARASANKALP-MARKETING-INDIA-PRIVATE-LIMITED-U74120UP2016PTC076691
[2026-05-14 12:45:00] DEBUG      [URL] https://www.zaubacorp.com/ULTRANODE-COMMUNICATIONS-PRIVATE-LIMITED-U74999OR2016PTC025638
[2026-05-14 12:45:00] DEBUG      [URL] https://www.zaubacorp.com/FOMINAYA-INDIA-PRIVATE-LIMITED-U51432KA2008PTC046683
[2026-05-14 12:45:00] DEBUG      [URL] https://www.zaubacorp.com/SKH-HOSPITALITY-PRIVATE-LIMITED-U70109DL2013PTC256427
[2026-05-14 12:45:00] DEBUG      [URL] https://www.zaubacorp.com/CITYWINGS-TIE-UP-PRIVATE-LIMITED-U51109WB2005PTC105129
[2026-05-14 12:45:00] DEBUG      [URL] https://www.zaubacorp.com/MANAV-SHIPPING-AGENCY-PRIVATE-LIMITED-U63030DL2021PTC375471
[2026-05-14 12:45:00] DEBUG      [URL] https://www.zaubacorp.com/AERIAL-SPORTS-PRIVATE-LIMITED-U92490RJ2020PTC072671
[2026-05-14 12:45:00] DEBUG      [URL] https://www.zaubacorp.com/BLUE-MOON-SECURITIES-PRIVATE-LIMITED-U67120MH1995PTC085056
[2026-05-14 12:45:00] DEBUG      [URL] https://www.zaubacorp.com/J-P-S-SHARE-BROCKERS-PRIVATE-LIMITED-U67120DL1997PTC091100
[2026-05-14 12:45:00] DEBUG      [URL] https://www.zaubacorp.com/LIMLES-TECHNOLOGIES-PRIVAET-LIMITED-U72900KA2019PTC130761
[2026-05-14 12:45:00] DEBUG      [URL] https://www.zaubacorp.com/ONYXNET-TOUCHSCREEN-AND-DISPLAY-SOLUTIONS-PRIVATE-LIMITED-U72900TG2011PTC074502
[2026-05-14 12:45:00] DEBUG      [URL] https://www.zaubacorp.com/ZOOM-TECHNO-PRIVATE-LIMITED-U74920MH1999PTC117997
[2026-05-14 12:45:00] DEBUG      [URL] https://www.zaubacorp.com/PASSGE-MILLS-PRIVATE-LIMITED-U65991TN2006PTC058722
[2026-05-14 12:45:00] DEBUG      [URL] https://www.zaubacorp.com/MODERNVYAPAARI-TECHNOLOGIES-PRIVATE-LIMITED-U72900UP2022PTC159907
[2026-05-14 12:45:00] DEBUG      [URL] https://www.zaubacorp.com/BHOPAL-POWER-LIMITED-U40103MH1998PLC112751
[2026-05-14 12:45:00] DEBUG      [URL] https://www.zaubacorp.com/RADHAG-SWEETS-AND-NAMKEEN-PRIVATE-LIMITED-U74999UP2016PTC087915
[2026-05-14 12:45:00] DEBUG      [URL] https://www.zaubacorp.com/PAN-ASIA-BROKERS-AND-CONSULTANTS-LIMITED-U51900GJ2010PLC063217
[2026-05-14 12:45:00] DEBUG      [URL] https://www.zaubacorp.com/CHIRAG-COACHING-ACADEMY-PRIVATE-LIMITED-U80903GJ1998PTC033757
[2026-05-14 12:45:00] INFO     Page 4 → discovered 30 company URLs
[2026-05-14 12:45:00] DEBUG    Sleeping 3.8s
[2026-05-14 12:45:04] INFO     Crawling listing page 5 → https://www.zaubacorp.com/companies-list/p-5-company.html
[2026-05-14 12:45:07] DEBUG    Found 366 total links on page 5
[2026-05-14 12:45:07] DEBUG      [URL] https://www.zaubacorp.com/NEURON-BEAUTY-SERVICES-PRIVATE-LIMITED-U74996DL2006PTC154360
[2026-05-14 12:45:07] DEBUG      [URL] https://www.zaubacorp.com/HOMEGENEX-INFRATECH-PRIVATE-LIMITED-U74999UP2017PTC092934
[2026-05-14 12:45:07] DEBUG      [URL] https://www.zaubacorp.com/CONSERVE-SAFETY-SOLUTIONS-INDIA-PRIVATE-LIMITED-U74999AP2020PTC115138
[2026-05-14 12:45:07] DEBUG      [URL] https://www.zaubacorp.com/INQUBE-WEB-PRIVATE-LIMITED-U74899DL2000PTC103878
[2026-05-14 12:45:07] DEBUG      [URL] https://www.zaubacorp.com/SRI-BHUVANESHWARI-RESIDENCY-PRIVATE-LIMITED-U55101AP2010PTC070944
[2026-05-14 12:45:07] DEBUG      [URL] https://www.zaubacorp.com/PANTHER-COURIERS-PVT-LTD-U64120WB1988PTC045158
[2026-05-14 12:45:07] DEBUG      [URL] https://www.zaubacorp.com/INTERSPAN-MERCANTILES-PVT-LTD-U51909WB1994PTC065976
[2026-05-14 12:45:07] DEBUG      [URL] https://www.zaubacorp.com/GENPHARMA-INTERNATIONAL-PRIVATE-LIMITED11-U24230MH2003PTC143244
[2026-05-14 12:45:07] DEBUG      [URL] https://www.zaubacorp.com/TEJPAL-ELECTRONICS-PVT-LTD-U33109DL1988PTC032092
[2026-05-14 12:45:07] DEBUG      [URL] https://www.zaubacorp.com/NORTH-EAST-ROADWAYS-PRIVATE-LIMITED-U74999DL1962PTC003783
[2026-05-14 12:45:07] DEBUG      [URL] https://www.zaubacorp.com/PLANQSOFT-IT-SOLUTIONS-PRIVATE-LIMITED-U72900TG2015PTC098075
[2026-05-14 12:45:07] DEBUG      [URL] https://www.zaubacorp.com/RATILAL-CONSTRUCTION-COMPANY-LIMITED-U99999MH1954PLC009435
[2026-05-14 12:45:07] DEBUG      [URL] https://www.zaubacorp.com/ALTRANICS-IT-SOLUTIONS-PRIVATE-LIMITED-U72100KA2004PTC035150
[2026-05-14 12:45:07] DEBUG      [URL] https://www.zaubacorp.com/I3-KONZEPTS-INDIA-PRIVATE-LIMITED-U72200AP2016PTC098377
[2026-05-14 12:45:07] DEBUG      [URL] https://www.zaubacorp.com/SHEETAL-HIGHCON-SOLUTIONS-PRIVATE-LIMITED-U74999UP2018PTC099910
[2026-05-14 12:45:07] DEBUG      [URL] https://www.zaubacorp.com/ESSEM-CAPITAL-MARKETS-LIMITED-U99999MH1995PLC084393
[2026-05-14 12:45:07] DEBUG      [URL] https://www.zaubacorp.com/S2J-FACILITY-MANAGEMENT-PRIVATE-LIMITED-U74999MH2020PTC349584
[2026-05-14 12:45:07] DEBUG      [URL] https://www.zaubacorp.com/MAXAR-TECHNOLOGIES-INDIA-PRIVATE-LIMITED-U74999MH2017FTC299970
[2026-05-14 12:45:07] DEBUG      [URL] https://www.zaubacorp.com/SHASHI-CIVIL-WORKS-PRIVATE-LIMITED-U45201UP2018PTC106123
[2026-05-14 12:45:07] DEBUG      [URL] https://www.zaubacorp.com/INNETGROWTH-INDIA-PRIVATE-LIMITED-U72900KA2021PTC150740
[2026-05-14 12:45:07] DEBUG      [URL] https://www.zaubacorp.com/SHIVOHAM-SURGICAL-PRIVATE-LIMITED-U74999WB2012PTC181278
[2026-05-14 12:45:07] DEBUG      [URL] https://www.zaubacorp.com/SPAAG-SALES-PRIVATE-LIMITED-U51900MP2012PTC028028
[2026-05-14 12:45:07] DEBUG      [URL] https://www.zaubacorp.com/UNITED-TELELINKS-NEOLYNCS-PRIVATE-LIMITED-U32109KA2020PTC136351
[2026-05-14 12:45:07] DEBUG      [URL] https://www.zaubacorp.com/SESSION39-STOCK-BROKING-PRIVATE-LIMITED-U67190MH2015PTC271132
[2026-05-14 12:45:07] DEBUG      [URL] https://www.zaubacorp.com/S-V-S-MANAGEMENT-CONSULTANTS-PRIVATE-LIMITED-U74140DL1997PTC087506
[2026-05-14 12:45:07] DEBUG      [URL] https://www.zaubacorp.com/OYSTER-CREATION-AND-FILM-PRIVATE-LIMITED-U74999WB2012PTC172086
[2026-05-14 12:45:07] DEBUG      [URL] https://www.zaubacorp.com/PRECISE-SYSTEMS-AND-SOLUTION-PRIVATE-LIMITED-U72900DL2020PTC373086
[2026-05-14 12:45:07] DEBUG      [URL] https://www.zaubacorp.com/YALI-ENERGIES-INDIA-PRIVATE-LIMITED-U74999PY2020PTC008582
[2026-05-14 12:45:07] DEBUG      [URL] https://www.zaubacorp.com/HEAVEN-PLACEMENT-SERVICES-PRIVATE-LIMITED-U74910HR2010PTC041503
[2026-05-14 12:45:07] INFO     Page 5 → discovered 29 company URLs
[2026-05-14 12:45:07] DEBUG    Sleeping 4.2s
[2026-05-14 12:45:11] INFO     Crawling listing page 6 → https://www.zaubacorp.com/companies-list/p-6-company.html
[2026-05-14 12:45:15] DEBUG    Found 366 total links on page 6
[2026-05-14 12:45:15] DEBUG      [URL] https://www.zaubacorp.com/SHANDILYA-SOFTECH-PRIVATE-LIMITED-U72200KA2007PTC044142
[2026-05-14 12:45:15] DEBUG      [URL] https://www.zaubacorp.com/ASIWAL-MARKETING-PRIVATE-LIMITED-U74999RJ2019PTC065463
[2026-05-14 12:45:15] DEBUG      [URL] https://www.zaubacorp.com/HARIDRA-HOSPITALITY-PRIVATE-LIMITED-U55101MH2020PTC341340
[2026-05-14 12:45:15] DEBUG      [URL] https://www.zaubacorp.com/LSV-SOFTEK-PRIVATE-LIMITED-U64202DL2006PTC156722
[2026-05-14 12:45:15] DEBUG      [URL] https://www.zaubacorp.com/WATERSMART-ENVIRONMENTAL-PRIVATE-LIMITED-U41000TG2010PTC069155
[2026-05-14 12:45:15] DEBUG      [URL] https://www.zaubacorp.com/MONA-S-TRAVEL-HOUSE-PRIVATE-LIMITED-U63090MH1998PTC116983
[2026-05-14 12:45:15] DEBUG      [URL] https://www.zaubacorp.com/SKY-VIEW-HOLDINGS-PVT-LTD-U67120WB1993PTC058311
[2026-05-14 12:45:15] DEBUG      [URL] https://www.zaubacorp.com/SOTSOA-ARTISAN-CRAFTED-PRIVATE-LIMITED-U74999RJ2017PTC057429
[2026-05-14 12:45:15] DEBUG      [URL] https://www.zaubacorp.com/MEGS-SECURITY-PRIVATE-LIMITED-U74999RJ2018PTC062153
[2026-05-14 12:45:15] DEBUG      [URL] https://www.zaubacorp.com/KORE-KARE-HEALTH-SYSTEMS-PRIVATE-LIMITED-U85110DL2011PTC227955
[2026-05-14 12:45:15] DEBUG      [URL] https://www.zaubacorp.com/SAPTAK-FINSTOCK-PRIVATE-LIMITED-U67120GJ1991PTC015235
[2026-05-14 12:45:15] DEBUG      [URL] https://www.zaubacorp.com/GOYAL-TRAVELS-AND-IMMIGRATION-PRIVATE-LIMITED-U63000PB2016PTC045410
[2026-05-14 12:45:15] DEBUG      [URL] https://www.zaubacorp.com/SKV-PROPERTIES-PRIVATE-LIMITED-U70109DL2016PTC303418
[2026-05-14 12:45:15] DEBUG      [URL] https://www.zaubacorp.com/SHERITON-PROPERTIES-PRIVATE-LIMITED-U70100MH1993PTC074448
[2026-05-14 12:45:15] DEBUG      [URL] https://www.zaubacorp.com/GEE-BEE-DEVELOPERS-AND-COLONIZERS-PRIVATE-LIMITED-U45309DL2016PTC307861
[2026-05-14 12:45:15] DEBUG      [URL] https://www.zaubacorp.com/SOLNTECH-SERVICES-PRIVATE-LIMITED-U72200RJ2013PTC042067
[2026-05-14 12:45:15] DEBUG      [URL] https://www.zaubacorp.com/LAKSHYA-COLONIZER-PRIVATE-LIMITED-U70101MP2012PTC028032
[2026-05-14 12:45:15] DEBUG      [URL] https://www.zaubacorp.com/S-P-SPECIFIC-INSULATIONS-PRIVATE-LIMITED-U74991TG2007PTC053767
[2026-05-14 12:45:15] DEBUG      [URL] https://www.zaubacorp.com/DIVERSITY-RETAILS-PRIVATE-LIMITED-U51909AP2010PTC104178
[2026-05-14 12:45:15] DEBUG      [URL] https://www.zaubacorp.com/AVAS-PROMOTION-LIMITED-U51909WB2007PLC116952
[2026-05-14 12:45:15] DEBUG      [URL] https://www.zaubacorp.com/BLUE-RAY-INFRA-PROJECTS-PRIVATE-LIMITED-U45209TG2010PTC070963
[2026-05-14 12:45:15] DEBUG      [URL] https://www.zaubacorp.com/ADIPRI-INFRACON-PRIVATE-LIMITED-U45500OR2016PTC025859
[2026-05-14 12:45:15] DEBUG      [URL] https://www.zaubacorp.com/GRESHMA-COMMODITIES-PRIVATE-LIMITED-U93090MH2009PTC194869
[2026-05-14 12:45:15] DEBUG      [URL] https://www.zaubacorp.com/PAR-ADVISORY-SERVICES-PRIVATE-LIMITED-U74900PN2008PTC132675
[2026-05-14 12:45:15] DEBUG      [URL] https://www.zaubacorp.com/GIRIJAPATHI-HOMES-PRIVATE-LIMITED-U45201KA2007PTC041692
[2026-05-14 12:45:15] DEBUG      [URL] https://www.zaubacorp.com/INDISOFT-CONSULTANCY-SERVICES-PRIVATE-LIMITED-U72200MH1999PTC118422
[2026-05-14 12:45:15] DEBUG      [URL] https://www.zaubacorp.com/ARSHIA-ENTERPRISES-PRIVATE-LIMITED-U52100DL2012PTC236282
[2026-05-14 12:45:15] DEBUG      [URL] https://www.zaubacorp.com/MADHUVANKIDS-PLAYWAY-EDUCATION-PRIVATE-LIMITED-U80903JK2020PTC011337
[2026-05-14 12:45:15] DEBUG      [URL] https://www.zaubacorp.com/INDUSTECH-WALLS-PRIVATE-LIMITED-U70109KA2017PTC107594
[2026-05-14 12:45:15] DEBUG      [URL] https://www.zaubacorp.com/G-RATHOD-INFRASTRUCTURE-AND-CONSTRUCTIONS-PRIVATE-LIMITED-U45201MH2007PTC166750
[2026-05-14 12:45:15] INFO     Page 6 → discovered 30 company URLs
[2026-05-14 12:45:15] DEBUG    Sleeping 2.1s
[2026-05-14 12:45:17] INFO     Crawling listing page 7 → https://www.zaubacorp.com/companies-list/p-7-company.html
[2026-05-14 12:45:19] DEBUG    Found 366 total links on page 7
[2026-05-14 12:45:19] DEBUG      [URL] https://www.zaubacorp.com/BEE-MART-BUSINESS-SOLUTIONS-PRIVATE-LIMITED-U72200KA2015PTC083822
[2026-05-14 12:45:19] DEBUG      [URL] https://www.zaubacorp.com/VEERRUDRA-FOUNDATION-U80904MH2018NPL318478
[2026-05-14 12:45:19] DEBUG      [URL] https://www.zaubacorp.com/NSV-DIGITAL-TELECOM-PRIVATE-LIMITED-U74999DL2016PTC290210
[2026-05-14 12:45:19] DEBUG      [URL] https://www.zaubacorp.com/VRINDAVAN-BUILDERS-PRIVATE-LIMITED-U70101NL1999PTC005796
[2026-05-14 12:45:19] DEBUG      [URL] https://www.zaubacorp.com/NORTHFIELD-CONSUMER-PRODUCTS-PRIVATE-LIMITED-U51909BR2013PTC020004
[2026-05-14 12:45:19] DEBUG      [URL] https://www.zaubacorp.com/MONARCH-BUSINESS-VENTURES-PRIVATE-LIMITED-U74999DL2010PTC210773
[2026-05-14 12:45:19] DEBUG      [URL] https://www.zaubacorp.com/VIRUTCHAM-MICROFINANCE-LIMITED-U65929TN2008PLC068502
[2026-05-14 12:45:19] DEBUG      [URL] https://www.zaubacorp.com/GAUTAM-CHIT-FUND-PVT-LTD-U65992TG1977PTC002188
[2026-05-14 12:45:19] DEBUG      [URL] https://www.zaubacorp.com/SHRI-KRISHNA-INFRAZONE-PRIVATE-LIMITED-U70102UP2013PTC058746
[2026-05-14 12:45:19] DEBUG      [URL] https://www.zaubacorp.com/ALTOMAZ-PRIVATE-LIMITED-U51909GJ2020PTC115825
[2026-05-14 12:45:19] DEBUG      [URL] https://www.zaubacorp.com/PROMISE-SECURITRIES-AND-CREDITS-PRIVATE-LIMITED-U65921DL1994PTC057469
[2026-05-14 12:45:19] DEBUG      [URL] https://www.zaubacorp.com/CLV-FASHION-PRIVATE-LIMITED-U74999UP2018PTC102214
[2026-05-14 12:45:19] DEBUG      [URL] https://www.zaubacorp.com/LEAD-NEXT-ADVISORY-PRIVATE-LIMITED-U74999DL2016PTC300337
[2026-05-14 12:45:19] DEBUG      [URL] https://www.zaubacorp.com/KAYRA-HOMES-BUILDERS-AND-PROMOTERS-PRIVATE-LIMITED-U70109PB2021PTC052623
[2026-05-14 12:45:19] DEBUG      [URL] https://www.zaubacorp.com/STANDARD-TRAUMA-AND-ORTHOPAEDIC-SERVICES-PRIVATE-LIMITED-U85110GJ2007PTC052491
[2026-05-14 12:45:19] DEBUG      [URL] https://www.zaubacorp.com/AGROPOLIS-FOOD-SUPPLIERS-PRIVATE-LIMITED-U51909GJ2020PTC117268
[2026-05-14 12:45:19] DEBUG      [URL] https://www.zaubacorp.com/LEARNING-WORLD-EDUCATION-SOLUTIONS-PRIVATE-LIMITED-U80300HR2012PTC045866
[2026-05-14 12:45:19] DEBUG      [URL] https://www.zaubacorp.com/PEE-EES-BUILDTECH-PRIVATE-LIMITED-U45200DL2006PTC146048
[2026-05-14 12:45:19] DEBUG      [URL] https://www.zaubacorp.com/VISION-FINLEASE-PRIVATE-LIMITED-U51506UP1996PTC122926
[2026-05-14 12:45:19] DEBUG      [URL] https://www.zaubacorp.com/PRIME-TRADECOMM-PRIVATE-LIMITED-U51909WB2007PTC114754
[2026-05-14 12:45:19] DEBUG      [URL] https://www.zaubacorp.com/LOKSHAKTI-FINANCE-AND-INVESTMENT-INDIA-LIMITED-U65929OR1991PLC002797
[2026-05-14 12:45:19] DEBUG      [URL] https://www.zaubacorp.com/OLYDAYZ-TRAVEL-SOLUTIONS-PRIVATE-LIMITED-U63090OR2018PTC028324
[2026-05-14 12:45:19] DEBUG      [URL] https://www.zaubacorp.com/LOGISTIC-CURATOR-INDIA-PRIVATE-LIMITED-U63090UP2012PTC051897
[2026-05-14 12:45:19] DEBUG      [URL] https://www.zaubacorp.com/POWERKING-VENTURES-PRIVATE-LIMITED-U45200MP2019PTC048534
[2026-05-14 12:45:19] DEBUG      [URL] https://www.zaubacorp.com/ADASTRA-INFRATECH-PRIVATE-LIMITED-U70109UP2019PTC125127
[2026-05-14 12:45:19] DEBUG      [URL] https://www.zaubacorp.com/AKALDEEP-CONSTRUCTION-PRIVATE-LIMITED-U45200MH2011PTC216340
[2026-05-14 12:45:19] DEBUG      [URL] https://www.zaubacorp.com/ROY-AND-MITRA-BUSINESS-PRIVATE-LIMITED-U52601WB2020PTC239837
[2026-05-14 12:45:19] DEBUG      [URL] https://www.zaubacorp.com/RURAL-AIDS-PRIVATE-LIMITED-U92100MH1965PTC013227
[2026-05-14 12:45:19] DEBUG      [URL] https://www.zaubacorp.com/SUPER-KATTHA-INDUSTRIES-PRIVATE-LIMITED-U74899DL1988PTC031925
[2026-05-14 12:45:19] DEBUG      [URL] https://www.zaubacorp.com/ANJOR-SOFTWARES-OPC-PRIVATE-LIMITED-U72900UP2016OPC085796
[2026-05-14 12:45:19] INFO     Page 7 → discovered 30 company URLs
[2026-05-14 12:45:19] DEBUG    Sleeping 3.6s
[2026-05-14 12:45:23] INFO     Crawling listing page 8 → https://www.zaubacorp.com/companies-list/p-8-company.html
[2026-05-14 12:45:24] DEBUG    Found 366 total links on page 8
[2026-05-14 12:45:24] DEBUG      [URL] https://www.zaubacorp.com/GOAT-CODERS-PRIVATE-LIMITED-U72900MP2021PTC054525
[2026-05-14 12:45:24] DEBUG      [URL] https://www.zaubacorp.com/KOTRAKSHI-AYURVEDA-PRIVATE-LIMITED-U74999RJ2018PTC060628
[2026-05-14 12:45:24] DEBUG      [URL] https://www.zaubacorp.com/SPOORTHI-PROPERTIES-PRIVATE-LIMITED-U70109KA2014PTC074787
[2026-05-14 12:45:24] DEBUG      [URL] https://www.zaubacorp.com/SG-PAI-EQUITY-RESEARCH-PRIVATE-LIMITED-U65990MH2004PTC146350
[2026-05-14 12:45:24] DEBUG      [URL] https://www.zaubacorp.com/CHANDRAVATI-DEVELOPERS-PRIVATE-LIMITED-U70102UP2010PTC039459
[2026-05-14 12:45:24] DEBUG      [URL] https://www.zaubacorp.com/CIW-ENGINEERING-PRIVATE-LIMITED-U45201TN2001PTC046419
[2026-05-14 12:45:24] DEBUG      [URL] https://www.zaubacorp.com/HI-CLASS-BUILDCON-PRIVATE-LIMITED-U45200MH2007PTC168949
[2026-05-14 12:45:24] DEBUG      [URL] https://www.zaubacorp.com/TRIUNE-REALITY-PRIVATE-LIMITED-U70109TG2018PTC128850
[2026-05-14 12:45:24] DEBUG      [URL] https://www.zaubacorp.com/ISMIR-OCEANS-PRIVATE-LIMITED-U70109TN2019PTC127828
[2026-05-14 12:45:24] DEBUG      [URL] https://www.zaubacorp.com/ABHIYAN-CARGO-PRIVATE-LIMITED-U63011WB2000PTC092628
[2026-05-14 12:45:24] DEBUG      [URL] https://www.zaubacorp.com/KYNADI-HOSPITALITIES-PRIVATE-LIMITED-U74999KL2011PTC028484
[2026-05-14 12:45:24] DEBUG      [URL] https://www.zaubacorp.com/FASHION-TV-INDIA-PRIVATE-LIMITED-U92490MH2019PTC335250
[2026-05-14 12:45:24] DEBUG      [URL] https://www.zaubacorp.com/LEGEND-SUGAR-INDIA-PRIVATE-LIMITED-U72900MH2012PTC238930
[2026-05-14 12:45:24] DEBUG      [URL] https://www.zaubacorp.com/TOSS-DEVELOPERS-PRIVATE-LIMITED-U45202UP2014PTC063968
[2026-05-14 12:45:24] DEBUG      [URL] https://www.zaubacorp.com/GOLDEN-HORSE-TRANSPORT-PRIVATE-LIMITED-U74999UP2018PTC103961
[2026-05-14 12:45:24] DEBUG      [URL] https://www.zaubacorp.com/SRESHTHA-SUPPLY-CHAIN-MANAGEMENT-SOLUTIONS-PRIVATE-LIMITED-U63030DL2019PTC354159
[2026-05-14 12:45:24] DEBUG      [URL] https://www.zaubacorp.com/SUKARTA-HEALTHCARE-PRIVATE-LIMITED-U74999PN2018PTC179590
[2026-05-14 12:45:24] DEBUG      [URL] https://www.zaubacorp.com/PRAMEYA-ENGGSOL-PRIVATE-LIMITED-U11100TN2014PTC095152
[2026-05-14 12:45:24] DEBUG      [URL] https://www.zaubacorp.com/BUNNETSKYTON-TECHNOSOFT-PRIVATE-LIMITED-U34100UP2020PTC134326
[2026-05-14 12:45:24] DEBUG      [URL] https://www.zaubacorp.com/ADORABLE-SOFTWARE-SOLUTIONS-PRIVATE-LIMITED-U72200TG2009PTC065682
[2026-05-14 12:45:24] DEBUG      [URL] https://www.zaubacorp.com/SRINATJI-S-FOOD-PRIVATE-LIMITED-U55201MH2012PTC230129
[2026-05-14 12:45:24] DEBUG      [URL] https://www.zaubacorp.com/RELIANCE-SALES-PRIVATE-LIMITED-U74899DL1986PTC025202
[2026-05-14 12:45:24] DEBUG      [URL] https://www.zaubacorp.com/RUNEX-COURIER-AND-CARGO-PRIVATE-LIMITED-U63010MH2003PTC142277
[2026-05-14 12:45:24] DEBUG      [URL] https://www.zaubacorp.com/MEDASTOUCH-PRIVATE-LIMITED-U74999MH2018PTC305656
[2026-05-14 12:45:24] DEBUG      [URL] https://www.zaubacorp.com/HI-BRID-POWER-INSTALLATIONS-PRIVATE-LIMI-TED-U74210KA2003PTC032129
[2026-05-14 12:45:24] DEBUG      [URL] https://www.zaubacorp.com/ORCHID-STOCKS-PRIVATE-LIMITED-U74900DL2008PTC174828
[2026-05-14 12:45:24] DEBUG      [URL] https://www.zaubacorp.com/AMARLAXMI-DEALTRADE-PRIVATE-LIMITED-U51909WB2011PTC165539
[2026-05-14 12:45:24] DEBUG      [URL] https://www.zaubacorp.com/SHARAD-CONSTRUCTIONS-PRIVATE-LIMITED-U45200MH1985PTC036353
[2026-05-14 12:45:24] DEBUG      [URL] https://www.zaubacorp.com/SABERI-S-OPTICALS-FRANCHISE-PRIVATE-LIMITED-U33203TG2010PTC070635
[2026-05-14 12:45:24] DEBUG      [URL] https://www.zaubacorp.com/OXYMED-HOSPITAL-PRIVATE-LIMITED-U85110TN2004PTC054774
[2026-05-14 12:45:24] INFO     Page 8 → discovered 30 company URLs
[2026-05-14 12:45:24] DEBUG    Sleeping 3.4s
[2026-05-14 12:45:27] INFO     Crawling listing page 9 → https://www.zaubacorp.com/companies-list/p-9-company.html
[2026-05-14 12:45:29] DEBUG    Found 366 total links on page 9
[2026-05-14 12:45:29] DEBUG      [URL] https://www.zaubacorp.com/ASHWIN-LIFE-CONCEPTS-VENTURE-CONSULTANCY-PVT-LTD-U74140DL1999PTC101056
[2026-05-14 12:45:29] DEBUG      [URL] https://www.zaubacorp.com/SIMPAC-WATER-TREATMENT-PRIVATE-LIMITED-U74999MH1991PTC061152
[2026-05-14 12:45:29] DEBUG      [URL] https://www.zaubacorp.com/CHARVAK-ACADEMY-OF-RESEARCH-AND-EDUCATION-FORUM-U80901GJ2020NPL114596
[2026-05-14 12:45:29] DEBUG      [URL] https://www.zaubacorp.com/AKULA-LANDMARKS-PRIVATE-LIMITED-U70200PN2021PTC200739
[2026-05-14 12:45:29] DEBUG      [URL] https://www.zaubacorp.com/ZYLOS-TECHNOLOGIES-PRIVATE-LIMITED-U31904HR2021PTC095618
[2026-05-14 12:45:29] DEBUG      [URL] https://www.zaubacorp.com/RELY-FINANCIAL-CONSULTANTS-PRIVATE-LIMITED-U74120DL2008PTC176305
[2026-05-14 12:45:29] DEBUG      [URL] https://www.zaubacorp.com/CSN-LOGISTICS-PRIVATE-LIMITED-U63031TG2011PTC072979
[2026-05-14 12:45:29] DEBUG      [URL] https://www.zaubacorp.com/INDDEC-MEDICAL-SERVICES-PRIVATE-LIMITED-U74900DL2012PTC233465
[2026-05-14 12:45:29] DEBUG      [URL] https://www.zaubacorp.com/WESTERNGECO-INDIA-MANUFACTURING-PRIVATE-LIMITED-U74900PN2008PTC132959
[2026-05-14 12:45:29] DEBUG      [URL] https://www.zaubacorp.com/S-A-B-BUILDCON-PRIVATE-LIMITED-U70101DL2011PTC219930
[2026-05-14 12:45:29] DEBUG      [URL] https://www.zaubacorp.com/VIKRAM-FLORICULTURE-LIMITED-U51211RJ1995PLC010582
[2026-05-14 12:45:29] DEBUG      [URL] https://www.zaubacorp.com/GODWAD-MARKETING-PVT-LTD-U51109WB1995PTC071701
[2026-05-14 12:45:29] DEBUG      [URL] https://www.zaubacorp.com/BSR-AYURVED-PRIVATE-LIMITED-U33100KA2021PTC151190
[2026-05-14 12:45:29] DEBUG      [URL] https://www.zaubacorp.com/SCORPIO-TELEVISION-INDIA-PVT-LTD-U92131MH2006PTC301048
[2026-05-14 12:45:29] DEBUG      [URL] https://www.zaubacorp.com/DPUBLICISE-TECHNOLOGIES-OPC-PRIVATE-LIMITED-U72900HR2020OPC084840
[2026-05-14 12:45:29] DEBUG      [URL] https://www.zaubacorp.com/V-K-INFRAINVEST-PRIVATE-LIMITED-U74900PB2012PTC036202
[2026-05-14 12:45:29] DEBUG      [URL] https://www.zaubacorp.com/TWOCHE-CONSULTANTS-PRIVATE-LIMITED-U74140DL2009PTC190243
[2026-05-14 12:45:29] DEBUG      [URL] https://www.zaubacorp.com/MAHAL-MIRA-DEVELOPERS-PRIVATE-LIMITED-U45201MH2006PTC166001
[2026-05-14 12:45:29] DEBUG      [URL] https://www.zaubacorp.com/VIRUNGA-EXIM-PRIVATE-LIMITED-U74999AP2019PTC111731
[2026-05-14 12:45:29] DEBUG      [URL] https://www.zaubacorp.com/BHADRA-ADVISORY-PRIVATE-LIMITED-U74990WB2011PTC169104
[2026-05-14 12:45:29] DEBUG      [URL] https://www.zaubacorp.com/SPURANSH-ENTERPRISE-PRIVATE-LIMITED-U74994GJ2019PTC107647
[2026-05-14 12:45:29] DEBUG      [URL] https://www.zaubacorp.com/GENOTRACK-INFORMATION-TECHNOLOGY-PRIVATE-LIMITED-U74999PN2022PTC207907
[2026-05-14 12:45:29] DEBUG      [URL] https://www.zaubacorp.com/NOBLE-RURAL-DEVELOPMENT-BENEFIT-FUND-INDIA-LIMITED-U67190TN2015PLC098809
[2026-05-14 12:45:29] DEBUG      [URL] https://www.zaubacorp.com/ART-FINVEST-CONSULTANTS-PRIVATE-LIMITED-U65993PN1997PTC109255
[2026-05-14 12:45:29] DEBUG      [URL] https://www.zaubacorp.com/DHN-MART-PRIVATE-LIMITED-U51909UP2020PTC138988
[2026-05-14 12:45:29] DEBUG      [URL] https://www.zaubacorp.com/NEW-STAR-PROVIDENT-INSURANCE-COMPANY-OF-INDIA-LIMITED-U99999MH1931PTC001777
[2026-05-14 12:45:29] DEBUG      [URL] https://www.zaubacorp.com/CRESCENDO-REALTY-PRIVATE-LIMITED-U70102WB2013PTC195423
[2026-05-14 12:45:29] DEBUG      [URL] https://www.zaubacorp.com/4SL-BACKGROUND-CHECK-PRIVATE-LIMITED-U74999OR2022PTC038898
[2026-05-14 12:45:29] DEBUG      [URL] https://www.zaubacorp.com/SPARKON-ENGINEERS-PVT-LTD-U99999MH1993PTC072427
[2026-05-14 12:45:29] DEBUG      [URL] https://www.zaubacorp.com/PRETY-MEDIWARES-PRIVATE-LIMITED-U33110DL2009PTC193649
[2026-05-14 12:45:29] INFO     Page 9 → discovered 30 company URLs
[2026-05-14 12:45:29] DEBUG    Sleeping 4.0s
[2026-05-14 12:45:33] INFO     Crawling listing page 10 → https://www.zaubacorp.com/companies-list/p-10-company.html
[2026-05-14 12:45:37] DEBUG    Found 366 total links on page 10
[2026-05-14 12:45:37] DEBUG      [URL] https://www.zaubacorp.com/GEETA-TECHNO-SYSTEMS-PRIVATE-LIMITED-U72900MH2011PTC219787
[2026-05-14 12:45:37] DEBUG      [URL] https://www.zaubacorp.com/SAMTVA-INDUSTRIES-PRIVATE-LIMITED-U45400BR2022PTC056579
[2026-05-14 12:45:37] DEBUG      [URL] https://www.zaubacorp.com/ARPAN-BUILDTECH-PRIVATE-LIMITED-U45200BR2010PTC016020
[2026-05-14 12:45:37] DEBUG      [URL] https://www.zaubacorp.com/GRENZ-MOTOCRAFT-PRIVATE-LIMITED-U74900WB2016PTC209898
[2026-05-14 12:45:37] DEBUG      [URL] https://www.zaubacorp.com/SHIVATHMIKA-URJA-PRIVATE-LIMITED-U40200MP2021PTC058170
[2026-05-14 12:45:37] DEBUG      [URL] https://www.zaubacorp.com/BOSON-ITECH-PRIVATE-LIMITED-U72900WB2012PTC173813
[2026-05-14 12:45:37] DEBUG      [URL] https://www.zaubacorp.com/HIREMATH-SYSTRAIN-PRIVATE-LIMITED-U72200KA1995PTC019080
[2026-05-14 12:45:37] DEBUG      [URL] https://www.zaubacorp.com/DATTAS-INDIA-PVT-LTD-U51109WB1951PTC019686
[2026-05-14 12:45:37] DEBUG      [URL] https://www.zaubacorp.com/VARDHAN-EDUCATIONS-PRIVATE-LIMITED-U80302RJ2014PTC044857
[2026-05-14 12:45:37] DEBUG      [URL] https://www.zaubacorp.com/NRC-CLASSIC-TRADE-LINK-PRIVATE-LIMITED-U51909MH2004PTC145684
[2026-05-14 12:45:37] DEBUG      [URL] https://www.zaubacorp.com/HEET-TRADING-PRIVATE-LIMITED-U74999DL2018PTC332871
[2026-05-14 12:45:37] DEBUG      [URL] https://www.zaubacorp.com/VENUS-HEALTH-TOURISUM-PRIVATE-LIMITED-U85100MH2009PTC189313
[2026-05-14 12:45:37] DEBUG      [URL] https://www.zaubacorp.com/ABUNDANTIA-EDUSOLUTIONS-PRIVATE-LIMITED-U80302TZ2021PTC035770
[2026-05-14 12:45:37] DEBUG      [URL] https://www.zaubacorp.com/THINKFOR-TRAVEL-PRIVATE-LIMITED-U63030DL2012PTC242427
[2026-05-14 12:45:37] DEBUG      [URL] https://www.zaubacorp.com/GLORY-REAL-ESTATE-AND-DEVELOPERS-PRIVATE-LIMITED-U70109JH2022PTC017900
[2026-05-14 12:45:37] DEBUG      [URL] https://www.zaubacorp.com/SILVERSPOON-EXPORTS-PRIVATE-LIMITED-U51109UP1999PTC024591
[2026-05-14 12:45:37] DEBUG      [URL] https://www.zaubacorp.com/FOREFRONT-CHIT-FUND-PRIVATE-LIMITED-U65992KL2012PTC031571
[2026-05-14 12:45:37] DEBUG      [URL] https://www.zaubacorp.com/A-R-C-ESTATES-PRIVATE-LIMITED-U70102TG2003PTC041079
[2026-05-14 12:45:37] DEBUG      [URL] https://www.zaubacorp.com/INFINO-ANVESHANA-PRIVATE-LIMITED-U74110KA2018PTC117012
[2026-05-14 12:45:37] DEBUG      [URL] https://www.zaubacorp.com/PARAMESTHIN-CONSULTING-OPC-PRIVATE-LIMITED-U74999HR2021OPC095088
[2026-05-14 12:45:37] DEBUG      [URL] https://www.zaubacorp.com/AAT-INFRATECH-PRIVATE-LIMITED-U70109DL2014PTC265250
[2026-05-14 12:45:37] DEBUG      [URL] https://www.zaubacorp.com/KAVACH-INDIA-FINANCE-AND-INVESTMENT-COMPANY-LIMITED-U65910GJ1994PLC021531
[2026-05-14 12:45:37] DEBUG      [URL] https://www.zaubacorp.com/SANVI-DREAM-BUILDER-PRIVATE-LIMITED-U45201RJ2013PTC042701
[2026-05-14 12:45:37] DEBUG      [URL] https://www.zaubacorp.com/DHANBAD-NURSING-HOME-PRIVATE-LIMITED-U85110WB2005PTC104362
[2026-05-14 12:45:37] DEBUG      [URL] https://www.zaubacorp.com/SHRI-KANCHI-KAMAKSHI-INFRAVENTURES-PRIVATE-LIMITED-U45209TG2014PTC094092
[2026-05-14 12:45:37] DEBUG      [URL] https://www.zaubacorp.com/GLOBOCORP-PRIVATE-LIMITED-U50400UP2021PTC155288
[2026-05-14 12:45:37] DEBUG      [URL] https://www.zaubacorp.com/FREESIA-TRAVEL-AND-TOURISM-PRIVATE-LIMITED-U74999KL2018PTC055404
[2026-05-14 12:45:37] DEBUG      [URL] https://www.zaubacorp.com/SHREE-GIRINAG-PROPERTIES-PRIVATE-LIMITED-U45200MH2008PTC181163
[2026-05-14 12:45:37] DEBUG      [URL] https://www.zaubacorp.com/JESUS-CHRIST-TELECASTING-NETWORK-PRIVATE-LIMITED-U92132TN2004PTC054340
[2026-05-14 12:45:37] DEBUG      [URL] https://www.zaubacorp.com/SHREE-VIGHNESHWAR-TRAVELS-PRIVATE-LIMITED-U63030MH2021PTC371520
[2026-05-14 12:45:37] INFO     Page 10 → discovered 30 company URLs
[2026-05-14 12:45:37] DEBUG    Sleeping 3.0s
[2026-05-14 12:45:40] INFO     Crawling listing page 11 → https://www.zaubacorp.com/companies-list/p-11-company.html
[2026-05-14 12:45:42] DEBUG    Found 367 total links on page 11
[2026-05-14 12:45:42] DEBUG      [URL] https://www.zaubacorp.com/CASA-CARE-INFO-PRIVATE-LIMITED-U52300TN2011PTC082505
[2026-05-14 12:45:42] DEBUG      [URL] https://www.zaubacorp.com/DHULIA-HOMES-LIMITED-U99999MH1942PTC003549
[2026-05-14 12:45:42] DEBUG      [URL] https://www.zaubacorp.com/BARUAH-AUTOMOBILES-PRIVATE-LIMITED-U50101AS2006PTC008257
[2026-05-14 12:45:42] DEBUG      [URL] https://www.zaubacorp.com/SS-MATHA-GLOBAL-SERVICES-PRIVATE-LIMITED-U63040TG2019PTC137214
[2026-05-14 12:45:42] DEBUG      [URL] https://www.zaubacorp.com/S-AND-S-INSURANCE-SURVEYORS-AND-LOSS-ASSESSORS-PRIVATE-LIMITED-U74999GJ2021PTC126189
[2026-05-14 12:45:42] DEBUG      [URL] https://www.zaubacorp.com/YASHASVI-FINVEST-PRIVATE-LIMITED-U65999GJ2022PTC129663
[2026-05-14 12:45:42] DEBUG      [URL] https://www.zaubacorp.com/DIGITANOMY-PRIVATE-LIMITED-U72900TN2008PTC069248
[2026-05-14 12:45:42] DEBUG      [URL] https://www.zaubacorp.com/CODEWITS-SOLUTIONS-PRIVATE-LIMITED-U72200PN2020PTC189955
[2026-05-14 12:45:42] DEBUG      [URL] https://www.zaubacorp.com/MAMTAMAYEE-COMMERCIAL-LIMITED-U51909WB2014PLC200855
[2026-05-14 12:45:42] DEBUG      [URL] https://www.zaubacorp.com/DREAMFIELDS-DEVELOPERS-PRIVATE-LIMITED-U70109UP2014PTC061867
[2026-05-14 12:45:42] DEBUG      [URL] https://www.zaubacorp.com/BIONOVA-MEDICAL-DEVICES-PRIVATE-LIMITED-U51397KA2009PTC049902
[2026-05-14 12:45:42] DEBUG      [URL] https://www.zaubacorp.com/THREEWINKEL-COMMUNICATIONS-PRIVATE-LIMITED-U72900KL2017PTC050755
[2026-05-14 12:45:42] DEBUG      [URL] https://www.zaubacorp.com/VINAY-FOUNDARY-AND-ENGINEERING-INDUSTRIES-PRIVATE-LIMITED-U74899DL1984PTC018385
[2026-05-14 12:45:42] DEBUG      [URL] https://www.zaubacorp.com/SUNIL-MAKKAR-AUTOWORLD-PRIVATE-LIMITED-U74999DL2016PTC302627
[2026-05-14 12:45:42] DEBUG      [URL] https://www.zaubacorp.com/VASANTHAPURI-CHIT-FUND-AND-FINANCE-PVT-LTD-U65992TG1988PTC008277
[2026-05-14 12:45:42] DEBUG      [URL] https://www.zaubacorp.com/MAXWELL-DEVELOPERS-PRIVATE-LIMITED-U45200DL2007PTC157547
[2026-05-14 12:45:42] DEBUG      [URL] https://www.zaubacorp.com/VIRTUAL-MICROSYSTEMS-PRIVATE-LIMITED-U72100PB2000PTC023539
[2026-05-14 12:45:42] DEBUG      [URL] https://www.zaubacorp.com/DREAM-AAKAR-CONSTRUCTION-PRIVATE-LIMITED-U45200BR2014PTC022394
[2026-05-14 12:45:42] DEBUG      [URL] https://www.zaubacorp.com/DVARA-INVESTMENTS-PRIVATE-LIMITED-U67100TN2018PTC120292
[2026-05-14 12:45:42] DEBUG      [URL] https://www.zaubacorp.com/EASYCA-KNOWLEDGE-PROTOCOL-PRIVATE-LIMITED-U67120RJ2006PTC022104
[2026-05-14 12:45:42] DEBUG      [URL] https://www.zaubacorp.com/AYAT-IMPEX-INDIA-PRIVATE-LIMITED-U74999DL2017PTC326983
[2026-05-14 12:45:42] DEBUG      [URL] https://www.zaubacorp.com/URGE-INFRATECH-PRIVATE-LIMITED-U45400DL2014PTC274596
[2026-05-14 12:45:42] DEBUG      [URL] https://www.zaubacorp.com/CRESOL-INFOSERV-PRIVATE-LIMITED-U72900TG2017PTC117833
[2026-05-14 12:45:42] DEBUG      [URL] https://www.zaubacorp.com/PRESTO-FINANCE-LTD-U65910GJ1995PLC024769
[2026-05-14 12:45:42] DEBUG      [URL] https://www.zaubacorp.com/MAGICJACK-SUPPORT-INDIA-PRIVATE-LIMITED-U72900DL2012PTC236092
[2026-05-14 12:45:42] DEBUG      [URL] https://www.zaubacorp.com/WANCHU-FINANCE-COMPANY-PRIVATE-LIMITED-U65910DL1991PTC046169
[2026-05-14 12:45:42] DEBUG      [URL] https://www.zaubacorp.com/FERT-CARGO-PRIVATE-LIMITED-U63010DL1990PTC040544
[2026-05-14 12:45:42] DEBUG      [URL] https://www.zaubacorp.com/CSOFT-SUPPORT-PRIVATE-LIMITED-U74999WB2022PTC251817
[2026-05-14 12:45:42] DEBUG      [URL] https://www.zaubacorp.com/SHRI-SOMRAS-CHITS-PRIVATE-LIMITED-U65992KA2012PTC064593
[2026-05-14 12:45:42] DEBUG      [URL] https://www.zaubacorp.com/YUGA-EDUCATIONAL-CONSULTANT-PRIVATE-LIMITED-U74140MP2009PTC022599
[2026-05-14 12:45:42] INFO     Page 11 → discovered 30 company URLs
[2026-05-14 12:45:42] DEBUG    Sleeping 2.3s
[2026-05-14 12:45:44] INFO     Crawling listing page 12 → https://www.zaubacorp.com/companies-list/p-12-company.html
[2026-05-14 12:45:47] DEBUG    Found 367 total links on page 12
[2026-05-14 12:45:47] DEBUG      [URL] https://www.zaubacorp.com/GANDHARAJ-NIKETAN-PRIVATE-LIMITED-U45400WB2007PTC115370
[2026-05-14 12:45:47] DEBUG      [URL] https://www.zaubacorp.com/WELCURE-PHARMACEUTICALS-PRIVATE-LIMITED-U74899DL1986PTC025186
[2026-05-14 12:45:47] DEBUG      [URL] https://www.zaubacorp.com/BURGUNDY-ONLINE-MARKETING-LIMITED-U74999DL2002PLC116131
[2026-05-14 12:45:47] DEBUG      [URL] https://www.zaubacorp.com/SHIVA-MALLS-JAIPUR-PRIVATE-LIMITED-U45201RJ2007PTC025417
[2026-05-14 12:45:47] DEBUG      [URL] https://www.zaubacorp.com/EWAFE-ENGINEERING-PVT-LTD-U45200KL2012PTC031009
[2026-05-14 12:45:47] DEBUG      [URL] https://www.zaubacorp.com/TEJASWINI-FINVEST-PRIVATE-LIMITED-U70100MH1995PTC087430
[2026-05-14 12:45:47] DEBUG      [URL] https://www.zaubacorp.com/AKA-DREAM-WAREHOUSING-PRIVATE-LIMITED-U70109WB2021PTC242635
[2026-05-14 12:45:47] DEBUG      [URL] https://www.zaubacorp.com/DESIRE-NETWORK-ENTERTAINMENT-PRIVATE-LIMITED-U74300MH2005PTC156794
[2026-05-14 12:45:47] DEBUG      [URL] https://www.zaubacorp.com/BHOOMI-ENVIROTECH-PRIVATE-LIMITED-U74999CT2018PTC008902
[2026-05-14 12:45:47] DEBUG      [URL] https://www.zaubacorp.com/JODHPUR-CITY-KNOWLEDGE-AND-INNOVATION-FOUNDATION-U85300RJ2021NPL074339
[2026-05-14 12:45:47] DEBUG      [URL] https://www.zaubacorp.com/VANGARI-RAJU-HOUSING-PRIVATE-LIMITED-U70100TG2014PTC092762
[2026-05-14 12:45:47] DEBUG      [URL] https://www.zaubacorp.com/KOPOU-INFOSYSTEM-PRIVATE-LIMITED-U51506DL2008PTC180743
[2026-05-14 12:45:47] DEBUG      [URL] https://www.zaubacorp.com/TIFORP-TRADING-SERVICES-PRIVATE-LIMITED-U74999KA2017PTC105427
[2026-05-14 12:45:47] DEBUG      [URL] https://www.zaubacorp.com/PRALAK-SERVICES-PRIVATE-LIMITED-U74999AP2019PTC110277
[2026-05-14 12:45:47] DEBUG      [URL] https://www.zaubacorp.com/SUSHAIN-WELLNESS-AND-WHOLENESS-PRIVATE-LIMITED-U74900UP2021PTC146271
[2026-05-14 12:45:47] DEBUG      [URL] https://www.zaubacorp.com/EARTH-SENSE-VENTURES-PRIVATE-LIMITED-U74920TN1985PTC011906
[2026-05-14 12:45:47] DEBUG      [URL] https://www.zaubacorp.com/SERENITY-INFRACON-PRIVATE-LIMITED-U45201GJ2012PTC070241
[2026-05-14 12:45:47] DEBUG      [URL] https://www.zaubacorp.com/AKELEC-PACTIL-COMBINE-PVT-LTD-U99999MH1982PTC026340
[2026-05-14 12:45:47] DEBUG      [URL] https://www.zaubacorp.com/VYGA-CHITS-PRIVATE-LIMITED-U65992KL2011PTC029341
[2026-05-14 12:45:47] DEBUG      [URL] https://www.zaubacorp.com/BHAJSHYAM-AGRO-LIMITED-U74899DL1995PLC073571
[2026-05-14 12:45:47] DEBUG      [URL] https://www.zaubacorp.com/GO-UP-PROPERTY-ONE-PRIVATE-LIMITED-U70109TN2021PTC146382
[2026-05-14 12:45:47] DEBUG      [URL] https://www.zaubacorp.com/DITLEY-DESIGN-SOLUTIONS-PRIVATE-LIMITED-U72900DL2019PTC350538
[2026-05-14 12:45:47] DEBUG      [URL] https://www.zaubacorp.com/AIKARTHYA-RESEARCH-AND-TECHNOLOGY-DEVELOPMENT-PRIVATE-LIMITED-U73100GJ2018PTC104436
[2026-05-14 12:45:47] DEBUG      [URL] https://www.zaubacorp.com/MASTER-MIND-ADVISORY-SERVICES-LIMITED-U74140DL2010PLC329538
[2026-05-14 12:45:47] DEBUG      [URL] https://www.zaubacorp.com/ARCHITA-ENGINEERING-PROJECTS-PRIVATE-LIMITED-U74900UP2009PTC036580
[2026-05-14 12:45:47] DEBUG      [URL] https://www.zaubacorp.com/VIRTUAL-NETAX-PRIVATE-LIMITED-U72300DL2007PTC163904
[2026-05-14 12:45:47] DEBUG      [URL] https://www.zaubacorp.com/KRAVIS-TECHNOLOGIES-PRIVATE-LIMITED-U72200TG2016PTC111144
[2026-05-14 12:45:47] DEBUG      [URL] https://www.zaubacorp.com/IBONY-FURNISHERS-PRIVATE-LIMITED-U36109RJ2019PTC067058
[2026-05-14 12:45:47] DEBUG      [URL] https://www.zaubacorp.com/ASERA-SHELTERS-AND-INVESTMENT-LIMITED-U70101TN1994PLC029137
[2026-05-14 12:45:47] DEBUG      [URL] https://www.zaubacorp.com/CREDPOINT-FINANCIAL-SOLUTIONS-PRIVATE-LIMITED-U67100KA2021PTC149690
[2026-05-14 12:45:47] INFO     Page 12 → discovered 30 company URLs
[2026-05-14 12:45:47] DEBUG    Sleeping 2.9s
[2026-05-14 12:45:50] INFO     Crawling listing page 13 → https://www.zaubacorp.com/companies-list/p-13-company.html
[2026-05-14 12:45:53] DEBUG    Found 367 total links on page 13
[2026-05-14 12:45:53] DEBUG      [URL] https://www.zaubacorp.com/SHRI-SHUBHAM-ADVISORS-PRIVATE-LIMITED-U74999MH2021PTC369808
[2026-05-14 12:45:53] DEBUG      [URL] https://www.zaubacorp.com/NOVEL-PATENT-SERVICES-PRIVATE-LIMITED-U93000AP2010PTC066899
[2026-05-14 12:45:53] DEBUG      [URL] https://www.zaubacorp.com/SISIR-RADAR-PRIVATE-LIMITED-U32109GJ2021PTC125777
[2026-05-14 12:45:53] DEBUG      [URL] https://www.zaubacorp.com/KEYSTONES-LIFE-SPACES-INDIA-PRIVATE-LIMITED-U70101AP2013PTC091613
[2026-05-14 12:45:53] DEBUG      [URL] https://www.zaubacorp.com/HAMARAINDIA-MEDIAHOUSE-PRIVATE-LIMITED-U74120UP2015PTC068130
[2026-05-14 12:45:53] DEBUG      [URL] https://www.zaubacorp.com/VINAYAK-MARKETING-CONSULTANT-PRIVATE-LIMITED-U74140MH2007PTC171763
[2026-05-14 12:45:53] DEBUG      [URL] https://www.zaubacorp.com/RAHUL-CLUB-LIMITED-U92400DL1965PLC004495
[2026-05-14 12:45:53] DEBUG      [URL] https://www.zaubacorp.com/DEEPSHREE-FOOD-PRIVATE-LIMITED-U55209BR2021PTC055627
[2026-05-14 12:45:53] DEBUG      [URL] https://www.zaubacorp.com/RANK-FINANCIAL-SERVICES-LIMITED-U67120TG1992PLC014517
[2026-05-14 12:45:53] DEBUG      [URL] https://www.zaubacorp.com/METICUE-EXPORTS-PRIVATE-LIMITED-U51909GJ2019PTC111420
[2026-05-14 12:45:53] DEBUG      [URL] https://www.zaubacorp.com/HAWK-CAPITAL-PRIVATE-LIMITED-U74899DL1995PTC067864
[2026-05-14 12:45:53] DEBUG      [URL] https://www.zaubacorp.com/VIWIN-FORTUNES-PRIVATE-LIMITED-U51909AP2020PTC116503
[2026-05-14 12:45:53] DEBUG      [URL] https://www.zaubacorp.com/M-R-JAIN-FASHION-PRIVATE-LIMITED-U74999DL2010PTC209437
[2026-05-14 12:45:53] DEBUG      [URL] https://www.zaubacorp.com/SWAP-DATATECH-PRIVATE-LIMITED-U72900UR2001PTC025921
[2026-05-14 12:45:53] DEBUG      [URL] https://www.zaubacorp.com/EXCEL-ESTATE-PLOT-AND-FLAT-PROMOTERS-PRIVATE-LIMITED-U45200TN2008PTC068534
[2026-05-14 12:45:53] DEBUG      [URL] https://www.zaubacorp.com/CITY-CONNECT-SPACES-PRIVATE-LIMITED-U70109RJ2022PTC079708
[2026-05-14 12:45:53] DEBUG      [URL] https://www.zaubacorp.com/VISHESH-FOODS-INDORE-PRIVATE-LIMITED-U74999MP2017PTC042760
[2026-05-14 12:45:53] DEBUG      [URL] https://www.zaubacorp.com/DELCON-CARE-PRIVATE-LIMITED-U85100DL2014PTC269633
[2026-05-14 12:45:53] DEBUG      [URL] https://www.zaubacorp.com/XEN-TECHNOVAST-SOLUTIONS-PRIVATE-LIMITED-U37100DL2011PTC220830
[2026-05-14 12:45:53] DEBUG      [URL] https://www.zaubacorp.com/WIZE-MINDS-ENTERTAINMENT-PRIVATE-LIMITED-U92190MH2004PTC147429
[2026-05-14 12:45:53] DEBUG      [URL] https://www.zaubacorp.com/SOFTCODE-TECHNOLOGY-PRIVATE-LIMITED-U72900UP2013PTC060044
[2026-05-14 12:45:53] DEBUG      [URL] https://www.zaubacorp.com/CAREER-SOFT-SOLUTIONS-PRIVATE-LIMITED-U72900TN2014PTC097567
[2026-05-14 12:45:53] DEBUG      [URL] https://www.zaubacorp.com/WHEELS-FINANCE-AND-FORESTS-LIMITED-U65921HP1995PLC017065
[2026-05-14 12:45:53] DEBUG      [URL] https://www.zaubacorp.com/RSMP-INTERNATIONAL-IMMIGRATION-SOLUTIONS-PRIVATE-LIMITED-U74999PB2018PTC047458
[2026-05-14 12:45:53] DEBUG      [URL] https://www.zaubacorp.com/JAIPUR-AUTO-FINANCE-PRIVATE-LIMITED-U65921RJ1995PTC011118
[2026-05-14 12:45:53] DEBUG      [URL] https://www.zaubacorp.com/DR-CINEVENTURES-PRIVATE-LIMITED-U74999MH2018PTC306099
[2026-05-14 12:45:53] DEBUG      [URL] https://www.zaubacorp.com/MRK-FURNITURE-AND-INTERIOR-PRIVATE-LIMITED-U36912MH2012PTC232388
[2026-05-14 12:45:53] DEBUG      [URL] https://www.zaubacorp.com/IDEATORE-INTERACTIVE-SOLUTIONS-PRIVATE-LIMITED-U72300MH2011PTC222900
[2026-05-14 12:45:53] DEBUG      [URL] https://www.zaubacorp.com/KENGVO-SECURITY-AND-ALLIED-SERVICES-PRIVATE-LIMITED-U74999UP2019PTC114668
[2026-05-14 12:45:53] DEBUG      [URL] https://www.zaubacorp.com/VRISA-COMMERCIAL-PRIVATE-LIMITED-U51909WB2011PTC161665
[2026-05-14 12:45:53] INFO     Page 13 → discovered 30 company URLs
[2026-05-14 12:45:53] DEBUG    Sleeping 2.4s
[2026-05-14 12:45:56] INFO     Crawling listing page 14 → https://www.zaubacorp.com/companies-list/p-14-company.html
[2026-05-14 12:45:57] DEBUG    Found 367 total links on page 14
[2026-05-14 12:45:57] DEBUG      [URL] https://www.zaubacorp.com/TIRUBALA-INFRACON-PRIVATE-LIMITED-U70109WB2008PTC126647
[2026-05-14 12:45:57] DEBUG      [URL] https://www.zaubacorp.com/SUNESH-CHIT-FUND-CO-P-LTD-U99999DL2000PTC900055
[2026-05-14 12:45:57] DEBUG      [URL] https://www.zaubacorp.com/AMAN-INFRACITY-PRIVATE-LIMITED-U45400UP2011PTC046573
[2026-05-14 12:45:57] DEBUG      [URL] https://www.zaubacorp.com/TVS-UPASANA-LIMITED-U65991TN1992PLC022619
[2026-05-14 12:45:57] DEBUG      [URL] https://www.zaubacorp.com/UNITECH-EDUCATIONAL-SERVICES-PRIVATE-LIMITED-U99999MH1988PTC049913
[2026-05-14 12:45:57] DEBUG      [URL] https://www.zaubacorp.com/AMMAS-INTERLINKX-COMM-PRIVATE-LIMITED-U74140TN2000PTC046285
[2026-05-14 12:45:57] DEBUG      [URL] https://www.zaubacorp.com/V-PORZ-IT-SERVICES-PRIVATE-LIMITED-U72900MH2011PTC218076
[2026-05-14 12:45:57] DEBUG      [URL] https://www.zaubacorp.com/CANDLESTICK-ADVISORS-PRIVATE-LIMITED-U72900TN2007PTC064738
[2026-05-14 12:45:57] DEBUG      [URL] https://www.zaubacorp.com/SETMET-SOCIAL-INDIA-PRIVATE-LIMITED-U85100DL2020PTC364910
[2026-05-14 12:45:57] DEBUG      [URL] https://www.zaubacorp.com/HIND-CYCLES-LIMITED-U35921MP1939PLC000941
[2026-05-14 12:45:57] DEBUG      [URL] https://www.zaubacorp.com/HIMACHAL-CONSTRUCTION-COMPANY-PVT-LIMITED-U45201HP1993PTC013044
[2026-05-14 12:45:57] DEBUG      [URL] https://www.zaubacorp.com/SARAJAG-EXPORTS-PRIVATE-LIMITED-U52599TN1996PTC036015
[2026-05-14 12:45:57] DEBUG      [URL] https://www.zaubacorp.com/THE-UNITED-PROVINCES-ELECTRIC-SUPPLY-CO-LTD-U40109WB1915PLC002650
[2026-05-14 12:45:57] DEBUG      [URL] https://www.zaubacorp.com/SANDHYA-PRAKASH-RETIREMENT-SOLUTION-PRIVATE-LIMITED-U74999PN2020PTC189635
[2026-05-14 12:45:57] DEBUG      [URL] https://www.zaubacorp.com/MABROOK-FOODS-PRIVATE-LIMITED-U55209KL2021PTC071573
[2026-05-14 12:45:57] DEBUG      [URL] https://www.zaubacorp.com/BILLION-HANDS-FOUNDATION-U85300HR2018NPL075347
[2026-05-14 12:45:57] DEBUG      [URL] https://www.zaubacorp.com/SQUAREUP-SOFTWARE-PRIVATE-LIMITED-U72300UP2015PTC074562
[2026-05-14 12:45:57] DEBUG      [URL] https://www.zaubacorp.com/JOBS-ECSTASY-PRIVATE-LIMITED-U72900KA2020PTC139792
[2026-05-14 12:45:57] DEBUG      [URL] https://www.zaubacorp.com/MAHIR-META-STEEL-TRADERS-PRIVATE-LIMITED-U51392GJ2011PTC067295
[2026-05-14 12:45:57] DEBUG      [URL] https://www.zaubacorp.com/ABSTRACT-WEB-BRAIN-TECH-PRIVATE-LIMITED-U72502PB2019PTC049842
[2026-05-14 12:45:57] DEBUG      [URL] https://www.zaubacorp.com/TAXEIA-INFOTECH-PRIVATE-LIMITED-U72900DL2011PTC215545
[2026-05-14 12:45:57] DEBUG      [URL] https://www.zaubacorp.com/EUROPA-ENTERPRISES-PRIVATE-LIMITED-U65922MH1995PTC087292
[2026-05-14 12:45:57] DEBUG      [URL] https://www.zaubacorp.com/KSP-HEALTH-SERVICES-PRIVATE-LIMITED-U74999TG2018PTC127594
[2026-05-14 12:45:57] DEBUG      [URL] https://www.zaubacorp.com/NAYAN-PROGRAMME-RESEARCH-AND-EVALUATION-STUDIES-PVT-LTD-U73100MH1993PTC071428
[2026-05-14 12:45:57] DEBUG      [URL] https://www.zaubacorp.com/DYNAMIZE-SOLAR-PRIVATE-LIMITED-U40106KA2015PTC079004
[2026-05-14 12:45:57] DEBUG      [URL] https://www.zaubacorp.com/EVERLIKE-MERCHANDISE-PVT-LTD-U51109WB1994PTC062482
[2026-05-14 12:45:57] DEBUG      [URL] https://www.zaubacorp.com/PRATEEK-INFRAPLANNER-PRIVATE-LIMITED-U70102UP2012PTC050714
[2026-05-14 12:45:57] DEBUG      [URL] https://www.zaubacorp.com/PRABHU-SURVEYORS-PRIVATE-LIMITED-U74210TN1982PTC009360
[2026-05-14 12:45:57] DEBUG      [URL] https://www.zaubacorp.com/PAPPARAZZI-MEDIA-HUB-PRIVATE-LIMITED-U74120MH2013PTC243015
[2026-05-14 12:45:57] DEBUG      [URL] https://www.zaubacorp.com/WIN-MEDICARE-INVESTMENTS-PRIVATE-LIMITED-U74900DL1995PTC070758
[2026-05-14 12:45:57] INFO     Page 14 → discovered 30 company URLs
[2026-05-14 12:45:57] DEBUG    Sleeping 3.5s
[2026-05-14 12:46:01] INFO     Crawling listing page 15 → https://www.zaubacorp.com/companies-list/p-15-company.html
[2026-05-14 12:46:02] DEBUG    Found 367 total links on page 15
[2026-05-14 12:46:02] DEBUG      [URL] https://www.zaubacorp.com/GLENOHILL-PHARMACEUTICAL-PRIVATE-LIMITED-U85100MH2018PTC317153
[2026-05-14 12:46:02] DEBUG      [URL] https://www.zaubacorp.com/BLUE-TECH-ENTERPRISES-PRIVATE-LIMITED-U51300OR2012PTC016157
[2026-05-14 12:46:02] DEBUG      [URL] https://www.zaubacorp.com/VUDYOG-TECHNOLOGIES-PRIVATE-LIMITED-U72200TG2021FTC154113
[2026-05-14 12:46:02] DEBUG      [URL] https://www.zaubacorp.com/SHREE-CHITELADHA-KRISHI-LIMITED-U99999MH1953PLC010607
[2026-05-14 12:46:02] DEBUG      [URL] https://www.zaubacorp.com/SPK-INDIAN-TIGERS-ORGANISATION-U85300GA2021NPL015046
[2026-05-14 12:46:02] DEBUG      [URL] https://www.zaubacorp.com/VOCANO-LIFESTYLE-PRIVATE-LIMITED-U74999MP2016PTC040621
[2026-05-14 12:46:02] DEBUG      [URL] https://www.zaubacorp.com/HARVEST-ENTERPRISES-LIMITED-U51900MH1992PLC065804
[2026-05-14 12:46:02] DEBUG      [URL] https://www.zaubacorp.com/HENERY-TRADING-INDIA-PRIVATE-LIMITED-U52100DL2015PTC277505
[2026-05-14 12:46:02] DEBUG      [URL] https://www.zaubacorp.com/BACHI-DIGITAL-INDIA-PRIVATE-LIMITED-U74999TG2019PTC130096
[2026-05-14 12:46:02] DEBUG      [URL] https://www.zaubacorp.com/VIDYA-RATNA-ELEARNING-INDIA-PRIVATE-LIMITED-U80211TN2011PTC079312
[2026-05-14 12:46:02] DEBUG      [URL] https://www.zaubacorp.com/MYSORE-PACKAGING-INDUSTRIES-PRIVATE-LIMI-TED-U99999KA1971PTC002096
[2026-05-14 12:46:02] DEBUG      [URL] https://www.zaubacorp.com/WEXO-VENTURES-PRIVATE-LIMITED-U60221KL2020PTC063001
[2026-05-14 12:46:02] DEBUG      [URL] https://www.zaubacorp.com/WEBGEN-INTERNET-TECHNOLOGIES-PRIVATE-LIMITED-U72900BR2010PTC015455
[2026-05-14 12:46:02] DEBUG      [URL] https://www.zaubacorp.com/PARSHWANATH-SECURITIES-AND-CONSULTANCY-PRIVATE-LIMITED-U67120MH2000PTC124415
[2026-05-14 12:46:02] DEBUG      [URL] https://www.zaubacorp.com/CASIA-PROJECT-DEVELOPMENT-PRIVATE-LIMITED-U74999MH2016PTC287621
[2026-05-14 12:46:02] DEBUG      [URL] https://www.zaubacorp.com/BABA-POWER-ENGINEERS-AND-CONSULTANTS-PRIVATE-LIMITED-U74999BR2020PTC046778
[2026-05-14 12:46:02] DEBUG      [URL] https://www.zaubacorp.com/ADRIK-ACADEMY-OPC-PRIVATE-LIMITED-U80904UP2017OPC093254
[2026-05-14 12:46:02] DEBUG      [URL] https://www.zaubacorp.com/QUTAB-APARTMENTS-PRIVATE-LIMITED-U74899DL1979PTC009718
[2026-05-14 12:46:02] DEBUG      [URL] https://www.zaubacorp.com/HARI-MARINE-CONTAINER-LINES-PRIVATE-LIMITED-U63030RJ2021PTC073782
[2026-05-14 12:46:02] DEBUG      [URL] https://www.zaubacorp.com/HARIDHAR-MILK-AND-FOODS-PRIVATE-LIMITED-U15400UR2021PTC013266
[2026-05-14 12:46:02] DEBUG      [URL] https://www.zaubacorp.com/CYBER-DOT-COM-PRIVATE-LIMITED-U72900DL2000PTC105203
[2026-05-14 12:46:02] DEBUG      [URL] https://www.zaubacorp.com/GEE-TRANSMISSION-AND-INFRASTRUCTURE-PRIVATE-LIMITED-U45200PB2007PTC030801
[2026-05-14 12:46:02] DEBUG      [URL] https://www.zaubacorp.com/MAULIK-KRUTI-RESOURCES-PRIVATE-LIMITED-U65910GJ1996PTC029769
[2026-05-14 12:46:02] DEBUG      [URL] https://www.zaubacorp.com/KODUNGAIYUR-BENEFIT-FUND-LIMITED-U65991TN1992PLC024112
[2026-05-14 12:46:02] DEBUG      [URL] https://www.zaubacorp.com/TKT-ENGINEERING-AND-SERVICES-PRIVATE-LIMITED-U74999UP2021PTC141978
[2026-05-14 12:46:02] DEBUG      [URL] https://www.zaubacorp.com/MEHTA-CARGO-PVT-LTD-U60231GJ2006PTC048446
[2026-05-14 12:46:02] DEBUG      [URL] https://www.zaubacorp.com/WAYPOINT-IMPEX-PRIVATE-LIMITED-U51909DL2021PTC379202
[2026-05-14 12:46:02] DEBUG      [URL] https://www.zaubacorp.com/GPJ-ENTERPRISES-PRIVATE-LIMITED-U52100BR2012PTC019215
[2026-05-14 12:46:02] DEBUG      [URL] https://www.zaubacorp.com/BATLIWALA-PROPERTIES-PRIVATE-LIMITED-U70100MH2002PTC135635
[2026-05-14 12:46:02] DEBUG      [URL] https://www.zaubacorp.com/AJJ-LABS-INDIA-PRIVATE-LIMITED-U64204MH2019PTC326357
[2026-05-14 12:46:02] INFO     Page 15 → discovered 30 company URLs
[2026-05-14 12:46:02] DEBUG    Sleeping 4.4s
[2026-05-14 12:46:06] INFO     Crawling listing page 16 → https://www.zaubacorp.com/companies-list/p-16-company.html
[2026-05-14 12:46:08] DEBUG    Found 367 total links on page 16
[2026-05-14 12:46:08] DEBUG      [URL] https://www.zaubacorp.com/ANGEL-EXIM-PROPERTY-PRIVATE-LIMITED-U70100MH2012PTC226234
[2026-05-14 12:46:08] DEBUG      [URL] https://www.zaubacorp.com/THRILL-INVESTMENT-AND-TRADING-PVT-LTD-U65990MH1992PTC069212
[2026-05-14 12:46:08] DEBUG      [URL] https://www.zaubacorp.com/NAV-FINANCIAL-SERVICES-PRIVATE-LIMITED-U67190MH1998PTC112922
[2026-05-14 12:46:08] DEBUG      [URL] https://www.zaubacorp.com/ASSAM-INFRASTRUCTURE-FACILITIES-PRIVATE-LIMITED-U45203AS2005PTC007703
[2026-05-14 12:46:08] DEBUG      [URL] https://www.zaubacorp.com/DOC90-SOLUTIONS-PRIVATE-LIMITED-U74999KA2017PTC104050
[2026-05-14 12:46:08] DEBUG      [URL] https://www.zaubacorp.com/VAKSONS-INDUSTRIES-PRIVATE-LIMITED-U50500DL2018PTC333510
[2026-05-14 12:46:08] DEBUG      [URL] https://www.zaubacorp.com/SANTLAL-INFRATECH-SOLUTION-PRIVATE-LIMITED-U40106RJ2021PTC078790
[2026-05-14 12:46:08] DEBUG      [URL] https://www.zaubacorp.com/GEEK-ONLINE-VENTURES-PRIVATE-LIMITED-U72900MP2008PTC021373
[2026-05-14 12:46:08] DEBUG      [URL] https://www.zaubacorp.com/ANJAANA-ANJAANI-HOSPITALITY-PRIVATE-LIMITED-U74999UR2018PTC008859
[2026-05-14 12:46:08] DEBUG      [URL] https://www.zaubacorp.com/KAIROSOLS-IT-SERVICES-PRIVATE-LIMITED-U72300TG2013PTC087977
[2026-05-14 12:46:08] DEBUG      [URL] https://www.zaubacorp.com/SHIVRUDRA-SECURITY-PRIVATE-LIMITED-U74999DL2017PTC313517
[2026-05-14 12:46:08] DEBUG      [URL] https://www.zaubacorp.com/VISHWA-VOKKALIGARA-RAITHA-HITHA-RAKSHANA-SAMITHI-ASSOCIATION-U85100KA2018NPL118798
[2026-05-14 12:46:08] DEBUG      [URL] https://www.zaubacorp.com/TRIPLE-A-MANAGEMENT-SERVICES-PRIVATE-LIMITED-U74999UR2021PTC012807
[2026-05-14 12:46:08] DEBUG      [URL] https://www.zaubacorp.com/COMFOTRONICS-PRIVATE-LIMITED-U52609OR2017PTC027019
[2026-05-14 12:46:08] DEBUG      [URL] https://www.zaubacorp.com/MICRO-DOT-SYSTEMS-PRIVATE-LIMITED-U74899DL1992PTC051456
[2026-05-14 12:46:08] DEBUG      [URL] https://www.zaubacorp.com/DIVYA-RESTAURANTS-AND-HOTELS-PRIVATE-LIMITED-U74899DL2003PTC122490
[2026-05-14 12:46:08] DEBUG      [URL] https://www.zaubacorp.com/ASTROM-ENTERPRISES-PRIVATE-LIMITED-U51909MH2019PTC334500
[2026-05-14 12:46:08] DEBUG      [URL] https://www.zaubacorp.com/SRI-HARI-LAKSHMI-FINANCE-PRIVATE-LIMITED-U65993AP1990PTC011135
[2026-05-14 12:46:08] DEBUG      [URL] https://www.zaubacorp.com/STAR-MINCHEM-PRIVATE-LIMITED-U51446DL1999PTC099938
[2026-05-14 12:46:08] DEBUG      [URL] https://www.zaubacorp.com/SPANK-MANAGEMENT-SERVICES-PRIVATE-LIMITED-U74140DL2004PTC130400
[2026-05-14 12:46:08] DEBUG      [URL] https://www.zaubacorp.com/SULABHA-REAL-ESTATE-AND-INVESTMENTS-PRIVATE-LIMITED-U70200GA1983PTC014327
[2026-05-14 12:46:08] DEBUG      [URL] https://www.zaubacorp.com/WIPRO-PERSONAL-CARE-PRIVATE-LIMITED-U36999KA2018PTC119331
[2026-05-14 12:46:08] DEBUG      [URL] https://www.zaubacorp.com/MASS-INDUSTRIAL-DEVELOPMENT-CLUSTER-ASSOCIATION-U91100MP2022NPL059661
[2026-05-14 12:46:08] DEBUG      [URL] https://www.zaubacorp.com/LUCKY-HOLIDAY-TOUR-AND-TRAVEL-PRIVATE-LIMITED-U63090BR2016PTC026235
[2026-05-14 12:46:08] DEBUG      [URL] https://www.zaubacorp.com/VIZISTA-SYSTEMS-PRIVATE-LIMITED-U72900GJ2009PTC056823
[2026-05-14 12:46:08] DEBUG      [URL] https://www.zaubacorp.com/SAMBHAV-BUILDING-SYSTEMS-PRIVATE-LIMITED-U45400DL2014PTC266183
[2026-05-14 12:46:08] DEBUG      [URL] https://www.zaubacorp.com/HILLVALLEY-CHITS-PRIVATE-LIMITED-U65992KL2009PTC024137
[2026-05-14 12:46:08] DEBUG      [URL] https://www.zaubacorp.com/BAGUNA-MEDICAL-ACADEMY-PRIVATE-LIMITED-U80904MH2013PTC242436
[2026-05-14 12:46:08] DEBUG      [URL] https://www.zaubacorp.com/TRANSWORLD-EXPORT-PRIVATE-LIMITED-U51909TN1973PTC006407
[2026-05-14 12:46:08] DEBUG      [URL] https://www.zaubacorp.com/BONGAIGAON-CONCRETE-INDUSTRIES-PRIVATE-LIMITED-U45309AS1988PTC002918
[2026-05-14 12:46:08] INFO     Page 16 → discovered 30 company URLs
[2026-05-14 12:46:08] DEBUG    Sleeping 4.5s
[2026-05-14 12:46:13] INFO     Crawling listing page 17 → https://www.zaubacorp.com/companies-list/p-17-company.html
[2026-05-14 12:46:14] DEBUG    Found 367 total links on page 17
[2026-05-14 12:46:14] DEBUG      [URL] https://www.zaubacorp.com/PICKUP-VYAPAAR-PVT-LTD-U51909WB1993PTC058045
[2026-05-14 12:46:14] DEBUG      [URL] https://www.zaubacorp.com/JK-DESIGN-STUDIO-PRIVATE-LIMITED-U74900PN2007PTC130891
[2026-05-14 12:46:14] DEBUG      [URL] https://www.zaubacorp.com/MOLDME-SPORTLY-PRIVATE-LIMITED-U92419KA2018PTC119137
[2026-05-14 12:46:14] DEBUG      [URL] https://www.zaubacorp.com/W-BILLINTON-AND-CO-PRIVATE-LIMITED-U74999WB1933PTC007681
[2026-05-14 12:46:14] DEBUG      [URL] https://www.zaubacorp.com/SARALA-PHARMA-PRIVATE-LIMITED-U74900WB2015PTC207151
[2026-05-14 12:46:14] DEBUG      [URL] https://www.zaubacorp.com/VIVIKAMBER-TECHNOLOGY-PRIVATE-LIMITED-U74999UP2017PTC089258
[2026-05-14 12:46:14] DEBUG      [URL] https://www.zaubacorp.com/INFODOT-SYSTEMS-PRIVATE-LIMITED-U72200KA1996PTC020024
[2026-05-14 12:46:14] DEBUG      [URL] https://www.zaubacorp.com/THR-DIGITAL-SOLUTIONS-PRIVATE-LIMITED-U72900WB2004PTC098665
[2026-05-14 12:46:14] DEBUG      [URL] https://www.zaubacorp.com/SUNTALEYTAR-HYDRO-PROJECT-PRIVATE-LIMITED-U40105DL2012PTC239430
[2026-05-14 12:46:14] DEBUG      [URL] https://www.zaubacorp.com/MOTHER-EARTH-REALTORS-PRIVATE-LIMITED-U45200PN2014PTC152494
[2026-05-14 12:46:14] DEBUG      [URL] https://www.zaubacorp.com/NAPTUNE-ONLINE-MARKETING-PRIVATE-LIMITED-U51909KA2019PTC128818
[2026-05-14 12:46:14] DEBUG      [URL] https://www.zaubacorp.com/AKSHAYA-FINLEASE-PRIVATE-LIMITED-U65910TG1993PTC016190
[2026-05-14 12:46:14] DEBUG      [URL] https://www.zaubacorp.com/N-B-S-PROFESSIONAL-EDUCATION-PRIVATE-LIMITED-U80301UP2006PTC032024
[2026-05-14 12:46:14] DEBUG      [URL] https://www.zaubacorp.com/DEVLECO-REAL-ESTATE-PRIVATE-LIMITED-U70109UP2019PTC113580
[2026-05-14 12:46:14] DEBUG      [URL] https://www.zaubacorp.com/MANGLAM-ALLIED-SERVICES-PRIVATE-LIMITED-U74999GJ2020PTC117564
[2026-05-14 12:46:14] DEBUG      [URL] https://www.zaubacorp.com/SPLASH-APPLIANCES-PRIVATE-LIMITED-U74120DL2007PTC157681
[2026-05-14 12:46:14] DEBUG      [URL] https://www.zaubacorp.com/TANZERA-GLOBAL-OPC-PRIVATE-LIMITED-U72900UP2018OPC103371
[2026-05-14 12:46:14] DEBUG      [URL] https://www.zaubacorp.com/MONA-BUILDERS-P-LTD-U99999MH1994PTC076326
[2026-05-14 12:46:14] DEBUG      [URL] https://www.zaubacorp.com/RPD-LEGAL-AND-FINANCIAL-CONSULTANT-LLP-AAH-3826
[2026-05-14 12:46:14] DEBUG      [URL] https://www.zaubacorp.com/SUMAIYA-INFOTECH-OPC-PRIVATE-LIMITED-U72900DL2021OPC383210
[2026-05-14 12:46:14] DEBUG      [URL] https://www.zaubacorp.com/R-K-AUDIO-VISUALS-PRIVATE-LIMITED-U74900WB2010PTC151296
[2026-05-14 12:46:14] DEBUG      [URL] https://www.zaubacorp.com/MINDTICKLES-EDUVENTURES-PRIVATE-LIMITED-U52609TG2018PTC125033
[2026-05-14 12:46:14] DEBUG      [URL] https://www.zaubacorp.com/LOBOR-SHIP-MANAGEMENT-PRIVATE-LIMITED-U74999MH2002PTC136681
[2026-05-14 12:46:14] DEBUG      [URL] https://www.zaubacorp.com/RANJEET-GENUS-PRIVATE-LIMITED-U52609MH2017PTC293282
[2026-05-14 12:46:14] DEBUG      [URL] https://www.zaubacorp.com/YESHPAL-RAIKAR-AND-ASSOCIATES-BUILDTECH-PRIVATE-LIMITED-U70200GA2010PTC006308
[2026-05-14 12:46:14] DEBUG      [URL] https://www.zaubacorp.com/FERROUS-INVESTMENTS-PRIVATE-LIMITED-U74899DL1986PTC024481
[2026-05-14 12:46:14] DEBUG      [URL] https://www.zaubacorp.com/RAYWATT-ENERGY-PRIVATE-LIMITED-U40106GJ2014PTC078803
[2026-05-14 12:46:14] DEBUG      [URL] https://www.zaubacorp.com/PULIKEEZHU-METALS-PRIVATE-LIMITED-U74999KL2018PTC056015
[2026-05-14 12:46:14] DEBUG      [URL] https://www.zaubacorp.com/RANDHAWAS-PROTECTION-PRIVATE-LIMITED-U74900MH2011PTC224498
[2026-05-14 12:46:14] DEBUG      [URL] https://www.zaubacorp.com/SRH-COLD-STORAGE-PRIVATE-LIMITED-U63030MP2020PTC053699
[2026-05-14 12:46:14] INFO     Page 17 → discovered 30 company URLs
[2026-05-14 12:46:14] DEBUG    Sleeping 2.8s
[2026-05-14 12:46:17] INFO     Crawling listing page 18 → https://www.zaubacorp.com/companies-list/p-18-company.html
[2026-05-14 12:46:18] WARNING  CF block on listing page 18, attempt 1/3
[2026-05-14 12:46:23] WARNING  CF block on listing page 18, attempt 2/3
[2026-05-14 12:46:34] DEBUG    Found 367 total links on page 18
[2026-05-14 12:46:34] DEBUG      [URL] https://www.zaubacorp.com/SUPERNOVIAN-INDIA-PRIVATE-LIMITED-U72900MH2020PTC342348
[2026-05-14 12:46:34] DEBUG      [URL] https://www.zaubacorp.com/SHREEBHAGWATI-COMMODITIES-PRIVATE-LIMITED-U74900GJ2016PTC086301
[2026-05-14 12:46:34] DEBUG      [URL] https://www.zaubacorp.com/ESSENCE-HEALTHCARE-INDIA-PRIVATE-LIMITED-U51109KA2012PTC062321
[2026-05-14 12:46:34] DEBUG      [URL] https://www.zaubacorp.com/CCANK-TECH-PRIVATE-LIMITED-U72200DL2021PTC380989
[2026-05-14 12:46:34] DEBUG      [URL] https://www.zaubacorp.com/HAMARA-ASTRO-VASTU-SYSTEMS-PRIVATE-LIMITED-U93090MH2004PTC144714
[2026-05-14 12:46:34] DEBUG      [URL] https://www.zaubacorp.com/KWICK-SOFT-SOLUTIONS-PRIVATE-LIMITED-U72200TN2005PTC055566
[2026-05-14 12:46:34] DEBUG      [URL] https://www.zaubacorp.com/SONAL-MARKETING-PRIVATE-LIMITED-U51909PN2001PTC015993
[2026-05-14 12:46:34] DEBUG      [URL] https://www.zaubacorp.com/SUPERLAN-COMPUTER-SYSTEMS-PRIVATE-LIMITED-U99999MH1996PTC103716
[2026-05-14 12:46:34] DEBUG      [URL] https://www.zaubacorp.com/VASTRASHASTRA-ECOMMERCE-PRIVATE-LIMITED-U74999MH2018PTC314392
[2026-05-14 12:46:34] DEBUG      [URL] https://www.zaubacorp.com/ALWAR-INNOVATIVE-COMPUTER-ACCOUNTS-PRIVATE-LIMITED-U72200RJ2008PTC026496
[2026-05-14 12:46:34] DEBUG      [URL] https://www.zaubacorp.com/S3A-IMPEX-PRIVATE-LIMITED-U74140DL2012PTC233907
[2026-05-14 12:46:34] DEBUG      [URL] https://www.zaubacorp.com/VAISHU-INFRATECH-PRIVATE-LIMITED-U45309JH2021PTC017401
[2026-05-14 12:46:35] DEBUG      [URL] https://www.zaubacorp.com/CODENT-SOFTWARE-SOLUTIONS-PRIVATE-LIMITED-U72900AP2020PTC114265
[2026-05-14 12:46:35] DEBUG      [URL] https://www.zaubacorp.com/GARIMA-ENTERPRISES-PRIVATE-LIMITED-U74899DL1994PTC059917
[2026-05-14 12:46:35] DEBUG      [URL] https://www.zaubacorp.com/MAXIMOVE-LOGISTICS-PRIVATE-LIMITED-U60300TN2019PTC129108
[2026-05-14 12:46:35] DEBUG      [URL] https://www.zaubacorp.com/UTTSHAVI-INFRACON-PRIVATE-LIMITED-U45200BR2013PTC020349
[2026-05-14 12:46:35] DEBUG      [URL] https://www.zaubacorp.com/VISWATEJA-CASHEW-COMPANY-PVT-LTD-U74999TG1992PTC014826
[2026-05-14 12:46:35] DEBUG      [URL] https://www.zaubacorp.com/AVM-INTERNS-HUB-CAREER-SOLUTIONS-PRIVATE-LIMITED-U74999DL2019PTC352731
[2026-05-14 12:46:35] DEBUG      [URL] https://www.zaubacorp.com/DUCKHAWK-SERVICES-PRIVATE-LIMITED-U74999TG2018PTC126737
[2026-05-14 12:46:35] DEBUG      [URL] https://www.zaubacorp.com/WORLDGREEN-HEALTHCARE-PRIVATE-LIMITED-U74120UP2012PTC050229
[2026-05-14 12:46:35] DEBUG      [URL] https://www.zaubacorp.com/EKAVIRA-VENTURES-LIMITED-U74110MH1996PLC151955
[2026-05-14 12:46:35] DEBUG      [URL] https://www.zaubacorp.com/SMOHTA-CONSULTANCY-PRIVATE-LIMITED-U74999WB2019PTC230313
[2026-05-14 12:46:35] DEBUG      [URL] https://www.zaubacorp.com/ARISTOTLE-AVIATION-ACADEMY-PRIVATE-LIMITED-U74999MH2021PTC357748
[2026-05-14 12:46:35] DEBUG      [URL] https://www.zaubacorp.com/PARAMOUNT-COMMODITIES-AND-SERVICES-PRIVATE-LIMITED-U01132TZ1998PTC022067
[2026-05-14 12:46:35] DEBUG      [URL] https://www.zaubacorp.com/SHIN-TRADERS-PRIVATE-LIMITED-U51909DL2018PTC337404
[2026-05-14 12:46:35] DEBUG      [URL] https://www.zaubacorp.com/INSTALLER-SOLUTIONS-PRIVATE-LIMITED-U36101MH2002PTC136363
[2026-05-14 12:46:35] DEBUG      [URL] https://www.zaubacorp.com/ML-REPRESENTATION-PRIVATE-LIMITED-U74999UP2020PTC131695
[2026-05-14 12:46:35] DEBUG      [URL] https://www.zaubacorp.com/PAHI-CAREER-FINDERS-PRIVATE-LIMITED-U80903JH2020PTC014712
[2026-05-14 12:46:35] DEBUG      [URL] https://www.zaubacorp.com/GI-STONES-INDIA-PRIVATE-LIMITED-U74999DL2017PTC311067
[2026-05-14 12:46:35] DEBUG      [URL] https://www.zaubacorp.com/PRIME-MULTIPRODUCTS-SERVICES-PRIVATE-LIMITED-U74999MH2006PTC163729
[2026-05-14 12:46:35] INFO     Page 18 → discovered 30 company URLs
[2026-05-14 12:46:35] DEBUG    Sleeping 2.7s
[2026-05-14 12:46:37] INFO     Crawling listing page 19 → https://www.zaubacorp.com/companies-list/p-19-company.html
[2026-05-14 12:46:39] DEBUG    Found 367 total links on page 19
[2026-05-14 12:46:39] DEBUG      [URL] https://www.zaubacorp.com/OMBALAJI-INFRAPLUS-PRIVATE-LIMITED-U70102UP2014PTC067321
[2026-05-14 12:46:39] DEBUG      [URL] https://www.zaubacorp.com/FERROCO-SPECIALITY-CASTINGS-PRIVATE-LIMITED-U27101KA1984PTC005983
[2026-05-14 12:46:39] DEBUG      [URL] https://www.zaubacorp.com/YOUVW-MEDIA-HOUSE-PRIVATE-LIMITED-U72900KA2019PTC130486
[2026-05-14 12:46:39] DEBUG      [URL] https://www.zaubacorp.com/P-S-D-PROPERTIES-PRIVATE-LIMITED-U70101WB2005PTC105848
[2026-05-14 12:46:39] DEBUG      [URL] https://www.zaubacorp.com/AFRASIA-COMMUNICATION-PRIVATE-LIMITED-U72300WB2015PTC205064
[2026-05-14 12:46:39] DEBUG      [URL] https://www.zaubacorp.com/B-B-REAL-INFRA-ESTATES-PRIVATE-LIMITED-U45400WB2010PTC140967
[2026-05-14 12:46:39] DEBUG      [URL] https://www.zaubacorp.com/ACE-FIN-SOLUTIONS-PRIVATE-LIMITED-U74140DL2008PTC183583
[2026-05-14 12:46:39] DEBUG      [URL] https://www.zaubacorp.com/365-SMART-NETWORK-LLP-AAD-9760
[2026-05-14 12:46:39] DEBUG      [URL] https://www.zaubacorp.com/D-B-ADVERTISING-SERVICES-PRIVATE-LIMITED-U74300MH1976PTC018757
[2026-05-14 12:46:39] DEBUG      [URL] https://www.zaubacorp.com/GILTEDGED-TRADERS-PVT-LTD-U51109WB1994PTC062365
[2026-05-14 12:46:39] DEBUG      [URL] https://www.zaubacorp.com/I-MECH-TECHNOLOGIES-PRIVATE-LIMITED-U72200TG2006PTC050258
[2026-05-14 12:46:39] DEBUG      [URL] https://www.zaubacorp.com/PURASKRIT-CONSULTANCY-OPC-PRIVATE-LIMITED-U74999WB2021OPC247001
[2026-05-14 12:46:39] DEBUG      [URL] https://www.zaubacorp.com/CLASSY-SPACES-PRIVATE-LIMITED-U71210KA2012PTC063811
[2026-05-14 12:46:39] DEBUG      [URL] https://www.zaubacorp.com/AGRIGRID-SERVICES-PRIVATE-LIMITED-U51909KA2022PTC158981
[2026-05-14 12:46:39] DEBUG      [URL] https://www.zaubacorp.com/BMW-VYAPAR-PRIVATE-LIMITED-U51909WB2013PTC209294
[2026-05-14 12:46:39] DEBUG      [URL] https://www.zaubacorp.com/LIFELINE-HOSPITAL-AND-HEALTHCARE-SERVICES-PRIVATE-LIMITED-U85110PN2008PTC131822
[2026-05-14 12:46:39] DEBUG      [URL] https://www.zaubacorp.com/MAULEE-GOAT-FARMING-AND-AGRO-SERVICES-PRIVATE-LIMITED-U74993MH2018PTC315144
[2026-05-14 12:46:39] DEBUG      [URL] https://www.zaubacorp.com/PURAN-MOTORS-PRIVATE-LIMITED-U50102UP2011PTC045169
[2026-05-14 12:46:39] DEBUG      [URL] https://www.zaubacorp.com/SAI-BABA-ESTATES-PRIVATE-LIMITED-U70101DL2011PTC212754
[2026-05-14 12:46:39] DEBUG      [URL] https://www.zaubacorp.com/STRYDER-SOLUTIONS-PRIVATE-LIMITED-U74999KA2021PTC150203
[2026-05-14 12:46:39] DEBUG      [URL] https://www.zaubacorp.com/ROTSON-STAYS-PRIVATE-LIMITED-U55204KA2018PTC110584
[2026-05-14 12:46:39] DEBUG      [URL] https://www.zaubacorp.com/OM-SYNERGY-SPACELINK-PRIVATE-LIMITED-U45200GJ2012PTC071249
[2026-05-14 12:46:39] DEBUG      [URL] https://www.zaubacorp.com/MUSKAN-KURIES-PRIVATE-LIMITED-U65992PN2008PTC133111
[2026-05-14 12:46:39] DEBUG      [URL] https://www.zaubacorp.com/KFSH-FITNESS-PRIVATE-LIMITED-U51909DL2017PTC321159
[2026-05-14 12:46:39] DEBUG      [URL] https://www.zaubacorp.com/MAAMEDICAL-AID-ASSOCIATES-PRIVATE-LIMITED-U74999WB2020PTC239955
[2026-05-14 12:46:39] DEBUG      [URL] https://www.zaubacorp.com/SNOWBLUE-DISTRIBUTORS-PRIVATE-LIMITED-U51909WB2012PTC171661
[2026-05-14 12:46:39] DEBUG      [URL] https://www.zaubacorp.com/SURYANSHU-REALTORS-PRIVATE-LIMITED-U45201PN2005PTC021055
[2026-05-14 12:46:39] DEBUG      [URL] https://www.zaubacorp.com/VEDRAJ-NIDHI-LIMITED-U65999DL2019PLC345223
[2026-05-14 12:46:39] DEBUG      [URL] https://www.zaubacorp.com/NISTULA-BUSINESS-SOLUTION-PRIVATE-LIMITED-U74140WB2019PTC233426
[2026-05-14 12:46:39] DEBUG      [URL] https://www.zaubacorp.com/GOLDEN-WINGS-MULTI-TRADE-PRIVATE-LIMITED-U51909AS2009PTC009285
[2026-05-14 12:46:39] INFO     Page 19 → discovered 30 company URLs
[2026-05-14 12:46:39] DEBUG    Sleeping 4.4s
[2026-05-14 12:46:43] INFO     Crawling listing page 20 → https://www.zaubacorp.com/companies-list/p-20-company.html
[2026-05-14 12:46:44] WARNING  CF block on listing page 20, attempt 1/3
[2026-05-14 12:46:51] DEBUG    Found 367 total links on page 20
[2026-05-14 12:46:51] DEBUG      [URL] https://www.zaubacorp.com/WHITECAT-CREATIONS-PRIVATE-LIMITED-U93090KL2019PTC056567
[2026-05-14 12:46:51] DEBUG      [URL] https://www.zaubacorp.com/BACTI-BARRIER-INDIA-LLP-AAH-0342
[2026-05-14 12:46:51] DEBUG      [URL] https://www.zaubacorp.com/GLAMRATNA-PRIVATE-LIMITED-U74994UP2016PTC083708
[2026-05-14 12:46:51] DEBUG      [URL] https://www.zaubacorp.com/BRASLE-INDIA-PVT-LTD-U74899DL1981PTC011813
[2026-05-14 12:46:51] DEBUG      [URL] https://www.zaubacorp.com/MONERE-SOLUTIONS-PRIVATE-LIMITED-U72900PN2021PTC201808
[2026-05-14 12:46:51] DEBUG      [URL] https://www.zaubacorp.com/CHAMBER-OF-STARTUPS-INDUSTRIES-AND-ENTREPRENEURS-INDIA-COUNCIL-U85300DL2019NPL355045
[2026-05-14 12:46:51] DEBUG      [URL] https://www.zaubacorp.com/PADM-COMPLEX-LTD-U45201GJ1994PLC021297
[2026-05-14 12:46:51] DEBUG      [URL] https://www.zaubacorp.com/B-N-P-INVESTMENTS-PRIVATE-LIMITED-U67120UP1992PTC014927
[2026-05-14 12:46:51] DEBUG      [URL] https://www.zaubacorp.com/STEEL-HOUSE-PRIVATE-LIMITED-U51392KL1996PTC010731
[2026-05-14 12:46:51] DEBUG      [URL] https://www.zaubacorp.com/INNAUMATION-MEDICAL-DEVICES-PRIVATE-LIMITED-U33100KA2019PTC121083
[2026-05-14 12:46:51] DEBUG      [URL] https://www.zaubacorp.com/CKR-STEELS-PRIVATE-LIMITED-U51909CT2012PTC008243
[2026-05-14 12:46:51] DEBUG      [URL] https://www.zaubacorp.com/INTERRELATIONS-NETWORKING-PRIVATE-LIMITE-D-U64204PB2003PTC025911
[2026-05-14 12:46:51] DEBUG      [URL] https://www.zaubacorp.com/BID-MY-TOUR-PRIVATE-LIMITED-U63040RJ2009PTC029984
[2026-05-14 12:46:51] DEBUG      [URL] https://www.zaubacorp.com/STRATYFIED-RESEARCH-SOLUTIONS-PRIVATE-LIMITED-U72900TG2017PTC120029
[2026-05-14 12:46:51] DEBUG      [URL] https://www.zaubacorp.com/RAMRAJ-SERVICES-PRIVATE-LIMITED-U72300UP2016PTC076177
[2026-05-14 12:46:51] DEBUG      [URL] https://www.zaubacorp.com/WR-VISA-CONSULTANTS-PRIVATE-LIMITED-U63033DL2017PTC311313
[2026-05-14 12:46:51] DEBUG      [URL] https://www.zaubacorp.com/LIBERTEE-ELEUTHERIA-PRIVATE-LIMITED-U52100KA2023PTC169838
[2026-05-14 12:46:51] DEBUG      [URL] https://www.zaubacorp.com/KALYAN-PROJECTS-PRIVATE-LIMITED-U45201GJ1995PTC027763
[2026-05-14 12:46:51] DEBUG      [URL] https://www.zaubacorp.com/NEOTEC-BUILDCON-PRIVATE-LIMITED-U45400MP2010PTC023147
[2026-05-14 12:46:51] DEBUG      [URL] https://www.zaubacorp.com/TRISHULA-ROBOTIC-SOLUTIONS-PRIVATE-LIMITED-U73100MH2021PTC369883
[2026-05-14 12:46:51] DEBUG      [URL] https://www.zaubacorp.com/KSSR-INFRA-PROJECTS-PRIVATE-LIMITED-U45209TG2009PTC066394
[2026-05-14 12:46:51] DEBUG      [URL] https://www.zaubacorp.com/LINEAR-STUDIOS-PRIVATE-LIMITED-U93090MH2018PTC318409
[2026-05-14 12:46:51] DEBUG      [URL] https://www.zaubacorp.com/EDAMATTOM-COMMERCE-LIMITED-U74999KL1938PLC000332
[2026-05-14 12:46:51] DEBUG      [URL] https://www.zaubacorp.com/ARCK-HOSPITALITY-SERVICES-PRIVATE-LIMITED-U55209JH2018PTC012007
[2026-05-14 12:46:51] DEBUG      [URL] https://www.zaubacorp.com/PROXIMASIDE-TECHNOLOGY-PRIVATE-LIMITED-U72200GJ2021PTC127110
[2026-05-14 12:46:51] DEBUG      [URL] https://www.zaubacorp.com/APEX-REALTORS-PVT-LTD-U70101KL1994PTC008034
[2026-05-14 12:46:51] DEBUG      [URL] https://www.zaubacorp.com/TRILOKSONS-RESOURCES-PRIVATE-LIMITED-U74120MH2007PTC167945
[2026-05-14 12:46:51] DEBUG      [URL] https://www.zaubacorp.com/S-P-AUTOMOTIVE-PRIVATE-LIMITED-U52599MH2007PTC167307
[2026-05-14 12:46:51] DEBUG      [URL] https://www.zaubacorp.com/ETHNOTECH-IT-AND-HARDWARE-SOLUTIONS-PRIVATE-LIMITED-U72200KA2013PTC071415
[2026-05-14 12:46:51] DEBUG      [URL] https://www.zaubacorp.com/GAYATHRI-TOWERS-PRIVATE-LIMITED-U45400TG2011PTC074685
[2026-05-14 12:46:51] INFO     Page 20 → discovered 30 company URLs
[2026-05-14 12:46:51] DEBUG    Sleeping 4.8s
[2026-05-14 12:46:56] INFO     Discovery complete — 599 URLs found
[2026-05-14 12:46:56] INFO     Discovery complete — 599 URLs found
[2026-05-14 12:46:56] INFO     Phase 2: Scraping company details (limit=500)
[2026-05-14 12:46:56] INFO     Starting scraping — 500 URLs queued
[2026-05-14 12:46:56] INFO     [1/500]
[2026-05-14 12:46:56] INFO     Scraping: https://www.zaubacorp.com/BEFREE-BUSINESS-RESOURCING-LLP-AAG-4170
[2026-05-14 12:46:58] INFO     ✓ BEFREE BUSINESS RESOURCING LLP | CIN: AAG-4170 | ROAD, VERAVAL Junagadh, Gujarat
[2026-05-14 12:47:00] INFO     [2/500]
[2026-05-14 12:47:00] INFO     Scraping: https://www.zaubacorp.com/VIRAT-PROMOTERS-LLP-AAG-4332
[2026-05-14 12:47:02] INFO     ✓ VIRAT PROMOTERS LLP | CIN: AAG-4332 | Delhi South Delhi, Delhi
[2026-05-14 12:47:06] INFO     [3/500]
[2026-05-14 12:47:06] INFO     Scraping: https://www.zaubacorp.com/SRI-KRISHNA-FREEHOLD-LLP-AAF-2865
[2026-05-14 12:47:07] INFO     ✓ SRI KRISHNA FREEHOLD LLP | CIN: AAF-2865 | DELHI East Delhi, Delhi
[2026-05-14 12:47:12] INFO     [4/500]
[2026-05-14 12:47:12] INFO     Scraping: https://www.zaubacorp.com/SOLSKEN-ENERGY-LLP-AAF-1860
[2026-05-14 12:47:13] INFO     ✓ SOLSKEN ENERGY LLP | CIN: AAF-1860 | AREA BHIWADI Alwar, Rajasthan
[2026-05-14 12:47:15] INFO     [5/500]
[2026-05-14 12:47:15] INFO     Scraping: https://www.zaubacorp.com/REINA-CONSULTING-LLP-AAE-9623
[2026-05-14 12:47:17] INFO     ✓ REINA CONSULTING LLP | CIN: AAE-9623 | Gurgaon Gurgaon, Haryana
[2026-05-14 12:47:21] INFO     [6/500]
[2026-05-14 12:47:21] INFO     Scraping: https://www.zaubacorp.com/SAFARI-BIKES-PRIVATE-LIMITED-U35921PB1995PTC017379
[2026-05-14 12:47:22] WARNING  Cloudflare block on attempt 1/3 for https://www.zaubacorp.com/SAFARI-BIKES-PRIVATE-LIMITED-U35921PB1995PTC017379
[2026-05-14 12:47:29] WARNING  Cloudflare block on attempt 2/3 for https://www.zaubacorp.com/SAFARI-BIKES-PRIVATE-LIMITED-U35921PB1995PTC017379
[2026-05-14 12:47:40] WARNING  Cloudflare block on attempt 3/3 for https://www.zaubacorp.com/SAFARI-BIKES-PRIVATE-LIMITED-U35921PB1995PTC017379
[2026-05-14 12:47:40] ERROR    Failed to fetch https://www.zaubacorp.com/SAFARI-BIKES-PRIVATE-LIMITED-U35921PB1995PTC017379
[2026-05-14 12:47:44] INFO     [7/500]
[2026-05-14 12:47:44] INFO     Scraping: https://www.zaubacorp.com/NCORE-TECHNOLOGY-PVT-LTD-U72200TG1990PTC011250
[2026-05-14 12:47:44] WARNING  Cloudflare block on attempt 1/3 for https://www.zaubacorp.com/NCORE-TECHNOLOGY-PVT-LTD-U72200TG1990PTC011250
[2026-05-14 12:47:51] INFO     ✓ NCORE TECHNOLOGY PVT LTD | CIN: U72200TG1990PTC011250 | -, Telangana
[2026-05-14 12:47:55] INFO     [8/500]
[2026-05-14 12:47:55] INFO     Scraping: https://www.zaubacorp.com/AKHEALTH-BUSINESS-SOLUTION-PRIVATE-LIMITED-U74999PN2017PTC172044
[2026-05-14 12:47:56] WARNING  Cloudflare block on attempt 1/3 for https://www.zaubacorp.com/AKHEALTH-BUSINESS-SOLUTION-PRIVATE-LIMITED-U74999PN2017PTC172044
[2026-05-14 12:48:02] INFO     ✓ AKHEALTH BUSINESS SOLUTION PRIVATE LIMITED | CIN: U74999PN2017PTC172044 | -, Maharashtra
[2026-05-14 12:48:05] INFO     [9/500]
[2026-05-14 12:48:05] INFO     Scraping: https://www.zaubacorp.com/SUPREME-HEATREATERS-PVT-LTD-U99999MH1987PTC043205
[2026-05-14 12:48:05] WARNING  Cloudflare block on attempt 1/3 for https://www.zaubacorp.com/SUPREME-HEATREATERS-PVT-LTD-U99999MH1987PTC043205
[2026-05-14 12:48:12] WARNING  Cloudflare block on attempt 2/3 for https://www.zaubacorp.com/SUPREME-HEATREATERS-PVT-LTD-U99999MH1987PTC043205
[2026-05-14 12:48:23] WARNING  Cloudflare block on attempt 3/3 for https://www.zaubacorp.com/SUPREME-HEATREATERS-PVT-LTD-U99999MH1987PTC043205
[2026-05-14 12:48:23] ERROR    Failed to fetch https://www.zaubacorp.com/SUPREME-HEATREATERS-PVT-LTD-U99999MH1987PTC043205
[2026-05-14 12:48:27] INFO     [10/500]
[2026-05-14 12:48:27] INFO     Scraping: https://www.zaubacorp.com/PWC-STRATEGY-AND-INDIA-PRIVATE-LIMITED-U74990MH2009FTC194075
[2026-05-14 12:48:27] WARNING  Cloudflare block on attempt 1/3 for https://www.zaubacorp.com/PWC-STRATEGY-AND-INDIA-PRIVATE-LIMITED-U74990MH2009FTC194075
[2026-05-14 12:48:36] INFO     ✓ PWC STRATEGY& (INDIA) PRIVATE LIMITED | CIN: U74990MH2009FTC194075 | Mumbai Mumbai City, Maharashtra
[2026-05-14 12:48:38] INFO     [11/500]
[2026-05-14 12:48:38] INFO     Scraping: https://www.zaubacorp.com/PROLOGY-IT-SOLUTIONS-PRIVATE-LIMITED-U74120MH2014PTC258481
[2026-05-14 12:48:39] WARNING  Cloudflare block on attempt 1/3 for https://www.zaubacorp.com/PROLOGY-IT-SOLUTIONS-PRIVATE-LIMITED-U74120MH2014PTC258481
[2026-05-14 12:48:45] WARNING  Cloudflare block on attempt 2/3 for https://www.zaubacorp.com/PROLOGY-IT-SOLUTIONS-PRIVATE-LIMITED-U74120MH2014PTC258481
[2026-05-14 12:48:58] WARNING  Cloudflare block on attempt 3/3 for https://www.zaubacorp.com/PROLOGY-IT-SOLUTIONS-PRIVATE-LIMITED-U74120MH2014PTC258481
[2026-05-14 12:48:58] ERROR    Failed to fetch https://www.zaubacorp.com/PROLOGY-IT-SOLUTIONS-PRIVATE-LIMITED-U74120MH2014PTC258481
[2026-05-14 12:49:02] INFO     [12/500]
[2026-05-14 12:49:02] INFO     Scraping: https://www.zaubacorp.com/DIVIJ-REALTY-PRIVATE-LIMITED-U70100MH2005PTC153743
[2026-05-14 12:49:04] WARNING  Cloudflare block on attempt 1/3 for https://www.zaubacorp.com/DIVIJ-REALTY-PRIVATE-LIMITED-U70100MH2005PTC153743
[2026-05-14 12:49:12] WARNING  Cloudflare block on attempt 2/3 for https://www.zaubacorp.com/DIVIJ-REALTY-PRIVATE-LIMITED-U70100MH2005PTC153743
[2026-05-14 12:49:25] WARNING  Cloudflare block on attempt 3/3 for https://www.zaubacorp.com/DIVIJ-REALTY-PRIVATE-LIMITED-U70100MH2005PTC153743
[2026-05-14 12:49:25] ERROR    Failed to fetch https://www.zaubacorp.com/DIVIJ-REALTY-PRIVATE-LIMITED-U70100MH2005PTC153743
[2026-05-14 12:49:28] INFO     [13/500]
[2026-05-14 12:49:28] INFO     Scraping: https://www.zaubacorp.com/RADIOHMS-AGENCIES-PRIVATE-LIMITED-U51100MH2005PTC150698
[2026-05-14 12:49:28] WARNING  Cloudflare block on attempt 1/3 for https://www.zaubacorp.com/RADIOHMS-AGENCIES-PRIVATE-LIMITED-U51100MH2005PTC150698
[2026-05-14 12:49:36] WARNING  Cloudflare block on attempt 2/3 for https://www.zaubacorp.com/RADIOHMS-AGENCIES-PRIVATE-LIMITED-U51100MH2005PTC150698
[2026-05-14 12:49:47] WARNING  Cloudflare block on attempt 3/3 for https://www.zaubacorp.com/RADIOHMS-AGENCIES-PRIVATE-LIMITED-U51100MH2005PTC150698
[2026-05-14 12:49:47] ERROR    Failed to fetch https://www.zaubacorp.com/RADIOHMS-AGENCIES-PRIVATE-LIMITED-U51100MH2005PTC150698
[2026-05-14 12:49:50] INFO     [14/500]
[2026-05-14 12:49:50] INFO     Scraping: https://www.zaubacorp.com/BLUE-CIRCLE-ORGANICS-PRIVATE-LIMITED-U24299MH2003PTC139929
[2026-05-14 12:49:51] WARNING  Cloudflare block on attempt 1/3 for https://www.zaubacorp.com/BLUE-CIRCLE-ORGANICS-PRIVATE-LIMITED-U24299MH2003PTC139929
[2026-05-14 12:49:59] WARNING  Cloudflare block on attempt 2/3 for https://www.zaubacorp.com/BLUE-CIRCLE-ORGANICS-PRIVATE-LIMITED-U24299MH2003PTC139929
[2026-05-14 12:50:13] INFO     ✓ BLUE CIRCLE ORGANICS PRIVATE LIMITED | CIN: U15100MH2003PTC139929 | -, Maharashtra
[2026-05-14 12:50:16] INFO     [15/500]
[2026-05-14 12:50:16] INFO     Scraping: https://www.zaubacorp.com/VISHWAKARMA-TREXIM-PVT-LTD-U51109WB1994PTC062270
[2026-05-14 12:50:17] WARNING  Cloudflare block on attempt 1/3 for https://www.zaubacorp.com/VISHWAKARMA-TREXIM-PVT-LTD-U51109WB1994PTC062270
[2026-05-14 12:50:23] WARNING  Cloudflare block on attempt 2/3 for https://www.zaubacorp.com/VISHWAKARMA-TREXIM-PVT-LTD-U51109WB1994PTC062270
[2026-05-14 12:50:37] WARNING  Cloudflare block on attempt 3/3 for https://www.zaubacorp.com/VISHWAKARMA-TREXIM-PVT-LTD-U51109WB1994PTC062270
[2026-05-14 12:50:37] ERROR    Failed to fetch https://www.zaubacorp.com/VISHWAKARMA-TREXIM-PVT-LTD-U51109WB1994PTC062270
[2026-05-14 12:50:40] INFO     [16/500]
[2026-05-14 12:50:40] INFO     Scraping: https://www.zaubacorp.com/ANANYA-INVESTMENTS-PRIVATE-LIMITED-U65990GJ1980PTC003888
[2026-05-14 12:50:43] INFO     ✓ ANANYA INVESTMENTS PRIVATE LIMITED | CIN: U74110GJ1980PTC003888 | -, Gujarat
[2026-05-14 12:50:47] INFO     [17/500]
[2026-05-14 12:50:47] INFO     Scraping: https://www.zaubacorp.com/DRESDNER-KLEINWORT-WASSERSTEIN-SECURITIES-INDIA-PRIVATE-LIMITED-U67120MH1993PTC075675
[2026-05-14 12:50:51] INFO     ✓ DRESDNER KLEINWORT WASSERSTEIN SECURITIES (INDIA) PRIVATE LIMITED | CIN: U67120MH1993PTC075675 | -, Maharashtra
[2026-05-14 12:50:55] INFO     [18/500]
[2026-05-14 12:50:55] INFO     Scraping: https://www.zaubacorp.com/SAITEX-FAB-SAREES-LLP-AAQ-6173
[2026-05-14 12:50:58] INFO     ✓ SAITEX FAB SAREES LLP | CIN: AAQ-6173 | ROAD SURAT Surat, Gujarat
[2026-05-14 12:51:00] INFO     [19/500]
[2026-05-14 12:51:00] INFO     Scraping: https://www.zaubacorp.com/ASPIRE-POWER-PROJECTS-PRIVATE-LIMITED-U40108DL2004PTC125750
[2026-05-14 12:51:03] INFO     ✓ ASPIRE POWER PROJECTS PRIVATE LIMITED | CIN: U40108DL2004PTC125750 | -, Jharkhand
[2026-05-14 12:51:07] INFO     [20/500]
[2026-05-14 12:51:07] INFO     Scraping: https://www.zaubacorp.com/AL-AMAN-TOURISM-PRIVATE-LIMITED-U63040AP2002PTC039713
[2026-05-14 12:51:10] INFO     ✓ AL-AMAN TOURISM PRIVATE LIMITED | CIN: U63040AP2002PTC039713 | -, Andhra Pradesh
[2026-05-14 12:51:14] INFO     [21/500]
[2026-05-14 12:51:14] INFO     Scraping: https://www.zaubacorp.com/AGK-BUILDCON-LLP-AAJ-4875
[2026-05-14 12:51:16] INFO     ✓ AGK BUILDCON LLP | CIN: AAJ-4875 | -, Maharashtra
[2026-05-14 12:51:19] INFO     [22/500]
[2026-05-14 12:51:19] INFO     Scraping: https://www.zaubacorp.com/KPC-BUILDERS-PRIVATE-LIMITED-U45200AP2001PTC036587
[2026-05-14 12:51:22] WARNING  Cloudflare block on attempt 1/3 for https://www.zaubacorp.com/KPC-BUILDERS-PRIVATE-LIMITED-U45200AP2001PTC036587
[2026-05-14 12:51:30] WARNING  Cloudflare block on attempt 2/3 for https://www.zaubacorp.com/KPC-BUILDERS-PRIVATE-LIMITED-U45200AP2001PTC036587
[2026-05-14 12:51:42] WARNING  Cloudflare block on attempt 3/3 for https://www.zaubacorp.com/KPC-BUILDERS-PRIVATE-LIMITED-U45200AP2001PTC036587
[2026-05-14 12:51:42] ERROR    Failed to fetch https://www.zaubacorp.com/KPC-BUILDERS-PRIVATE-LIMITED-U45200AP2001PTC036587
[2026-05-14 12:51:45] INFO     [23/500]
[2026-05-14 12:51:45] INFO     Scraping: https://www.zaubacorp.com/RASIK-INFRACON-PRIVATE-LIMITED-U45200DL2012PTC231983
[2026-05-14 12:51:46] INFO     ✓ RASIK INFRACON PRIVATE LIMITED | CIN: U45200DL2012PTC231983 | -, Uttar Pradesh
[2026-05-14 12:51:49] INFO     [24/500]
[2026-05-14 12:51:49] INFO     Scraping: https://www.zaubacorp.com/IMPERIAL-CONSULTANTS-AND-SECURITIES-LIMITED-U65993TN1993PTC024724
[2026-05-14 12:51:50] INFO     ✓ IMPERIAL CONSULTANTS AND SECURITIES LIMITED | CIN: U65993TN1993PTC024724 | -, Tamil Nadu
[2026-05-14 12:51:53] INFO     [25/500]
[2026-05-14 12:51:53] INFO     Scraping: https://www.zaubacorp.com/SOM-CONSTRUCTION-PRIVATE-LIMITED-U45400MH2012PTC234572
[2026-05-14 12:51:54] INFO     ✓ SOM CONSTRUCTION PRIVATE LIMITED | CIN: U45400MH2012PTC234572 | -, Maharashtra
[2026-05-14 12:51:58] INFO     [26/500]
[2026-05-14 12:51:58] INFO     Scraping: https://www.zaubacorp.com/INEXUS-INNOVATION-PRIVATE-LIMITED-U72900TN2021PTC148423
[2026-05-14 12:52:02] INFO     ✓ INEXUS INNOVATION PRIVATE LIMITED | CIN: U72900TN2021PTC148423 | -, Tamil Nadu
[2026-05-14 12:52:05] INFO     [27/500]
[2026-05-14 12:52:05] INFO     Scraping: https://www.zaubacorp.com/S-L-HOMEZ-PRIVATE-LIMITED-U45400MH2012PTC232620
[2026-05-14 12:52:06] INFO     ✓ S L HOMEZ PRIVATE LIMITED | CIN: U45400MH2012PTC232620 | -, Maharashtra
[2026-05-14 12:52:08] INFO     [28/500]
[2026-05-14 12:52:08] INFO     Scraping: https://www.zaubacorp.com/PACHARIA-EXPORTS-PVT-LTD-U51420WB1989PTC048005
[2026-05-14 12:52:09] INFO     ✓ PACHARIA EXPORTS PVT LTD | CIN: U51420WB1989PTC048005 | -, West Bengal
[2026-05-14 12:52:13] INFO     [29/500]
[2026-05-14 12:52:13] INFO     Scraping: https://www.zaubacorp.com/DRIKE-TOURS-AND-TRAVELS-PRIVATE-LIMITED-U63030UP2019PTC125163
[2026-05-14 12:52:14] INFO     ✓ DRIKE TOURS AND TRAVELS PRIVATE LIMITED | CIN: U63030UP2019PTC125163 | -, Uttar Pradesh
[2026-05-14 12:52:17] INFO     [30/500]
[2026-05-14 12:52:17] INFO     Scraping: https://www.zaubacorp.com/LABEX-INSTRUMENTS-PRIVATE-LIMITED-U33125DL2004PTC124692
[2026-05-14 12:52:17] WARNING  Cloudflare block on attempt 1/3 for https://www.zaubacorp.com/LABEX-INSTRUMENTS-PRIVATE-LIMITED-U33125DL2004PTC124692
[2026-05-14 12:52:23] INFO     ✓ LABEX INSTRUMENTS PRIVATE LIMITED | CIN: U33125DL2004PTC124692 | -, Delhi
[2026-05-14 12:52:28] INFO     [31/500]
[2026-05-14 12:52:28] INFO     Scraping: https://www.zaubacorp.com/SHIV-GENERAL-FINANCE-PVT-LTD-U74899DL1961PTC003402
[2026-05-14 12:52:28] WARNING  Cloudflare block on attempt 1/3 for https://www.zaubacorp.com/SHIV-GENERAL-FINANCE-PVT-LTD-U74899DL1961PTC003402
[2026-05-14 12:52:35] WARNING  Cloudflare block on attempt 2/3 for https://www.zaubacorp.com/SHIV-GENERAL-FINANCE-PVT-LTD-U74899DL1961PTC003402
[2026-05-14 12:52:49] INFO     ✓ SHIV GENERAL FINANCE PVT LTD | CIN: U74899DL1961PTC003402 | -, Delhi
[2026-05-14 12:52:52] INFO     [32/500]
[2026-05-14 12:52:52] INFO     Scraping: https://www.zaubacorp.com/DMF-CONSULTANCY-SERVICES-PRIVATE-LIMITED-U74999DL2002PTC117343
[2026-05-14 12:52:56] INFO     ✓ DMF CONSULTANCY SERVICES PRIVATE LIMITED | CIN: U74999DL2002PTC117343 | -, Delhi
[2026-05-14 12:52:58] INFO     [33/500]
[2026-05-14 12:52:58] INFO     Scraping: https://www.zaubacorp.com/COSMO-SUPER-FINANCE-PRIVATE-LIMITED-U65910KA1993PTC014121
[2026-05-14 12:53:04] INFO     ✓ COSMO SUPER FINANCE PRIVATE LIMITED | CIN: U65910KA1993PTC014121 | -, Karnataka
[2026-05-14 12:53:09] INFO     [34/500]
[2026-05-14 12:53:09] INFO     Scraping: https://www.zaubacorp.com/DHYAN-INVESTMENTS-AND-TRADING-COMPANY-PRIVATE-LIMITED-U67120MH1991PTC061744
[2026-05-14 12:53:12] INFO     ✓ DHYAN INVESTMENTS AND TRADING COMPANY PRIVATE LIMITED | CIN: U67120MH1991PTC061744 | -, Maharashtra
[2026-05-14 12:53:20] INFO     ============================================================
[2026-05-14 12:53:20] INFO     Zauba Corp Scraper Bot — starting
[2026-05-14 12:53:20] INFO     ============================================================
[2026-05-14 12:53:20] INFO     Phase 1: Discovering URLs (pages 1–20)
[2026-05-14 12:53:20] INFO     Crawling listing page 1 → https://www.zaubacorp.com/companies-list
[2026-05-14 12:53:23] DEBUG    Found 366 total links on page 1
[2026-05-14 12:53:23] DEBUG      [URL] https://www.zaubacorp.com/PACIFIC-INFRABUILD-LLP-AAE-6126
[2026-05-14 12:53:23] DEBUG      [URL] https://www.zaubacorp.com/AFFAIRS-EVENT-MANAGEMENT-LLP-AAF-1027
[2026-05-14 12:53:23] DEBUG      [URL] https://www.zaubacorp.com/VIPANI-ONLINE-SHOPPING-PORTAL-LLP-AAF-8155
[2026-05-14 12:53:23] DEBUG      [URL] https://www.zaubacorp.com/ARMADILLO-REALTY-LLP-AAF-9145
[2026-05-14 12:53:23] DEBUG      [URL] https://www.zaubacorp.com/AJAY-AGGARWAL-PROPERTIES-LLP-AAG-0314
[2026-05-14 12:53:23] DEBUG      [URL] https://www.zaubacorp.com/BEFREE-BUSINESS-RESOURCING-LLP-AAG-4170
[2026-05-14 12:53:23] DEBUG      [URL] https://www.zaubacorp.com/SIS-MERCHANTILE-INDIA-LLP-AAG-4211
[2026-05-14 12:53:23] DEBUG      [URL] https://www.zaubacorp.com/VIRAT-PROMOTERS-LLP-AAG-4332
[2026-05-14 12:53:23] DEBUG      [URL] https://www.zaubacorp.com/SRI-KRISHNA-FREEHOLD-LLP-AAF-2865
[2026-05-14 12:53:23] DEBUG      [URL] https://www.zaubacorp.com/SOLSKEN-ENERGY-LLP-AAF-1860
[2026-05-14 12:53:23] DEBUG      [URL] https://www.zaubacorp.com/REINA-CONSULTING-LLP-AAE-9623
[2026-05-14 12:53:23] DEBUG      [URL] https://www.zaubacorp.com/SAFARI-BIKES-PRIVATE-LIMITED-U35921PB1995PTC017379
[2026-05-14 12:53:23] DEBUG      [URL] https://www.zaubacorp.com/NCORE-TECHNOLOGY-PVT-LTD-U72200TG1990PTC011250
[2026-05-14 12:53:23] DEBUG      [URL] https://www.zaubacorp.com/AKHEALTH-BUSINESS-SOLUTION-PRIVATE-LIMITED-U74999PN2017PTC172044
[2026-05-14 12:53:23] DEBUG      [URL] https://www.zaubacorp.com/SUPREME-HEATREATERS-PVT-LTD-U99999MH1987PTC043205
[2026-05-14 12:53:23] DEBUG      [URL] https://www.zaubacorp.com/PWC-STRATEGY-AND-INDIA-PRIVATE-LIMITED-U74990MH2009FTC194075
[2026-05-14 12:53:23] DEBUG      [URL] https://www.zaubacorp.com/PROLOGY-IT-SOLUTIONS-PRIVATE-LIMITED-U74120MH2014PTC258481
[2026-05-14 12:53:23] DEBUG      [URL] https://www.zaubacorp.com/DIVIJ-REALTY-PRIVATE-LIMITED-U70100MH2005PTC153743
[2026-05-14 12:53:23] DEBUG      [URL] https://www.zaubacorp.com/RADIOHMS-AGENCIES-PRIVATE-LIMITED-U51100MH2005PTC150698
[2026-05-14 12:53:23] DEBUG      [URL] https://www.zaubacorp.com/BLUE-CIRCLE-ORGANICS-PRIVATE-LIMITED-U24299MH2003PTC139929
[2026-05-14 12:53:23] DEBUG      [URL] https://www.zaubacorp.com/VISHWAKARMA-TREXIM-PVT-LTD-U51109WB1994PTC062270
[2026-05-14 12:53:23] DEBUG      [URL] https://www.zaubacorp.com/ANANYA-INVESTMENTS-PRIVATE-LIMITED-U65990GJ1980PTC003888
[2026-05-14 12:53:23] DEBUG      [URL] https://www.zaubacorp.com/DRESDNER-KLEINWORT-WASSERSTEIN-SECURITIES-INDIA-PRIVATE-LIMITED-U67120MH1993PTC075675
[2026-05-14 12:53:23] DEBUG      [URL] https://www.zaubacorp.com/SAITEX-FAB-SAREES-LLP-AAQ-6173
[2026-05-14 12:53:23] DEBUG      [URL] https://www.zaubacorp.com/ASPIRE-POWER-PROJECTS-PRIVATE-LIMITED-U40108DL2004PTC125750
[2026-05-14 12:53:23] DEBUG      [URL] https://www.zaubacorp.com/AL-AMAN-TOURISM-PRIVATE-LIMITED-U63040AP2002PTC039713
[2026-05-14 12:53:23] DEBUG      [URL] https://www.zaubacorp.com/AGK-BUILDCON-LLP-AAJ-4875
[2026-05-14 12:53:23] DEBUG      [URL] https://www.zaubacorp.com/KPC-BUILDERS-PRIVATE-LIMITED-U45200AP2001PTC036587
[2026-05-14 12:53:23] DEBUG      [URL] https://www.zaubacorp.com/RASIK-INFRACON-PRIVATE-LIMITED-U45200DL2012PTC231983
[2026-05-14 12:53:23] DEBUG      [URL] https://www.zaubacorp.com/IMPERIAL-CONSULTANTS-AND-SECURITIES-LIMITED-U65993TN1993PTC024724
[2026-05-14 12:53:23] INFO     Page 1 → discovered 30 company URLs
[2026-05-14 12:53:23] DEBUG    Sleeping 3.2s
[2026-05-14 12:53:26] INFO     Crawling listing page 2 → https://www.zaubacorp.com/companies-list/p-2-company.html
[2026-05-14 12:53:30] DEBUG    Found 366 total links on page 2
[2026-05-14 12:53:30] DEBUG      [URL] https://www.zaubacorp.com/SOM-CONSTRUCTION-PRIVATE-LIMITED-U45400MH2012PTC234572
[2026-05-14 12:53:30] DEBUG      [URL] https://www.zaubacorp.com/INEXUS-INNOVATION-PRIVATE-LIMITED-U72900TN2021PTC148423
[2026-05-14 12:53:30] DEBUG      [URL] https://www.zaubacorp.com/S-L-HOMEZ-PRIVATE-LIMITED-U45400MH2012PTC232620
[2026-05-14 12:53:30] DEBUG      [URL] https://www.zaubacorp.com/PACHARIA-EXPORTS-PVT-LTD-U51420WB1989PTC048005
[2026-05-14 12:53:30] DEBUG      [URL] https://www.zaubacorp.com/DRIKE-TOURS-AND-TRAVELS-PRIVATE-LIMITED-U63030UP2019PTC125163
[2026-05-14 12:53:30] DEBUG      [URL] https://www.zaubacorp.com/LABEX-INSTRUMENTS-PRIVATE-LIMITED-U33125DL2004PTC124692
[2026-05-14 12:53:30] DEBUG      [URL] https://www.zaubacorp.com/SHIV-GENERAL-FINANCE-PVT-LTD-U74899DL1961PTC003402
[2026-05-14 12:53:30] DEBUG      [URL] https://www.zaubacorp.com/DMF-CONSULTANCY-SERVICES-PRIVATE-LIMITED-U74999DL2002PTC117343
[2026-05-14 12:53:30] DEBUG      [URL] https://www.zaubacorp.com/COSMO-SUPER-FINANCE-PRIVATE-LIMITED-U65910KA1993PTC014121
[2026-05-14 12:53:30] DEBUG      [URL] https://www.zaubacorp.com/DHYAN-INVESTMENTS-AND-TRADING-COMPANY-PRIVATE-LIMITED-U67120MH1991PTC061744
[2026-05-14 12:53:30] DEBUG      [URL] https://www.zaubacorp.com/SGL-CONTAINER-LINE-PRIVATE-LIMITED-U63010MH2007PTC174842
[2026-05-14 12:53:30] DEBUG      [URL] https://www.zaubacorp.com/SUNKISSED-TRADERS-PVT-LTD-U51909WB1994PTC066566
[2026-05-14 12:53:30] DEBUG      [URL] https://www.zaubacorp.com/VIRAASAT-ESTATE-DEVELOPERS-PRIVATE-LIMITED-U70100RJ2017PTC059770
[2026-05-14 12:53:30] DEBUG      [URL] https://www.zaubacorp.com/SALVO-SECURITIES-AND-INTELLIGENCE-SERVICES-PRIVATE-LIMITED-U74920JH2002PTC010036
[2026-05-14 12:53:30] DEBUG      [URL] https://www.zaubacorp.com/DR-ETHIX-S-PRODUCTS-AND-SERVICES-PRIVATE-LIMITED-U24100TN2019PTC129889
[2026-05-14 12:53:30] DEBUG      [URL] https://www.zaubacorp.com/VESELKO-LEAD-GENERATION-AND-EVENT-MANAGEMENT-PRIVATE-LIMITED-U74999MH2017PTC299468
[2026-05-14 12:53:30] DEBUG      [URL] https://www.zaubacorp.com/JEWEL-ROCK-REALTY-PRIVATE-LIMITED-U45203MH2008PTC181465
[2026-05-14 12:53:30] DEBUG      [URL] https://www.zaubacorp.com/RELIANT-SOFTWARE-SOLUTION-INTEGRATED-PRIVATE-LIMITED-U72200TN2009PTC070684
[2026-05-14 12:53:30] DEBUG      [URL] https://www.zaubacorp.com/HADRON-PHARMA-LAB-SOLUTIONS-PRIVATE-LIMITED-U74999UP2017PTC095536
[2026-05-14 12:53:30] DEBUG      [URL] https://www.zaubacorp.com/ALHAMD-EXIM-PRIVATE-LIMITED-U51909UP2021PTC144433
[2026-05-14 12:53:30] DEBUG      [URL] https://www.zaubacorp.com/VPG-SOLAR-INFRATECH-PRIVATE-LIMITED-U74999UP2017PTC099587
[2026-05-14 12:53:30] DEBUG      [URL] https://www.zaubacorp.com/CHANDRA-AWAS-PRIVATE-LIMITED-U70101WB2006PTC108817
[2026-05-14 12:53:30] DEBUG      [URL] https://www.zaubacorp.com/S-P-SARKAR-DISTRIBUTORS-PRIVATE-LIMITED-U51109WB2008PTC122232
[2026-05-14 12:53:30] DEBUG      [URL] https://www.zaubacorp.com/SHRI-RAM-DREAM-HOMES-PRIVATE-LIMITED-U70101CT2010PTC021649
[2026-05-14 12:53:30] DEBUG      [URL] https://www.zaubacorp.com/PALGHAT-FINANCE-LIMITED-U65191TN1996PLC037122
[2026-05-14 12:53:30] DEBUG      [URL] https://www.zaubacorp.com/ARC-AND-LIGHT-MEDIA-PRIVATE-LIMITED-U74900MH2011PTC216217
[2026-05-14 12:53:30] DEBUG      [URL] https://www.zaubacorp.com/OVION-MOBITECH-PRIVATE-LIMITED-U74999MH2018PTC308635
[2026-05-14 12:53:30] DEBUG      [URL] https://www.zaubacorp.com/SPS-TECHNOTRENDS-PRIVATE-LIMITED-U74999HR2020PTC090791
[2026-05-14 12:53:30] DEBUG      [URL] https://www.zaubacorp.com/MURALIKRISHNA-ESTATES-PRIVATE-LIMITED-U70102TG2002PTC038853
[2026-05-14 12:53:30] DEBUG      [URL] https://www.zaubacorp.com/KRV-FINANCE-AND-LEASING-LIMITED-U65921DL1995PLC072831
[2026-05-14 12:53:30] INFO     Page 2 → discovered 30 company URLs
[2026-05-14 12:53:30] DEBUG    Sleeping 4.0s
[2026-05-14 12:53:34] INFO     Crawling listing page 3 → https://www.zaubacorp.com/companies-list/p-3-company.html
[2026-05-14 12:53:37] DEBUG    Found 366 total links on page 3
[2026-05-14 12:53:37] DEBUG      [URL] https://www.zaubacorp.com/RODWAL-REALITIES-PRIVATE-LIMITED-U45200MP2011PTC026488
[2026-05-14 12:53:37] DEBUG      [URL] https://www.zaubacorp.com/KALYAN-COLD-STORAGE-PVT-LTD-U63023WB1973PTC028926
[2026-05-14 12:53:37] DEBUG      [URL] https://www.zaubacorp.com/MAHALWALA-POWER-PACKS-PRIVATE-LIMITED-U74899DL1987PTC029424
[2026-05-14 12:53:37] DEBUG      [URL] https://www.zaubacorp.com/BEBE-DE-CHOLE-BHATURE-PRIVATE-LIMITED-U55100DL2020PTC372559
[2026-05-14 12:53:37] DEBUG      [URL] https://www.zaubacorp.com/CALIBER-INTERNATIONAL-PRIVATE-LIMITED-U51900MH1998PTC116386
[2026-05-14 12:53:37] DEBUG      [URL] https://www.zaubacorp.com/YUVAPAD-SKILLING-AND-ADVISORY-SERVICES-PRIVATE-LIMITED-U74999WB2019PTC232416
[2026-05-14 12:53:37] DEBUG      [URL] https://www.zaubacorp.com/ADS-SQUAD-PRIVATE-LIMITED-U74999DL2020PTC362097
[2026-05-14 12:53:37] DEBUG      [URL] https://www.zaubacorp.com/SQUEEZE-MOBILITY-TECHNOLOGIES-PRIVATE-LIMITED-U72200TG2013PTC086171
[2026-05-14 12:53:37] DEBUG      [URL] https://www.zaubacorp.com/OLD-FRIEND-AND-CO-PVT-LTD-U51909WB1948PTC017100
[2026-05-14 12:53:37] DEBUG      [URL] https://www.zaubacorp.com/EZ-CAPITAL-SERVICES-PRIVATE-LIMITED-U74999PB2021PTC052928
[2026-05-14 12:53:37] DEBUG      [URL] https://www.zaubacorp.com/AJJREE-ENGINEERING-INDUSTRIESS-PRIVATE-LIMITED-U74110PN1991PTC063163
[2026-05-14 12:53:37] DEBUG      [URL] https://www.zaubacorp.com/G-H-ENTERPRISES-PRIVATE-LIMITED-U51909DL1994PTC057112
[2026-05-14 12:53:37] DEBUG      [URL] https://www.zaubacorp.com/SAURABH-PROPERTIES-PRIVATE-LIMITED-U45200MH1986PTC040430
[2026-05-14 12:53:37] DEBUG      [URL] https://www.zaubacorp.com/DEEP-TRADELINK-PRIVATE-LIMITED-U51909WB2005PTC104359
[2026-05-14 12:53:37] DEBUG      [URL] https://www.zaubacorp.com/CVJACK-SERVICES-OPC-PRIVATE-LIMITED-U93000MH2019OPC320944
[2026-05-14 12:53:37] DEBUG      [URL] https://www.zaubacorp.com/N-K-S-HOTELS-LIMITED-U55101TZ1997PLC008105
[2026-05-14 12:53:37] DEBUG      [URL] https://www.zaubacorp.com/SHEEMEE-SALES-AND-SERVICES-PVT-LTD-U74140WB1996PTC076662
[2026-05-14 12:53:37] DEBUG      [URL] https://www.zaubacorp.com/VIVAK-BHARTU-AND-CONSULTANTS-PRIVATE-LIMITED-U45200MH1995PTC086705
[2026-05-14 12:53:37] DEBUG      [URL] https://www.zaubacorp.com/L1-RTC-INDIA-PRIVATE-LIMITED-U51397MP2021PTC057697
[2026-05-14 12:53:37] DEBUG      [URL] https://www.zaubacorp.com/NARMADLAXMI-COMMUNICATION-PRIVATE-LIMITED-U72200GJ2015PTC083580
[2026-05-14 12:53:37] DEBUG      [URL] https://www.zaubacorp.com/INTERCONNECT-MEDIA-PRIVATE-LIMITED-U93000KA2010PTC052872
[2026-05-14 12:53:37] DEBUG      [URL] https://www.zaubacorp.com/SAMPARK-MICRO-FINANCE-U65190TR2013NPL008382
[2026-05-14 12:53:37] DEBUG      [URL] https://www.zaubacorp.com/FLIPZEE-FOREX-INTERNATIONAL-PRIVATE-LIMITED-U65920UP2019PTC120791
[2026-05-14 12:53:37] DEBUG      [URL] https://www.zaubacorp.com/IRA-AARNA-REALITY-PRIVATE-LIMITED-U70102MH2008PTC180739
[2026-05-14 12:53:37] DEBUG      [URL] https://www.zaubacorp.com/AMBASRI-EXIM-PRIVATE-LIMITED-U51909KA2022PTC159003
[2026-05-14 12:53:37] DEBUG      [URL] https://www.zaubacorp.com/THE-VARADA-COMMERCIAL-COMPANY-LIMITED-U99999MH1937PTC002715
[2026-05-14 12:53:37] DEBUG      [URL] https://www.zaubacorp.com/TRANSGLOBAL-RESOURCES-PRIVATE-LIMITED-U51101UP2015PTC069685
[2026-05-14 12:53:37] DEBUG      [URL] https://www.zaubacorp.com/SOUTH-EAST-CONSULTANTS-PRIVATE-LIMITED-U74899DL1988PTC031129
[2026-05-14 12:53:37] DEBUG      [URL] https://www.zaubacorp.com/SUKKREEV-MULTITECH-PRIVATE-LIMITED-U74999AN2018PTC005426
[2026-05-14 12:53:37] DEBUG      [URL] https://www.zaubacorp.com/CHARISMATRIX-EDUCATION-TECHNOLOGY-PRIVATE-LIMITED-U80301MH2021PTC367207
[2026-05-14 12:53:37] INFO     Page 3 → discovered 30 company URLs
[2026-05-14 12:53:37] DEBUG    Sleeping 3.1s
[2026-05-14 12:53:40] INFO     Crawling listing page 4 → https://www.zaubacorp.com/companies-list/p-4-company.html
[2026-05-14 12:53:43] DEBUG    Found 366 total links on page 4
[2026-05-14 12:53:43] DEBUG      [URL] https://www.zaubacorp.com/NABADIGANTA-INFRASTRUCTURE-AND-HOUSING-PRIVATE-LIMITED-U70109WB2011PTC167115
[2026-05-14 12:53:43] DEBUG      [URL] https://www.zaubacorp.com/RSSH-EDUCATIONAL-CONSULTANTS-PRIVATE-LIMITED-U80901BR2018PTC038775
[2026-05-14 12:53:43] DEBUG      [URL] https://www.zaubacorp.com/AREN-DESIGN-PRIVATE-LIMITED-U74210PN2000PTC015035
[2026-05-14 12:53:43] DEBUG      [URL] https://www.zaubacorp.com/GRB-FINANCE-PRIVATE-LIMITED-U65923BR1995PTC006393
[2026-05-14 12:53:43] DEBUG      [URL] https://www.zaubacorp.com/POJO-INDUSTRIES-PVT-LTD-U91110GJ1994PTC023255
[2026-05-14 12:53:43] DEBUG      [URL] https://www.zaubacorp.com/SAKALYA-WISDOM-FOUNDATION-U80302KA2019NPL130539
[2026-05-14 12:53:43] DEBUG      [URL] https://www.zaubacorp.com/NIRMOLAX-INDIA-LIMITED-U99999DL1993PLC054353
[2026-05-14 12:53:43] DEBUG      [URL] https://www.zaubacorp.com/N-TECH-TECHNOLOGIES-PRIVATE-LIMITED-U72900GJ2011PTC067097
[2026-05-14 12:53:43] DEBUG      [URL] https://www.zaubacorp.com/PEAKLEVEL-INFRASTRUCTURE-PRIVATE-LIMITED-U70102WB2010PTC153280
[2026-05-14 12:53:43] DEBUG      [URL] https://www.zaubacorp.com/AVA-HYDROPOWER-CONSULTANTS-PRIVATE-LIMITED-U74900UP2011PTC044823
[2026-05-14 12:53:43] DEBUG      [URL] https://www.zaubacorp.com/MAARUT-TECHNOLOGIES-PRIVATE-LIMITED-U72200AP2020PTC114191
[2026-05-14 12:53:43] DEBUG      [URL] https://www.zaubacorp.com/PARAMPITA-BUSINESS-PRIVATE-LIMITED-U51909WB2013PTC190090
[2026-05-14 12:53:43] DEBUG      [URL] https://www.zaubacorp.com/HAMARASANKALP-MARKETING-INDIA-PRIVATE-LIMITED-U74120UP2016PTC076691
[2026-05-14 12:53:43] DEBUG      [URL] https://www.zaubacorp.com/ULTRANODE-COMMUNICATIONS-PRIVATE-LIMITED-U74999OR2016PTC025638
[2026-05-14 12:53:43] DEBUG      [URL] https://www.zaubacorp.com/FOMINAYA-INDIA-PRIVATE-LIMITED-U51432KA2008PTC046683
[2026-05-14 12:53:43] DEBUG      [URL] https://www.zaubacorp.com/SKH-HOSPITALITY-PRIVATE-LIMITED-U70109DL2013PTC256427
[2026-05-14 12:53:43] DEBUG      [URL] https://www.zaubacorp.com/CITYWINGS-TIE-UP-PRIVATE-LIMITED-U51109WB2005PTC105129
[2026-05-14 12:53:43] DEBUG      [URL] https://www.zaubacorp.com/MANAV-SHIPPING-AGENCY-PRIVATE-LIMITED-U63030DL2021PTC375471
[2026-05-14 12:53:43] DEBUG      [URL] https://www.zaubacorp.com/AERIAL-SPORTS-PRIVATE-LIMITED-U92490RJ2020PTC072671
[2026-05-14 12:53:43] DEBUG      [URL] https://www.zaubacorp.com/BLUE-MOON-SECURITIES-PRIVATE-LIMITED-U67120MH1995PTC085056
[2026-05-14 12:53:43] DEBUG      [URL] https://www.zaubacorp.com/J-P-S-SHARE-BROCKERS-PRIVATE-LIMITED-U67120DL1997PTC091100
[2026-05-14 12:53:43] DEBUG      [URL] https://www.zaubacorp.com/LIMLES-TECHNOLOGIES-PRIVAET-LIMITED-U72900KA2019PTC130761
[2026-05-14 12:53:43] DEBUG      [URL] https://www.zaubacorp.com/ONYXNET-TOUCHSCREEN-AND-DISPLAY-SOLUTIONS-PRIVATE-LIMITED-U72900TG2011PTC074502
[2026-05-14 12:53:43] DEBUG      [URL] https://www.zaubacorp.com/ZOOM-TECHNO-PRIVATE-LIMITED-U74920MH1999PTC117997
[2026-05-14 12:53:43] DEBUG      [URL] https://www.zaubacorp.com/PASSGE-MILLS-PRIVATE-LIMITED-U65991TN2006PTC058722
[2026-05-14 12:53:43] DEBUG      [URL] https://www.zaubacorp.com/MODERNVYAPAARI-TECHNOLOGIES-PRIVATE-LIMITED-U72900UP2022PTC159907
[2026-05-14 12:53:43] DEBUG      [URL] https://www.zaubacorp.com/BHOPAL-POWER-LIMITED-U40103MH1998PLC112751
[2026-05-14 12:53:43] DEBUG      [URL] https://www.zaubacorp.com/RADHAG-SWEETS-AND-NAMKEEN-PRIVATE-LIMITED-U74999UP2016PTC087915
[2026-05-14 12:53:43] DEBUG      [URL] https://www.zaubacorp.com/PAN-ASIA-BROKERS-AND-CONSULTANTS-LIMITED-U51900GJ2010PLC063217
[2026-05-14 12:53:43] DEBUG      [URL] https://www.zaubacorp.com/CHIRAG-COACHING-ACADEMY-PRIVATE-LIMITED-U80903GJ1998PTC033757
[2026-05-14 12:53:43] INFO     Page 4 → discovered 30 company URLs
[2026-05-14 12:53:43] DEBUG    Sleeping 2.2s
[2026-05-14 12:53:45] INFO     Crawling listing page 5 → https://www.zaubacorp.com/companies-list/p-5-company.html
[2026-05-14 12:53:47] WARNING  CF block on listing page 5, attempt 1/3
[2026-05-14 12:53:53] DEBUG    Found 366 total links on page 5
[2026-05-14 12:53:53] DEBUG      [URL] https://www.zaubacorp.com/NEURON-BEAUTY-SERVICES-PRIVATE-LIMITED-U74996DL2006PTC154360
[2026-05-14 12:53:53] DEBUG      [URL] https://www.zaubacorp.com/HOMEGENEX-INFRATECH-PRIVATE-LIMITED-U74999UP2017PTC092934
[2026-05-14 12:53:53] DEBUG      [URL] https://www.zaubacorp.com/CONSERVE-SAFETY-SOLUTIONS-INDIA-PRIVATE-LIMITED-U74999AP2020PTC115138
[2026-05-14 12:53:53] DEBUG      [URL] https://www.zaubacorp.com/INQUBE-WEB-PRIVATE-LIMITED-U74899DL2000PTC103878
[2026-05-14 12:53:53] DEBUG      [URL] https://www.zaubacorp.com/SRI-BHUVANESHWARI-RESIDENCY-PRIVATE-LIMITED-U55101AP2010PTC070944
[2026-05-14 12:53:53] DEBUG      [URL] https://www.zaubacorp.com/PANTHER-COURIERS-PVT-LTD-U64120WB1988PTC045158
[2026-05-14 12:53:53] DEBUG      [URL] https://www.zaubacorp.com/INTERSPAN-MERCANTILES-PVT-LTD-U51909WB1994PTC065976
[2026-05-14 12:53:53] DEBUG      [URL] https://www.zaubacorp.com/GENPHARMA-INTERNATIONAL-PRIVATE-LIMITED11-U24230MH2003PTC143244
[2026-05-14 12:53:53] DEBUG      [URL] https://www.zaubacorp.com/TEJPAL-ELECTRONICS-PVT-LTD-U33109DL1988PTC032092
[2026-05-14 12:53:53] DEBUG      [URL] https://www.zaubacorp.com/NORTH-EAST-ROADWAYS-PRIVATE-LIMITED-U74999DL1962PTC003783
[2026-05-14 12:53:53] DEBUG      [URL] https://www.zaubacorp.com/PLANQSOFT-IT-SOLUTIONS-PRIVATE-LIMITED-U72900TG2015PTC098075
[2026-05-14 12:53:53] DEBUG      [URL] https://www.zaubacorp.com/RATILAL-CONSTRUCTION-COMPANY-LIMITED-U99999MH1954PLC009435
[2026-05-14 12:53:53] DEBUG      [URL] https://www.zaubacorp.com/ALTRANICS-IT-SOLUTIONS-PRIVATE-LIMITED-U72100KA2004PTC035150
[2026-05-14 12:53:53] DEBUG      [URL] https://www.zaubacorp.com/I3-KONZEPTS-INDIA-PRIVATE-LIMITED-U72200AP2016PTC098377
[2026-05-14 12:53:53] DEBUG      [URL] https://www.zaubacorp.com/SHEETAL-HIGHCON-SOLUTIONS-PRIVATE-LIMITED-U74999UP2018PTC099910
[2026-05-14 12:53:53] DEBUG      [URL] https://www.zaubacorp.com/ESSEM-CAPITAL-MARKETS-LIMITED-U99999MH1995PLC084393
[2026-05-14 12:53:53] DEBUG      [URL] https://www.zaubacorp.com/S2J-FACILITY-MANAGEMENT-PRIVATE-LIMITED-U74999MH2020PTC349584
[2026-05-14 12:53:53] DEBUG      [URL] https://www.zaubacorp.com/MAXAR-TECHNOLOGIES-INDIA-PRIVATE-LIMITED-U74999MH2017FTC299970
[2026-05-14 12:53:53] DEBUG      [URL] https://www.zaubacorp.com/SHASHI-CIVIL-WORKS-PRIVATE-LIMITED-U45201UP2018PTC106123
[2026-05-14 12:53:53] DEBUG      [URL] https://www.zaubacorp.com/INNETGROWTH-INDIA-PRIVATE-LIMITED-U72900KA2021PTC150740
[2026-05-14 12:53:53] DEBUG      [URL] https://www.zaubacorp.com/SHIVOHAM-SURGICAL-PRIVATE-LIMITED-U74999WB2012PTC181278
[2026-05-14 12:53:53] DEBUG      [URL] https://www.zaubacorp.com/SPAAG-SALES-PRIVATE-LIMITED-U51900MP2012PTC028028
[2026-05-14 12:53:53] DEBUG      [URL] https://www.zaubacorp.com/UNITED-TELELINKS-NEOLYNCS-PRIVATE-LIMITED-U32109KA2020PTC136351
[2026-05-14 12:53:53] DEBUG      [URL] https://www.zaubacorp.com/SESSION39-STOCK-BROKING-PRIVATE-LIMITED-U67190MH2015PTC271132
[2026-05-14 12:53:53] DEBUG      [URL] https://www.zaubacorp.com/S-V-S-MANAGEMENT-CONSULTANTS-PRIVATE-LIMITED-U74140DL1997PTC087506
[2026-05-14 12:53:53] DEBUG      [URL] https://www.zaubacorp.com/OYSTER-CREATION-AND-FILM-PRIVATE-LIMITED-U74999WB2012PTC172086
[2026-05-14 12:53:53] DEBUG      [URL] https://www.zaubacorp.com/PRECISE-SYSTEMS-AND-SOLUTION-PRIVATE-LIMITED-U72900DL2020PTC373086
[2026-05-14 12:53:53] DEBUG      [URL] https://www.zaubacorp.com/YALI-ENERGIES-INDIA-PRIVATE-LIMITED-U74999PY2020PTC008582
[2026-05-14 12:53:53] DEBUG      [URL] https://www.zaubacorp.com/HEAVEN-PLACEMENT-SERVICES-PRIVATE-LIMITED-U74910HR2010PTC041503
[2026-05-14 12:53:53] INFO     Page 5 → discovered 29 company URLs
[2026-05-14 12:53:53] DEBUG    Sleeping 4.7s
[2026-05-14 12:53:58] INFO     Crawling listing page 6 → https://www.zaubacorp.com/companies-list/p-6-company.html
[2026-05-14 12:54:00] DEBUG    Found 366 total links on page 6
[2026-05-14 12:54:00] DEBUG      [URL] https://www.zaubacorp.com/SHANDILYA-SOFTECH-PRIVATE-LIMITED-U72200KA2007PTC044142
[2026-05-14 12:54:00] DEBUG      [URL] https://www.zaubacorp.com/ASIWAL-MARKETING-PRIVATE-LIMITED-U74999RJ2019PTC065463
[2026-05-14 12:54:00] DEBUG      [URL] https://www.zaubacorp.com/HARIDRA-HOSPITALITY-PRIVATE-LIMITED-U55101MH2020PTC341340
[2026-05-14 12:54:00] DEBUG      [URL] https://www.zaubacorp.com/LSV-SOFTEK-PRIVATE-LIMITED-U64202DL2006PTC156722
[2026-05-14 12:54:00] DEBUG      [URL] https://www.zaubacorp.com/WATERSMART-ENVIRONMENTAL-PRIVATE-LIMITED-U41000TG2010PTC069155
[2026-05-14 12:54:00] DEBUG      [URL] https://www.zaubacorp.com/MONA-S-TRAVEL-HOUSE-PRIVATE-LIMITED-U63090MH1998PTC116983
[2026-05-14 12:54:00] DEBUG      [URL] https://www.zaubacorp.com/SKY-VIEW-HOLDINGS-PVT-LTD-U67120WB1993PTC058311
[2026-05-14 12:54:00] DEBUG      [URL] https://www.zaubacorp.com/SOTSOA-ARTISAN-CRAFTED-PRIVATE-LIMITED-U74999RJ2017PTC057429
[2026-05-14 12:54:00] DEBUG      [URL] https://www.zaubacorp.com/MEGS-SECURITY-PRIVATE-LIMITED-U74999RJ2018PTC062153
[2026-05-14 12:54:00] DEBUG      [URL] https://www.zaubacorp.com/KORE-KARE-HEALTH-SYSTEMS-PRIVATE-LIMITED-U85110DL2011PTC227955
[2026-05-14 12:54:00] DEBUG      [URL] https://www.zaubacorp.com/SAPTAK-FINSTOCK-PRIVATE-LIMITED-U67120GJ1991PTC015235
[2026-05-14 12:54:00] DEBUG      [URL] https://www.zaubacorp.com/GOYAL-TRAVELS-AND-IMMIGRATION-PRIVATE-LIMITED-U63000PB2016PTC045410
[2026-05-14 12:54:00] DEBUG      [URL] https://www.zaubacorp.com/SKV-PROPERTIES-PRIVATE-LIMITED-U70109DL2016PTC303418
[2026-05-14 12:54:00] DEBUG      [URL] https://www.zaubacorp.com/SHERITON-PROPERTIES-PRIVATE-LIMITED-U70100MH1993PTC074448
[2026-05-14 12:54:00] DEBUG      [URL] https://www.zaubacorp.com/GEE-BEE-DEVELOPERS-AND-COLONIZERS-PRIVATE-LIMITED-U45309DL2016PTC307861
[2026-05-14 12:54:00] DEBUG      [URL] https://www.zaubacorp.com/SOLNTECH-SERVICES-PRIVATE-LIMITED-U72200RJ2013PTC042067
[2026-05-14 12:54:00] DEBUG      [URL] https://www.zaubacorp.com/LAKSHYA-COLONIZER-PRIVATE-LIMITED-U70101MP2012PTC028032
[2026-05-14 12:54:00] DEBUG      [URL] https://www.zaubacorp.com/S-P-SPECIFIC-INSULATIONS-PRIVATE-LIMITED-U74991TG2007PTC053767
[2026-05-14 12:54:00] DEBUG      [URL] https://www.zaubacorp.com/DIVERSITY-RETAILS-PRIVATE-LIMITED-U51909AP2010PTC104178
[2026-05-14 12:54:00] DEBUG      [URL] https://www.zaubacorp.com/AVAS-PROMOTION-LIMITED-U51909WB2007PLC116952
[2026-05-14 12:54:00] DEBUG      [URL] https://www.zaubacorp.com/BLUE-RAY-INFRA-PROJECTS-PRIVATE-LIMITED-U45209TG2010PTC070963
[2026-05-14 12:54:00] DEBUG      [URL] https://www.zaubacorp.com/ADIPRI-INFRACON-PRIVATE-LIMITED-U45500OR2016PTC025859
[2026-05-14 12:54:00] DEBUG      [URL] https://www.zaubacorp.com/GRESHMA-COMMODITIES-PRIVATE-LIMITED-U93090MH2009PTC194869
[2026-05-14 12:54:00] DEBUG      [URL] https://www.zaubacorp.com/PAR-ADVISORY-SERVICES-PRIVATE-LIMITED-U74900PN2008PTC132675
[2026-05-14 12:54:00] DEBUG      [URL] https://www.zaubacorp.com/GIRIJAPATHI-HOMES-PRIVATE-LIMITED-U45201KA2007PTC041692
[2026-05-14 12:54:00] DEBUG      [URL] https://www.zaubacorp.com/INDISOFT-CONSULTANCY-SERVICES-PRIVATE-LIMITED-U72200MH1999PTC118422
[2026-05-14 12:54:00] DEBUG      [URL] https://www.zaubacorp.com/ARSHIA-ENTERPRISES-PRIVATE-LIMITED-U52100DL2012PTC236282
[2026-05-14 12:54:00] DEBUG      [URL] https://www.zaubacorp.com/MADHUVANKIDS-PLAYWAY-EDUCATION-PRIVATE-LIMITED-U80903JK2020PTC011337
[2026-05-14 12:54:00] DEBUG      [URL] https://www.zaubacorp.com/INDUSTECH-WALLS-PRIVATE-LIMITED-U70109KA2017PTC107594
[2026-05-14 12:54:00] DEBUG      [URL] https://www.zaubacorp.com/G-RATHOD-INFRASTRUCTURE-AND-CONSTRUCTIONS-PRIVATE-LIMITED-U45201MH2007PTC166750
[2026-05-14 12:54:00] INFO     Page 6 → discovered 30 company URLs
[2026-05-14 12:54:00] DEBUG    Sleeping 3.1s
[2026-05-14 12:54:03] INFO     Crawling listing page 7 → https://www.zaubacorp.com/companies-list/p-7-company.html
[2026-05-14 12:54:04] DEBUG    Found 366 total links on page 7
[2026-05-14 12:54:04] DEBUG      [URL] https://www.zaubacorp.com/BEE-MART-BUSINESS-SOLUTIONS-PRIVATE-LIMITED-U72200KA2015PTC083822
[2026-05-14 12:54:04] DEBUG      [URL] https://www.zaubacorp.com/VEERRUDRA-FOUNDATION-U80904MH2018NPL318478
[2026-05-14 12:54:04] DEBUG      [URL] https://www.zaubacorp.com/NSV-DIGITAL-TELECOM-PRIVATE-LIMITED-U74999DL2016PTC290210
[2026-05-14 12:54:04] DEBUG      [URL] https://www.zaubacorp.com/VRINDAVAN-BUILDERS-PRIVATE-LIMITED-U70101NL1999PTC005796
[2026-05-14 12:54:04] DEBUG      [URL] https://www.zaubacorp.com/NORTHFIELD-CONSUMER-PRODUCTS-PRIVATE-LIMITED-U51909BR2013PTC020004
[2026-05-14 12:54:04] DEBUG      [URL] https://www.zaubacorp.com/MONARCH-BUSINESS-VENTURES-PRIVATE-LIMITED-U74999DL2010PTC210773
[2026-05-14 12:54:04] DEBUG      [URL] https://www.zaubacorp.com/VIRUTCHAM-MICROFINANCE-LIMITED-U65929TN2008PLC068502
[2026-05-14 12:54:04] DEBUG      [URL] https://www.zaubacorp.com/GAUTAM-CHIT-FUND-PVT-LTD-U65992TG1977PTC002188
[2026-05-14 12:54:04] DEBUG      [URL] https://www.zaubacorp.com/SHRI-KRISHNA-INFRAZONE-PRIVATE-LIMITED-U70102UP2013PTC058746
[2026-05-14 12:54:04] DEBUG      [URL] https://www.zaubacorp.com/ALTOMAZ-PRIVATE-LIMITED-U51909GJ2020PTC115825
[2026-05-14 12:54:04] DEBUG      [URL] https://www.zaubacorp.com/PROMISE-SECURITRIES-AND-CREDITS-PRIVATE-LIMITED-U65921DL1994PTC057469
[2026-05-14 12:54:04] DEBUG      [URL] https://www.zaubacorp.com/CLV-FASHION-PRIVATE-LIMITED-U74999UP2018PTC102214
[2026-05-14 12:54:04] DEBUG      [URL] https://www.zaubacorp.com/LEAD-NEXT-ADVISORY-PRIVATE-LIMITED-U74999DL2016PTC300337
[2026-05-14 12:54:04] DEBUG      [URL] https://www.zaubacorp.com/KAYRA-HOMES-BUILDERS-AND-PROMOTERS-PRIVATE-LIMITED-U70109PB2021PTC052623
[2026-05-14 12:54:04] DEBUG      [URL] https://www.zaubacorp.com/STANDARD-TRAUMA-AND-ORTHOPAEDIC-SERVICES-PRIVATE-LIMITED-U85110GJ2007PTC052491
[2026-05-14 12:54:04] DEBUG      [URL] https://www.zaubacorp.com/AGROPOLIS-FOOD-SUPPLIERS-PRIVATE-LIMITED-U51909GJ2020PTC117268
[2026-05-14 12:54:04] DEBUG      [URL] https://www.zaubacorp.com/LEARNING-WORLD-EDUCATION-SOLUTIONS-PRIVATE-LIMITED-U80300HR2012PTC045866
[2026-05-14 12:54:04] DEBUG      [URL] https://www.zaubacorp.com/PEE-EES-BUILDTECH-PRIVATE-LIMITED-U45200DL2006PTC146048
[2026-05-14 12:54:04] DEBUG      [URL] https://www.zaubacorp.com/VISION-FINLEASE-PRIVATE-LIMITED-U51506UP1996PTC122926
[2026-05-14 12:54:04] DEBUG      [URL] https://www.zaubacorp.com/PRIME-TRADECOMM-PRIVATE-LIMITED-U51909WB2007PTC114754
[2026-05-14 12:54:04] DEBUG      [URL] https://www.zaubacorp.com/LOKSHAKTI-FINANCE-AND-INVESTMENT-INDIA-LIMITED-U65929OR1991PLC002797
[2026-05-14 12:54:04] DEBUG      [URL] https://www.zaubacorp.com/OLYDAYZ-TRAVEL-SOLUTIONS-PRIVATE-LIMITED-U63090OR2018PTC028324
[2026-05-14 12:54:04] DEBUG      [URL] https://www.zaubacorp.com/LOGISTIC-CURATOR-INDIA-PRIVATE-LIMITED-U63090UP2012PTC051897
[2026-05-14 12:54:04] DEBUG      [URL] https://www.zaubacorp.com/POWERKING-VENTURES-PRIVATE-LIMITED-U45200MP2019PTC048534
[2026-05-14 12:54:04] DEBUG      [URL] https://www.zaubacorp.com/ADASTRA-INFRATECH-PRIVATE-LIMITED-U70109UP2019PTC125127
[2026-05-14 12:54:04] DEBUG      [URL] https://www.zaubacorp.com/AKALDEEP-CONSTRUCTION-PRIVATE-LIMITED-U45200MH2011PTC216340
[2026-05-14 12:54:04] DEBUG      [URL] https://www.zaubacorp.com/ROY-AND-MITRA-BUSINESS-PRIVATE-LIMITED-U52601WB2020PTC239837
[2026-05-14 12:54:04] DEBUG      [URL] https://www.zaubacorp.com/RURAL-AIDS-PRIVATE-LIMITED-U92100MH1965PTC013227
[2026-05-14 12:54:04] DEBUG      [URL] https://www.zaubacorp.com/SUPER-KATTHA-INDUSTRIES-PRIVATE-LIMITED-U74899DL1988PTC031925
[2026-05-14 12:54:04] DEBUG      [URL] https://www.zaubacorp.com/ANJOR-SOFTWARES-OPC-PRIVATE-LIMITED-U72900UP2016OPC085796
[2026-05-14 12:54:04] INFO     Page 7 → discovered 30 company URLs
[2026-05-14 12:54:04] DEBUG    Sleeping 2.6s
[2026-05-14 12:54:07] INFO     Crawling listing page 8 → https://www.zaubacorp.com/companies-list/p-8-company.html
[2026-05-14 12:54:08] DEBUG    Found 366 total links on page 8
[2026-05-14 12:54:08] DEBUG      [URL] https://www.zaubacorp.com/GOAT-CODERS-PRIVATE-LIMITED-U72900MP2021PTC054525
[2026-05-14 12:54:08] DEBUG      [URL] https://www.zaubacorp.com/KOTRAKSHI-AYURVEDA-PRIVATE-LIMITED-U74999RJ2018PTC060628
[2026-05-14 12:54:08] DEBUG      [URL] https://www.zaubacorp.com/SPOORTHI-PROPERTIES-PRIVATE-LIMITED-U70109KA2014PTC074787
[2026-05-14 12:54:08] DEBUG      [URL] https://www.zaubacorp.com/SG-PAI-EQUITY-RESEARCH-PRIVATE-LIMITED-U65990MH2004PTC146350
[2026-05-14 12:54:08] DEBUG      [URL] https://www.zaubacorp.com/CHANDRAVATI-DEVELOPERS-PRIVATE-LIMITED-U70102UP2010PTC039459
[2026-05-14 12:54:08] DEBUG      [URL] https://www.zaubacorp.com/CIW-ENGINEERING-PRIVATE-LIMITED-U45201TN2001PTC046419
[2026-05-14 12:54:08] DEBUG      [URL] https://www.zaubacorp.com/HI-CLASS-BUILDCON-PRIVATE-LIMITED-U45200MH2007PTC168949
[2026-05-14 12:54:08] DEBUG      [URL] https://www.zaubacorp.com/TRIUNE-REALITY-PRIVATE-LIMITED-U70109TG2018PTC128850
[2026-05-14 12:54:08] DEBUG      [URL] https://www.zaubacorp.com/ISMIR-OCEANS-PRIVATE-LIMITED-U70109TN2019PTC127828
[2026-05-14 12:54:08] DEBUG      [URL] https://www.zaubacorp.com/ABHIYAN-CARGO-PRIVATE-LIMITED-U63011WB2000PTC092628
[2026-05-14 12:54:08] DEBUG      [URL] https://www.zaubacorp.com/KYNADI-HOSPITALITIES-PRIVATE-LIMITED-U74999KL2011PTC028484
[2026-05-14 12:54:08] DEBUG      [URL] https://www.zaubacorp.com/FASHION-TV-INDIA-PRIVATE-LIMITED-U92490MH2019PTC335250
[2026-05-14 12:54:08] DEBUG      [URL] https://www.zaubacorp.com/LEGEND-SUGAR-INDIA-PRIVATE-LIMITED-U72900MH2012PTC238930
[2026-05-14 12:54:08] DEBUG      [URL] https://www.zaubacorp.com/TOSS-DEVELOPERS-PRIVATE-LIMITED-U45202UP2014PTC063968
[2026-05-14 12:54:08] DEBUG      [URL] https://www.zaubacorp.com/GOLDEN-HORSE-TRANSPORT-PRIVATE-LIMITED-U74999UP2018PTC103961
[2026-05-14 12:54:08] DEBUG      [URL] https://www.zaubacorp.com/SRESHTHA-SUPPLY-CHAIN-MANAGEMENT-SOLUTIONS-PRIVATE-LIMITED-U63030DL2019PTC354159
[2026-05-14 12:54:08] DEBUG      [URL] https://www.zaubacorp.com/SUKARTA-HEALTHCARE-PRIVATE-LIMITED-U74999PN2018PTC179590
[2026-05-14 12:54:08] DEBUG      [URL] https://www.zaubacorp.com/PRAMEYA-ENGGSOL-PRIVATE-LIMITED-U11100TN2014PTC095152
[2026-05-14 12:54:08] DEBUG      [URL] https://www.zaubacorp.com/BUNNETSKYTON-TECHNOSOFT-PRIVATE-LIMITED-U34100UP2020PTC134326
[2026-05-14 12:54:08] DEBUG      [URL] https://www.zaubacorp.com/ADORABLE-SOFTWARE-SOLUTIONS-PRIVATE-LIMITED-U72200TG2009PTC065682
[2026-05-14 12:54:08] DEBUG      [URL] https://www.zaubacorp.com/SRINATJI-S-FOOD-PRIVATE-LIMITED-U55201MH2012PTC230129
[2026-05-14 12:54:08] DEBUG      [URL] https://www.zaubacorp.com/RELIANCE-SALES-PRIVATE-LIMITED-U74899DL1986PTC025202
[2026-05-14 12:54:08] DEBUG      [URL] https://www.zaubacorp.com/RUNEX-COURIER-AND-CARGO-PRIVATE-LIMITED-U63010MH2003PTC142277
[2026-05-14 12:54:08] DEBUG      [URL] https://www.zaubacorp.com/MEDASTOUCH-PRIVATE-LIMITED-U74999MH2018PTC305656
[2026-05-14 12:54:08] DEBUG      [URL] https://www.zaubacorp.com/HI-BRID-POWER-INSTALLATIONS-PRIVATE-LIMI-TED-U74210KA2003PTC032129
[2026-05-14 12:54:08] DEBUG      [URL] https://www.zaubacorp.com/ORCHID-STOCKS-PRIVATE-LIMITED-U74900DL2008PTC174828
[2026-05-14 12:54:08] DEBUG      [URL] https://www.zaubacorp.com/AMARLAXMI-DEALTRADE-PRIVATE-LIMITED-U51909WB2011PTC165539
[2026-05-14 12:54:08] DEBUG      [URL] https://www.zaubacorp.com/SHARAD-CONSTRUCTIONS-PRIVATE-LIMITED-U45200MH1985PTC036353
[2026-05-14 12:54:08] DEBUG      [URL] https://www.zaubacorp.com/SABERI-S-OPTICALS-FRANCHISE-PRIVATE-LIMITED-U33203TG2010PTC070635
[2026-05-14 12:54:08] DEBUG      [URL] https://www.zaubacorp.com/OXYMED-HOSPITAL-PRIVATE-LIMITED-U85110TN2004PTC054774
[2026-05-14 12:54:08] INFO     Page 8 → discovered 30 company URLs
[2026-05-14 12:54:08] DEBUG    Sleeping 4.4s
[2026-05-14 12:54:13] INFO     Crawling listing page 9 → https://www.zaubacorp.com/companies-list/p-9-company.html
[2026-05-14 12:54:14] DEBUG    Found 366 total links on page 9
[2026-05-14 12:54:14] DEBUG      [URL] https://www.zaubacorp.com/ASHWIN-LIFE-CONCEPTS-VENTURE-CONSULTANCY-PVT-LTD-U74140DL1999PTC101056
[2026-05-14 12:54:14] DEBUG      [URL] https://www.zaubacorp.com/SIMPAC-WATER-TREATMENT-PRIVATE-LIMITED-U74999MH1991PTC061152
[2026-05-14 12:54:14] DEBUG      [URL] https://www.zaubacorp.com/CHARVAK-ACADEMY-OF-RESEARCH-AND-EDUCATION-FORUM-U80901GJ2020NPL114596
[2026-05-14 12:54:14] DEBUG      [URL] https://www.zaubacorp.com/AKULA-LANDMARKS-PRIVATE-LIMITED-U70200PN2021PTC200739
[2026-05-14 12:54:14] DEBUG      [URL] https://www.zaubacorp.com/ZYLOS-TECHNOLOGIES-PRIVATE-LIMITED-U31904HR2021PTC095618
[2026-05-14 12:54:14] DEBUG      [URL] https://www.zaubacorp.com/RELY-FINANCIAL-CONSULTANTS-PRIVATE-LIMITED-U74120DL2008PTC176305
[2026-05-14 12:54:14] DEBUG      [URL] https://www.zaubacorp.com/CSN-LOGISTICS-PRIVATE-LIMITED-U63031TG2011PTC072979
[2026-05-14 12:54:14] DEBUG      [URL] https://www.zaubacorp.com/INDDEC-MEDICAL-SERVICES-PRIVATE-LIMITED-U74900DL2012PTC233465
[2026-05-14 12:54:14] DEBUG      [URL] https://www.zaubacorp.com/WESTERNGECO-INDIA-MANUFACTURING-PRIVATE-LIMITED-U74900PN2008PTC132959
[2026-05-14 12:54:14] DEBUG      [URL] https://www.zaubacorp.com/S-A-B-BUILDCON-PRIVATE-LIMITED-U70101DL2011PTC219930
[2026-05-14 12:54:14] DEBUG      [URL] https://www.zaubacorp.com/VIKRAM-FLORICULTURE-LIMITED-U51211RJ1995PLC010582
[2026-05-14 12:54:14] DEBUG      [URL] https://www.zaubacorp.com/GODWAD-MARKETING-PVT-LTD-U51109WB1995PTC071701
[2026-05-14 12:54:14] DEBUG      [URL] https://www.zaubacorp.com/BSR-AYURVED-PRIVATE-LIMITED-U33100KA2021PTC151190
[2026-05-14 12:54:14] DEBUG      [URL] https://www.zaubacorp.com/SCORPIO-TELEVISION-INDIA-PVT-LTD-U92131MH2006PTC301048
[2026-05-14 12:54:14] DEBUG      [URL] https://www.zaubacorp.com/DPUBLICISE-TECHNOLOGIES-OPC-PRIVATE-LIMITED-U72900HR2020OPC084840
[2026-05-14 12:54:14] DEBUG      [URL] https://www.zaubacorp.com/V-K-INFRAINVEST-PRIVATE-LIMITED-U74900PB2012PTC036202
[2026-05-14 12:54:14] DEBUG      [URL] https://www.zaubacorp.com/TWOCHE-CONSULTANTS-PRIVATE-LIMITED-U74140DL2009PTC190243
[2026-05-14 12:54:14] DEBUG      [URL] https://www.zaubacorp.com/MAHAL-MIRA-DEVELOPERS-PRIVATE-LIMITED-U45201MH2006PTC166001
[2026-05-14 12:54:14] DEBUG      [URL] https://www.zaubacorp.com/VIRUNGA-EXIM-PRIVATE-LIMITED-U74999AP2019PTC111731
[2026-05-14 12:54:14] DEBUG      [URL] https://www.zaubacorp.com/BHADRA-ADVISORY-PRIVATE-LIMITED-U74990WB2011PTC169104
[2026-05-14 12:54:14] DEBUG      [URL] https://www.zaubacorp.com/SPURANSH-ENTERPRISE-PRIVATE-LIMITED-U74994GJ2019PTC107647
[2026-05-14 12:54:14] DEBUG      [URL] https://www.zaubacorp.com/GENOTRACK-INFORMATION-TECHNOLOGY-PRIVATE-LIMITED-U74999PN2022PTC207907
[2026-05-14 12:54:14] DEBUG      [URL] https://www.zaubacorp.com/NOBLE-RURAL-DEVELOPMENT-BENEFIT-FUND-INDIA-LIMITED-U67190TN2015PLC098809
[2026-05-14 12:54:14] DEBUG      [URL] https://www.zaubacorp.com/ART-FINVEST-CONSULTANTS-PRIVATE-LIMITED-U65993PN1997PTC109255
[2026-05-14 12:54:14] DEBUG      [URL] https://www.zaubacorp.com/DHN-MART-PRIVATE-LIMITED-U51909UP2020PTC138988
[2026-05-14 12:54:14] DEBUG      [URL] https://www.zaubacorp.com/NEW-STAR-PROVIDENT-INSURANCE-COMPANY-OF-INDIA-LIMITED-U99999MH1931PTC001777
[2026-05-14 12:54:14] DEBUG      [URL] https://www.zaubacorp.com/CRESCENDO-REALTY-PRIVATE-LIMITED-U70102WB2013PTC195423
[2026-05-14 12:54:14] DEBUG      [URL] https://www.zaubacorp.com/4SL-BACKGROUND-CHECK-PRIVATE-LIMITED-U74999OR2022PTC038898
[2026-05-14 12:54:14] DEBUG      [URL] https://www.zaubacorp.com/SPARKON-ENGINEERS-PVT-LTD-U99999MH1993PTC072427
[2026-05-14 12:54:14] DEBUG      [URL] https://www.zaubacorp.com/PRETY-MEDIWARES-PRIVATE-LIMITED-U33110DL2009PTC193649
[2026-05-14 12:54:14] INFO     Page 9 → discovered 30 company URLs
[2026-05-14 12:54:14] DEBUG    Sleeping 2.5s
[2026-05-14 12:54:16] INFO     Crawling listing page 10 → https://www.zaubacorp.com/companies-list/p-10-company.html
[2026-05-14 12:54:18] DEBUG    Found 366 total links on page 10
[2026-05-14 12:54:18] DEBUG      [URL] https://www.zaubacorp.com/GEETA-TECHNO-SYSTEMS-PRIVATE-LIMITED-U72900MH2011PTC219787
[2026-05-14 12:54:18] DEBUG      [URL] https://www.zaubacorp.com/SAMTVA-INDUSTRIES-PRIVATE-LIMITED-U45400BR2022PTC056579
[2026-05-14 12:54:18] DEBUG      [URL] https://www.zaubacorp.com/ARPAN-BUILDTECH-PRIVATE-LIMITED-U45200BR2010PTC016020
[2026-05-14 12:54:18] DEBUG      [URL] https://www.zaubacorp.com/GRENZ-MOTOCRAFT-PRIVATE-LIMITED-U74900WB2016PTC209898
[2026-05-14 12:54:18] DEBUG      [URL] https://www.zaubacorp.com/SHIVATHMIKA-URJA-PRIVATE-LIMITED-U40200MP2021PTC058170
[2026-05-14 12:54:18] DEBUG      [URL] https://www.zaubacorp.com/BOSON-ITECH-PRIVATE-LIMITED-U72900WB2012PTC173813
[2026-05-14 12:54:18] DEBUG      [URL] https://www.zaubacorp.com/HIREMATH-SYSTRAIN-PRIVATE-LIMITED-U72200KA1995PTC019080
[2026-05-14 12:54:18] DEBUG      [URL] https://www.zaubacorp.com/DATTAS-INDIA-PVT-LTD-U51109WB1951PTC019686
[2026-05-14 12:54:18] DEBUG      [URL] https://www.zaubacorp.com/VARDHAN-EDUCATIONS-PRIVATE-LIMITED-U80302RJ2014PTC044857
[2026-05-14 12:54:18] DEBUG      [URL] https://www.zaubacorp.com/NRC-CLASSIC-TRADE-LINK-PRIVATE-LIMITED-U51909MH2004PTC145684
[2026-05-14 12:54:18] DEBUG      [URL] https://www.zaubacorp.com/HEET-TRADING-PRIVATE-LIMITED-U74999DL2018PTC332871
[2026-05-14 12:54:18] DEBUG      [URL] https://www.zaubacorp.com/VENUS-HEALTH-TOURISUM-PRIVATE-LIMITED-U85100MH2009PTC189313
[2026-05-14 12:54:18] DEBUG      [URL] https://www.zaubacorp.com/ABUNDANTIA-EDUSOLUTIONS-PRIVATE-LIMITED-U80302TZ2021PTC035770
[2026-05-14 12:54:18] DEBUG      [URL] https://www.zaubacorp.com/THINKFOR-TRAVEL-PRIVATE-LIMITED-U63030DL2012PTC242427
[2026-05-14 12:54:18] DEBUG      [URL] https://www.zaubacorp.com/GLORY-REAL-ESTATE-AND-DEVELOPERS-PRIVATE-LIMITED-U70109JH2022PTC017900
[2026-05-14 12:54:18] DEBUG      [URL] https://www.zaubacorp.com/SILVERSPOON-EXPORTS-PRIVATE-LIMITED-U51109UP1999PTC024591
[2026-05-14 12:54:18] DEBUG      [URL] https://www.zaubacorp.com/FOREFRONT-CHIT-FUND-PRIVATE-LIMITED-U65992KL2012PTC031571
[2026-05-14 12:54:18] DEBUG      [URL] https://www.zaubacorp.com/A-R-C-ESTATES-PRIVATE-LIMITED-U70102TG2003PTC041079
[2026-05-14 12:54:18] DEBUG      [URL] https://www.zaubacorp.com/INFINO-ANVESHANA-PRIVATE-LIMITED-U74110KA2018PTC117012
[2026-05-14 12:54:18] DEBUG      [URL] https://www.zaubacorp.com/PARAMESTHIN-CONSULTING-OPC-PRIVATE-LIMITED-U74999HR2021OPC095088
[2026-05-14 12:54:18] DEBUG      [URL] https://www.zaubacorp.com/AAT-INFRATECH-PRIVATE-LIMITED-U70109DL2014PTC265250
[2026-05-14 12:54:18] DEBUG      [URL] https://www.zaubacorp.com/KAVACH-INDIA-FINANCE-AND-INVESTMENT-COMPANY-LIMITED-U65910GJ1994PLC021531
[2026-05-14 12:54:18] DEBUG      [URL] https://www.zaubacorp.com/SANVI-DREAM-BUILDER-PRIVATE-LIMITED-U45201RJ2013PTC042701
[2026-05-14 12:54:18] DEBUG      [URL] https://www.zaubacorp.com/DHANBAD-NURSING-HOME-PRIVATE-LIMITED-U85110WB2005PTC104362
[2026-05-14 12:54:18] DEBUG      [URL] https://www.zaubacorp.com/SHRI-KANCHI-KAMAKSHI-INFRAVENTURES-PRIVATE-LIMITED-U45209TG2014PTC094092
[2026-05-14 12:54:18] DEBUG      [URL] https://www.zaubacorp.com/GLOBOCORP-PRIVATE-LIMITED-U50400UP2021PTC155288
[2026-05-14 12:54:18] DEBUG      [URL] https://www.zaubacorp.com/FREESIA-TRAVEL-AND-TOURISM-PRIVATE-LIMITED-U74999KL2018PTC055404
[2026-05-14 12:54:18] DEBUG      [URL] https://www.zaubacorp.com/SHREE-GIRINAG-PROPERTIES-PRIVATE-LIMITED-U45200MH2008PTC181163
[2026-05-14 12:54:18] DEBUG      [URL] https://www.zaubacorp.com/JESUS-CHRIST-TELECASTING-NETWORK-PRIVATE-LIMITED-U92132TN2004PTC054340
[2026-05-14 12:54:18] DEBUG      [URL] https://www.zaubacorp.com/SHREE-VIGHNESHWAR-TRAVELS-PRIVATE-LIMITED-U63030MH2021PTC371520
[2026-05-14 12:54:18] INFO     Page 10 → discovered 30 company URLs
[2026-05-14 12:54:18] DEBUG    Sleeping 3.5s
[2026-05-14 12:54:21] INFO     Crawling listing page 11 → https://www.zaubacorp.com/companies-list/p-11-company.html
[2026-05-14 12:54:23] DEBUG    Found 367 total links on page 11
[2026-05-14 12:54:23] DEBUG      [URL] https://www.zaubacorp.com/CASA-CARE-INFO-PRIVATE-LIMITED-U52300TN2011PTC082505
[2026-05-14 12:54:23] DEBUG      [URL] https://www.zaubacorp.com/DHULIA-HOMES-LIMITED-U99999MH1942PTC003549
[2026-05-14 12:54:23] DEBUG      [URL] https://www.zaubacorp.com/BARUAH-AUTOMOBILES-PRIVATE-LIMITED-U50101AS2006PTC008257
[2026-05-14 12:54:23] DEBUG      [URL] https://www.zaubacorp.com/SS-MATHA-GLOBAL-SERVICES-PRIVATE-LIMITED-U63040TG2019PTC137214
[2026-05-14 12:54:23] DEBUG      [URL] https://www.zaubacorp.com/S-AND-S-INSURANCE-SURVEYORS-AND-LOSS-ASSESSORS-PRIVATE-LIMITED-U74999GJ2021PTC126189
[2026-05-14 12:54:23] DEBUG      [URL] https://www.zaubacorp.com/YASHASVI-FINVEST-PRIVATE-LIMITED-U65999GJ2022PTC129663
[2026-05-14 12:54:23] DEBUG      [URL] https://www.zaubacorp.com/DIGITANOMY-PRIVATE-LIMITED-U72900TN2008PTC069248
[2026-05-14 12:54:23] DEBUG      [URL] https://www.zaubacorp.com/CODEWITS-SOLUTIONS-PRIVATE-LIMITED-U72200PN2020PTC189955
[2026-05-14 12:54:23] DEBUG      [URL] https://www.zaubacorp.com/MAMTAMAYEE-COMMERCIAL-LIMITED-U51909WB2014PLC200855
[2026-05-14 12:54:23] DEBUG      [URL] https://www.zaubacorp.com/DREAMFIELDS-DEVELOPERS-PRIVATE-LIMITED-U70109UP2014PTC061867
[2026-05-14 12:54:23] DEBUG      [URL] https://www.zaubacorp.com/BIONOVA-MEDICAL-DEVICES-PRIVATE-LIMITED-U51397KA2009PTC049902
[2026-05-14 12:54:23] DEBUG      [URL] https://www.zaubacorp.com/THREEWINKEL-COMMUNICATIONS-PRIVATE-LIMITED-U72900KL2017PTC050755
[2026-05-14 12:54:23] DEBUG      [URL] https://www.zaubacorp.com/VINAY-FOUNDARY-AND-ENGINEERING-INDUSTRIES-PRIVATE-LIMITED-U74899DL1984PTC018385
[2026-05-14 12:54:23] DEBUG      [URL] https://www.zaubacorp.com/SUNIL-MAKKAR-AUTOWORLD-PRIVATE-LIMITED-U74999DL2016PTC302627
[2026-05-14 12:54:23] DEBUG      [URL] https://www.zaubacorp.com/VASANTHAPURI-CHIT-FUND-AND-FINANCE-PVT-LTD-U65992TG1988PTC008277
[2026-05-14 12:54:23] DEBUG      [URL] https://www.zaubacorp.com/MAXWELL-DEVELOPERS-PRIVATE-LIMITED-U45200DL2007PTC157547
[2026-05-14 12:54:23] DEBUG      [URL] https://www.zaubacorp.com/VIRTUAL-MICROSYSTEMS-PRIVATE-LIMITED-U72100PB2000PTC023539
[2026-05-14 12:54:23] DEBUG      [URL] https://www.zaubacorp.com/DREAM-AAKAR-CONSTRUCTION-PRIVATE-LIMITED-U45200BR2014PTC022394
[2026-05-14 12:54:23] DEBUG      [URL] https://www.zaubacorp.com/DVARA-INVESTMENTS-PRIVATE-LIMITED-U67100TN2018PTC120292
[2026-05-14 12:54:23] DEBUG      [URL] https://www.zaubacorp.com/EASYCA-KNOWLEDGE-PROTOCOL-PRIVATE-LIMITED-U67120RJ2006PTC022104
[2026-05-14 12:54:23] DEBUG      [URL] https://www.zaubacorp.com/AYAT-IMPEX-INDIA-PRIVATE-LIMITED-U74999DL2017PTC326983
[2026-05-14 12:54:23] DEBUG      [URL] https://www.zaubacorp.com/URGE-INFRATECH-PRIVATE-LIMITED-U45400DL2014PTC274596
[2026-05-14 12:54:23] DEBUG      [URL] https://www.zaubacorp.com/CRESOL-INFOSERV-PRIVATE-LIMITED-U72900TG2017PTC117833
[2026-05-14 12:54:23] DEBUG      [URL] https://www.zaubacorp.com/PRESTO-FINANCE-LTD-U65910GJ1995PLC024769
[2026-05-14 12:54:23] DEBUG      [URL] https://www.zaubacorp.com/MAGICJACK-SUPPORT-INDIA-PRIVATE-LIMITED-U72900DL2012PTC236092
[2026-05-14 12:54:23] DEBUG      [URL] https://www.zaubacorp.com/WANCHU-FINANCE-COMPANY-PRIVATE-LIMITED-U65910DL1991PTC046169
[2026-05-14 12:54:23] DEBUG      [URL] https://www.zaubacorp.com/FERT-CARGO-PRIVATE-LIMITED-U63010DL1990PTC040544
[2026-05-14 12:54:23] DEBUG      [URL] https://www.zaubacorp.com/CSOFT-SUPPORT-PRIVATE-LIMITED-U74999WB2022PTC251817
[2026-05-14 12:54:23] DEBUG      [URL] https://www.zaubacorp.com/SHRI-SOMRAS-CHITS-PRIVATE-LIMITED-U65992KA2012PTC064593
[2026-05-14 12:54:23] DEBUG      [URL] https://www.zaubacorp.com/YUGA-EDUCATIONAL-CONSULTANT-PRIVATE-LIMITED-U74140MP2009PTC022599
[2026-05-14 12:54:23] INFO     Page 11 → discovered 30 company URLs
[2026-05-14 12:54:23] DEBUG    Sleeping 2.9s
[2026-05-14 12:54:26] INFO     Crawling listing page 12 → https://www.zaubacorp.com/companies-list/p-12-company.html
[2026-05-14 12:54:27] WARNING  CF block on listing page 12, attempt 1/3
[2026-05-14 12:54:34] DEBUG    Found 367 total links on page 12
[2026-05-14 12:54:34] DEBUG      [URL] https://www.zaubacorp.com/GANDHARAJ-NIKETAN-PRIVATE-LIMITED-U45400WB2007PTC115370
[2026-05-14 12:54:34] DEBUG      [URL] https://www.zaubacorp.com/WELCURE-PHARMACEUTICALS-PRIVATE-LIMITED-U74899DL1986PTC025186
[2026-05-14 12:54:34] DEBUG      [URL] https://www.zaubacorp.com/BURGUNDY-ONLINE-MARKETING-LIMITED-U74999DL2002PLC116131
[2026-05-14 12:54:34] DEBUG      [URL] https://www.zaubacorp.com/SHIVA-MALLS-JAIPUR-PRIVATE-LIMITED-U45201RJ2007PTC025417
[2026-05-14 12:54:34] DEBUG      [URL] https://www.zaubacorp.com/EWAFE-ENGINEERING-PVT-LTD-U45200KL2012PTC031009
[2026-05-14 12:54:34] DEBUG      [URL] https://www.zaubacorp.com/TEJASWINI-FINVEST-PRIVATE-LIMITED-U70100MH1995PTC087430
[2026-05-14 12:54:34] DEBUG      [URL] https://www.zaubacorp.com/AKA-DREAM-WAREHOUSING-PRIVATE-LIMITED-U70109WB2021PTC242635
[2026-05-14 12:54:34] DEBUG      [URL] https://www.zaubacorp.com/DESIRE-NETWORK-ENTERTAINMENT-PRIVATE-LIMITED-U74300MH2005PTC156794
[2026-05-14 12:54:34] DEBUG      [URL] https://www.zaubacorp.com/BHOOMI-ENVIROTECH-PRIVATE-LIMITED-U74999CT2018PTC008902
[2026-05-14 12:54:34] DEBUG      [URL] https://www.zaubacorp.com/JODHPUR-CITY-KNOWLEDGE-AND-INNOVATION-FOUNDATION-U85300RJ2021NPL074339
[2026-05-14 12:54:34] DEBUG      [URL] https://www.zaubacorp.com/VANGARI-RAJU-HOUSING-PRIVATE-LIMITED-U70100TG2014PTC092762
[2026-05-14 12:54:34] DEBUG      [URL] https://www.zaubacorp.com/KOPOU-INFOSYSTEM-PRIVATE-LIMITED-U51506DL2008PTC180743
[2026-05-14 12:54:34] DEBUG      [URL] https://www.zaubacorp.com/TIFORP-TRADING-SERVICES-PRIVATE-LIMITED-U74999KA2017PTC105427
[2026-05-14 12:54:34] DEBUG      [URL] https://www.zaubacorp.com/PRALAK-SERVICES-PRIVATE-LIMITED-U74999AP2019PTC110277
[2026-05-14 12:54:34] DEBUG      [URL] https://www.zaubacorp.com/SUSHAIN-WELLNESS-AND-WHOLENESS-PRIVATE-LIMITED-U74900UP2021PTC146271
[2026-05-14 12:54:34] DEBUG      [URL] https://www.zaubacorp.com/EARTH-SENSE-VENTURES-PRIVATE-LIMITED-U74920TN1985PTC011906
[2026-05-14 12:54:34] DEBUG      [URL] https://www.zaubacorp.com/SERENITY-INFRACON-PRIVATE-LIMITED-U45201GJ2012PTC070241
[2026-05-14 12:54:34] DEBUG      [URL] https://www.zaubacorp.com/AKELEC-PACTIL-COMBINE-PVT-LTD-U99999MH1982PTC026340
[2026-05-14 12:54:34] DEBUG      [URL] https://www.zaubacorp.com/VYGA-CHITS-PRIVATE-LIMITED-U65992KL2011PTC029341
[2026-05-14 12:54:34] DEBUG      [URL] https://www.zaubacorp.com/BHAJSHYAM-AGRO-LIMITED-U74899DL1995PLC073571
[2026-05-14 12:54:34] DEBUG      [URL] https://www.zaubacorp.com/GO-UP-PROPERTY-ONE-PRIVATE-LIMITED-U70109TN2021PTC146382
[2026-05-14 12:54:34] DEBUG      [URL] https://www.zaubacorp.com/DITLEY-DESIGN-SOLUTIONS-PRIVATE-LIMITED-U72900DL2019PTC350538
[2026-05-14 12:54:34] DEBUG      [URL] https://www.zaubacorp.com/AIKARTHYA-RESEARCH-AND-TECHNOLOGY-DEVELOPMENT-PRIVATE-LIMITED-U73100GJ2018PTC104436
[2026-05-14 12:54:34] DEBUG      [URL] https://www.zaubacorp.com/MASTER-MIND-ADVISORY-SERVICES-LIMITED-U74140DL2010PLC329538
[2026-05-14 12:54:34] DEBUG      [URL] https://www.zaubacorp.com/ARCHITA-ENGINEERING-PROJECTS-PRIVATE-LIMITED-U74900UP2009PTC036580
[2026-05-14 12:54:34] DEBUG      [URL] https://www.zaubacorp.com/VIRTUAL-NETAX-PRIVATE-LIMITED-U72300DL2007PTC163904
[2026-05-14 12:54:34] DEBUG      [URL] https://www.zaubacorp.com/KRAVIS-TECHNOLOGIES-PRIVATE-LIMITED-U72200TG2016PTC111144
[2026-05-14 12:54:34] DEBUG      [URL] https://www.zaubacorp.com/IBONY-FURNISHERS-PRIVATE-LIMITED-U36109RJ2019PTC067058
[2026-05-14 12:54:34] DEBUG      [URL] https://www.zaubacorp.com/ASERA-SHELTERS-AND-INVESTMENT-LIMITED-U70101TN1994PLC029137
[2026-05-14 12:54:34] DEBUG      [URL] https://www.zaubacorp.com/CREDPOINT-FINANCIAL-SOLUTIONS-PRIVATE-LIMITED-U67100KA2021PTC149690
[2026-05-14 12:54:34] INFO     Page 12 → discovered 30 company URLs
[2026-05-14 12:54:34] DEBUG    Sleeping 3.7s
[2026-05-14 12:54:37] INFO     Crawling listing page 13 → https://www.zaubacorp.com/companies-list/p-13-company.html
[2026-05-14 12:54:38] WARNING  CF block on listing page 13, attempt 1/3
[2026-05-14 12:54:44] WARNING  CF block on listing page 13, attempt 2/3
[2026-05-14 12:54:54] WARNING  CF block on listing page 13, attempt 3/3
[2026-05-14 12:55:09] ERROR    Failed to load listing page 13
[2026-05-14 12:55:09] DEBUG    Sleeping 4.2s
[2026-05-14 12:55:14] INFO     Crawling listing page 14 → https://www.zaubacorp.com/companies-list/p-14-company.html
[2026-05-14 12:55:16] DEBUG    Found 367 total links on page 14
[2026-05-14 12:55:16] DEBUG      [URL] https://www.zaubacorp.com/TIRUBALA-INFRACON-PRIVATE-LIMITED-U70109WB2008PTC126647
[2026-05-14 12:55:16] DEBUG      [URL] https://www.zaubacorp.com/SUNESH-CHIT-FUND-CO-P-LTD-U99999DL2000PTC900055
[2026-05-14 12:55:16] DEBUG      [URL] https://www.zaubacorp.com/AMAN-INFRACITY-PRIVATE-LIMITED-U45400UP2011PTC046573
[2026-05-14 12:55:16] DEBUG      [URL] https://www.zaubacorp.com/TVS-UPASANA-LIMITED-U65991TN1992PLC022619
[2026-05-14 12:55:16] DEBUG      [URL] https://www.zaubacorp.com/UNITECH-EDUCATIONAL-SERVICES-PRIVATE-LIMITED-U99999MH1988PTC049913
[2026-05-14 12:55:16] DEBUG      [URL] https://www.zaubacorp.com/AMMAS-INTERLINKX-COMM-PRIVATE-LIMITED-U74140TN2000PTC046285
[2026-05-14 12:55:16] DEBUG      [URL] https://www.zaubacorp.com/V-PORZ-IT-SERVICES-PRIVATE-LIMITED-U72900MH2011PTC218076
[2026-05-14 12:55:16] DEBUG      [URL] https://www.zaubacorp.com/CANDLESTICK-ADVISORS-PRIVATE-LIMITED-U72900TN2007PTC064738
[2026-05-14 12:55:16] DEBUG      [URL] https://www.zaubacorp.com/SETMET-SOCIAL-INDIA-PRIVATE-LIMITED-U85100DL2020PTC364910
[2026-05-14 12:55:16] DEBUG      [URL] https://www.zaubacorp.com/HIND-CYCLES-LIMITED-U35921MP1939PLC000941
[2026-05-14 12:55:16] DEBUG      [URL] https://www.zaubacorp.com/HIMACHAL-CONSTRUCTION-COMPANY-PVT-LIMITED-U45201HP1993PTC013044
[2026-05-14 12:55:16] DEBUG      [URL] https://www.zaubacorp.com/SARAJAG-EXPORTS-PRIVATE-LIMITED-U52599TN1996PTC036015
[2026-05-14 12:55:16] DEBUG      [URL] https://www.zaubacorp.com/THE-UNITED-PROVINCES-ELECTRIC-SUPPLY-CO-LTD-U40109WB1915PLC002650
[2026-05-14 12:55:16] DEBUG      [URL] https://www.zaubacorp.com/SANDHYA-PRAKASH-RETIREMENT-SOLUTION-PRIVATE-LIMITED-U74999PN2020PTC189635
[2026-05-14 12:55:16] DEBUG      [URL] https://www.zaubacorp.com/MABROOK-FOODS-PRIVATE-LIMITED-U55209KL2021PTC071573
[2026-05-14 12:55:16] DEBUG      [URL] https://www.zaubacorp.com/BILLION-HANDS-FOUNDATION-U85300HR2018NPL075347
[2026-05-14 12:55:16] DEBUG      [URL] https://www.zaubacorp.com/SQUAREUP-SOFTWARE-PRIVATE-LIMITED-U72300UP2015PTC074562
[2026-05-14 12:55:16] DEBUG      [URL] https://www.zaubacorp.com/JOBS-ECSTASY-PRIVATE-LIMITED-U72900KA2020PTC139792
[2026-05-14 12:55:16] DEBUG      [URL] https://www.zaubacorp.com/MAHIR-META-STEEL-TRADERS-PRIVATE-LIMITED-U51392GJ2011PTC067295
[2026-05-14 12:55:16] DEBUG      [URL] https://www.zaubacorp.com/ABSTRACT-WEB-BRAIN-TECH-PRIVATE-LIMITED-U72502PB2019PTC049842
[2026-05-14 12:55:16] DEBUG      [URL] https://www.zaubacorp.com/TAXEIA-INFOTECH-PRIVATE-LIMITED-U72900DL2011PTC215545
[2026-05-14 12:55:16] DEBUG      [URL] https://www.zaubacorp.com/EUROPA-ENTERPRISES-PRIVATE-LIMITED-U65922MH1995PTC087292
[2026-05-14 12:55:16] DEBUG      [URL] https://www.zaubacorp.com/KSP-HEALTH-SERVICES-PRIVATE-LIMITED-U74999TG2018PTC127594
[2026-05-14 12:55:16] DEBUG      [URL] https://www.zaubacorp.com/NAYAN-PROGRAMME-RESEARCH-AND-EVALUATION-STUDIES-PVT-LTD-U73100MH1993PTC071428
[2026-05-14 12:55:16] DEBUG      [URL] https://www.zaubacorp.com/DYNAMIZE-SOLAR-PRIVATE-LIMITED-U40106KA2015PTC079004
[2026-05-14 12:55:16] DEBUG      [URL] https://www.zaubacorp.com/EVERLIKE-MERCHANDISE-PVT-LTD-U51109WB1994PTC062482
[2026-05-14 12:55:16] DEBUG      [URL] https://www.zaubacorp.com/PRATEEK-INFRAPLANNER-PRIVATE-LIMITED-U70102UP2012PTC050714
[2026-05-14 12:55:16] DEBUG      [URL] https://www.zaubacorp.com/PRABHU-SURVEYORS-PRIVATE-LIMITED-U74210TN1982PTC009360
[2026-05-14 12:55:16] DEBUG      [URL] https://www.zaubacorp.com/PAPPARAZZI-MEDIA-HUB-PRIVATE-LIMITED-U74120MH2013PTC243015
[2026-05-14 12:55:16] DEBUG      [URL] https://www.zaubacorp.com/WIN-MEDICARE-INVESTMENTS-PRIVATE-LIMITED-U74900DL1995PTC070758
[2026-05-14 12:55:16] INFO     Page 14 → discovered 30 company URLs
[2026-05-14 12:55:16] DEBUG    Sleeping 2.8s
[2026-05-14 12:55:19] INFO     Crawling listing page 15 → https://www.zaubacorp.com/companies-list/p-15-company.html
[2026-05-14 12:55:23] DEBUG    Found 367 total links on page 15
[2026-05-14 12:55:23] DEBUG      [URL] https://www.zaubacorp.com/GLENOHILL-PHARMACEUTICAL-PRIVATE-LIMITED-U85100MH2018PTC317153
[2026-05-14 12:55:23] DEBUG      [URL] https://www.zaubacorp.com/BLUE-TECH-ENTERPRISES-PRIVATE-LIMITED-U51300OR2012PTC016157
[2026-05-14 12:55:23] DEBUG      [URL] https://www.zaubacorp.com/VUDYOG-TECHNOLOGIES-PRIVATE-LIMITED-U72200TG2021FTC154113
[2026-05-14 12:55:23] DEBUG      [URL] https://www.zaubacorp.com/SHREE-CHITELADHA-KRISHI-LIMITED-U99999MH1953PLC010607
[2026-05-14 12:55:23] DEBUG      [URL] https://www.zaubacorp.com/SPK-INDIAN-TIGERS-ORGANISATION-U85300GA2021NPL015046
[2026-05-14 12:55:23] DEBUG      [URL] https://www.zaubacorp.com/VOCANO-LIFESTYLE-PRIVATE-LIMITED-U74999MP2016PTC040621
[2026-05-14 12:55:23] DEBUG      [URL] https://www.zaubacorp.com/HARVEST-ENTERPRISES-LIMITED-U51900MH1992PLC065804
[2026-05-14 12:55:23] DEBUG      [URL] https://www.zaubacorp.com/HENERY-TRADING-INDIA-PRIVATE-LIMITED-U52100DL2015PTC277505
[2026-05-14 12:55:23] DEBUG      [URL] https://www.zaubacorp.com/BACHI-DIGITAL-INDIA-PRIVATE-LIMITED-U74999TG2019PTC130096
[2026-05-14 12:55:23] DEBUG      [URL] https://www.zaubacorp.com/VIDYA-RATNA-ELEARNING-INDIA-PRIVATE-LIMITED-U80211TN2011PTC079312
[2026-05-14 12:55:23] DEBUG      [URL] https://www.zaubacorp.com/MYSORE-PACKAGING-INDUSTRIES-PRIVATE-LIMI-TED-U99999KA1971PTC002096
[2026-05-14 12:55:23] DEBUG      [URL] https://www.zaubacorp.com/WEXO-VENTURES-PRIVATE-LIMITED-U60221KL2020PTC063001
[2026-05-14 12:55:23] DEBUG      [URL] https://www.zaubacorp.com/WEBGEN-INTERNET-TECHNOLOGIES-PRIVATE-LIMITED-U72900BR2010PTC015455
[2026-05-14 12:55:23] DEBUG      [URL] https://www.zaubacorp.com/PARSHWANATH-SECURITIES-AND-CONSULTANCY-PRIVATE-LIMITED-U67120MH2000PTC124415
[2026-05-14 12:55:23] DEBUG      [URL] https://www.zaubacorp.com/CASIA-PROJECT-DEVELOPMENT-PRIVATE-LIMITED-U74999MH2016PTC287621
[2026-05-14 12:55:23] DEBUG      [URL] https://www.zaubacorp.com/BABA-POWER-ENGINEERS-AND-CONSULTANTS-PRIVATE-LIMITED-U74999BR2020PTC046778
[2026-05-14 12:55:23] DEBUG      [URL] https://www.zaubacorp.com/ADRIK-ACADEMY-OPC-PRIVATE-LIMITED-U80904UP2017OPC093254
[2026-05-14 12:55:23] DEBUG      [URL] https://www.zaubacorp.com/QUTAB-APARTMENTS-PRIVATE-LIMITED-U74899DL1979PTC009718
[2026-05-14 12:55:23] DEBUG      [URL] https://www.zaubacorp.com/HARI-MARINE-CONTAINER-LINES-PRIVATE-LIMITED-U63030RJ2021PTC073782
[2026-05-14 12:55:23] DEBUG      [URL] https://www.zaubacorp.com/HARIDHAR-MILK-AND-FOODS-PRIVATE-LIMITED-U15400UR2021PTC013266
[2026-05-14 12:55:23] DEBUG      [URL] https://www.zaubacorp.com/CYBER-DOT-COM-PRIVATE-LIMITED-U72900DL2000PTC105203
[2026-05-14 12:55:23] DEBUG      [URL] https://www.zaubacorp.com/GEE-TRANSMISSION-AND-INFRASTRUCTURE-PRIVATE-LIMITED-U45200PB2007PTC030801
[2026-05-14 12:55:23] DEBUG      [URL] https://www.zaubacorp.com/MAULIK-KRUTI-RESOURCES-PRIVATE-LIMITED-U65910GJ1996PTC029769
[2026-05-14 12:55:23] DEBUG      [URL] https://www.zaubacorp.com/KODUNGAIYUR-BENEFIT-FUND-LIMITED-U65991TN1992PLC024112
[2026-05-14 12:55:23] DEBUG      [URL] https://www.zaubacorp.com/TKT-ENGINEERING-AND-SERVICES-PRIVATE-LIMITED-U74999UP2021PTC141978
[2026-05-14 12:55:23] DEBUG      [URL] https://www.zaubacorp.com/MEHTA-CARGO-PVT-LTD-U60231GJ2006PTC048446
[2026-05-14 12:55:23] DEBUG      [URL] https://www.zaubacorp.com/WAYPOINT-IMPEX-PRIVATE-LIMITED-U51909DL2021PTC379202
[2026-05-14 12:55:23] DEBUG      [URL] https://www.zaubacorp.com/GPJ-ENTERPRISES-PRIVATE-LIMITED-U52100BR2012PTC019215
[2026-05-14 12:55:23] DEBUG      [URL] https://www.zaubacorp.com/BATLIWALA-PROPERTIES-PRIVATE-LIMITED-U70100MH2002PTC135635
[2026-05-14 12:55:23] DEBUG      [URL] https://www.zaubacorp.com/AJJ-LABS-INDIA-PRIVATE-LIMITED-U64204MH2019PTC326357
[2026-05-14 12:55:23] INFO     Page 15 → discovered 30 company URLs
[2026-05-14 12:55:23] DEBUG    Sleeping 2.2s
[2026-05-14 12:55:25] INFO     Crawling listing page 16 → https://www.zaubacorp.com/companies-list/p-16-company.html
[2026-05-14 12:55:27] DEBUG    Found 367 total links on page 16
[2026-05-14 12:55:27] DEBUG      [URL] https://www.zaubacorp.com/ANGEL-EXIM-PROPERTY-PRIVATE-LIMITED-U70100MH2012PTC226234
[2026-05-14 12:55:27] DEBUG      [URL] https://www.zaubacorp.com/THRILL-INVESTMENT-AND-TRADING-PVT-LTD-U65990MH1992PTC069212
[2026-05-14 12:55:27] DEBUG      [URL] https://www.zaubacorp.com/NAV-FINANCIAL-SERVICES-PRIVATE-LIMITED-U67190MH1998PTC112922
[2026-05-14 12:55:27] DEBUG      [URL] https://www.zaubacorp.com/ASSAM-INFRASTRUCTURE-FACILITIES-PRIVATE-LIMITED-U45203AS2005PTC007703
[2026-05-14 12:55:27] DEBUG      [URL] https://www.zaubacorp.com/DOC90-SOLUTIONS-PRIVATE-LIMITED-U74999KA2017PTC104050
[2026-05-14 12:55:27] DEBUG      [URL] https://www.zaubacorp.com/VAKSONS-INDUSTRIES-PRIVATE-LIMITED-U50500DL2018PTC333510
[2026-05-14 12:55:27] DEBUG      [URL] https://www.zaubacorp.com/SANTLAL-INFRATECH-SOLUTION-PRIVATE-LIMITED-U40106RJ2021PTC078790
[2026-05-14 12:55:27] DEBUG      [URL] https://www.zaubacorp.com/GEEK-ONLINE-VENTURES-PRIVATE-LIMITED-U72900MP2008PTC021373
[2026-05-14 12:55:27] DEBUG      [URL] https://www.zaubacorp.com/ANJAANA-ANJAANI-HOSPITALITY-PRIVATE-LIMITED-U74999UR2018PTC008859
[2026-05-14 12:55:27] DEBUG      [URL] https://www.zaubacorp.com/KAIROSOLS-IT-SERVICES-PRIVATE-LIMITED-U72300TG2013PTC087977
[2026-05-14 12:55:27] DEBUG      [URL] https://www.zaubacorp.com/SHIVRUDRA-SECURITY-PRIVATE-LIMITED-U74999DL2017PTC313517
[2026-05-14 12:55:27] DEBUG      [URL] https://www.zaubacorp.com/VISHWA-VOKKALIGARA-RAITHA-HITHA-RAKSHANA-SAMITHI-ASSOCIATION-U85100KA2018NPL118798
[2026-05-14 12:55:27] DEBUG      [URL] https://www.zaubacorp.com/TRIPLE-A-MANAGEMENT-SERVICES-PRIVATE-LIMITED-U74999UR2021PTC012807
[2026-05-14 12:55:27] DEBUG      [URL] https://www.zaubacorp.com/COMFOTRONICS-PRIVATE-LIMITED-U52609OR2017PTC027019
[2026-05-14 12:55:27] DEBUG      [URL] https://www.zaubacorp.com/MICRO-DOT-SYSTEMS-PRIVATE-LIMITED-U74899DL1992PTC051456
[2026-05-14 12:55:27] DEBUG      [URL] https://www.zaubacorp.com/DIVYA-RESTAURANTS-AND-HOTELS-PRIVATE-LIMITED-U74899DL2003PTC122490
[2026-05-14 12:55:27] DEBUG      [URL] https://www.zaubacorp.com/ASTROM-ENTERPRISES-PRIVATE-LIMITED-U51909MH2019PTC334500
[2026-05-14 12:55:27] DEBUG      [URL] https://www.zaubacorp.com/SRI-HARI-LAKSHMI-FINANCE-PRIVATE-LIMITED-U65993AP1990PTC011135
[2026-05-14 12:55:27] DEBUG      [URL] https://www.zaubacorp.com/STAR-MINCHEM-PRIVATE-LIMITED-U51446DL1999PTC099938
[2026-05-14 12:55:27] DEBUG      [URL] https://www.zaubacorp.com/SPANK-MANAGEMENT-SERVICES-PRIVATE-LIMITED-U74140DL2004PTC130400
[2026-05-14 12:55:27] DEBUG      [URL] https://www.zaubacorp.com/SULABHA-REAL-ESTATE-AND-INVESTMENTS-PRIVATE-LIMITED-U70200GA1983PTC014327
[2026-05-14 12:55:27] DEBUG      [URL] https://www.zaubacorp.com/WIPRO-PERSONAL-CARE-PRIVATE-LIMITED-U36999KA2018PTC119331
[2026-05-14 12:55:27] DEBUG      [URL] https://www.zaubacorp.com/MASS-INDUSTRIAL-DEVELOPMENT-CLUSTER-ASSOCIATION-U91100MP2022NPL059661
[2026-05-14 12:55:27] DEBUG      [URL] https://www.zaubacorp.com/LUCKY-HOLIDAY-TOUR-AND-TRAVEL-PRIVATE-LIMITED-U63090BR2016PTC026235
[2026-05-14 12:55:27] DEBUG      [URL] https://www.zaubacorp.com/VIZISTA-SYSTEMS-PRIVATE-LIMITED-U72900GJ2009PTC056823
[2026-05-14 12:55:27] DEBUG      [URL] https://www.zaubacorp.com/SAMBHAV-BUILDING-SYSTEMS-PRIVATE-LIMITED-U45400DL2014PTC266183
[2026-05-14 12:55:27] DEBUG      [URL] https://www.zaubacorp.com/HILLVALLEY-CHITS-PRIVATE-LIMITED-U65992KL2009PTC024137
[2026-05-14 12:55:27] DEBUG      [URL] https://www.zaubacorp.com/BAGUNA-MEDICAL-ACADEMY-PRIVATE-LIMITED-U80904MH2013PTC242436
[2026-05-14 12:55:27] DEBUG      [URL] https://www.zaubacorp.com/TRANSWORLD-EXPORT-PRIVATE-LIMITED-U51909TN1973PTC006407
[2026-05-14 12:55:27] DEBUG      [URL] https://www.zaubacorp.com/BONGAIGAON-CONCRETE-INDUSTRIES-PRIVATE-LIMITED-U45309AS1988PTC002918
[2026-05-14 12:55:27] INFO     Page 16 → discovered 30 company URLs
[2026-05-14 12:55:27] DEBUG    Sleeping 3.3s
[2026-05-14 12:55:31] INFO     Crawling listing page 17 → https://www.zaubacorp.com/companies-list/p-17-company.html
[2026-05-14 12:55:33] DEBUG    Found 367 total links on page 17
[2026-05-14 12:55:33] DEBUG      [URL] https://www.zaubacorp.com/PICKUP-VYAPAAR-PVT-LTD-U51909WB1993PTC058045
[2026-05-14 12:55:33] DEBUG      [URL] https://www.zaubacorp.com/JK-DESIGN-STUDIO-PRIVATE-LIMITED-U74900PN2007PTC130891
[2026-05-14 12:55:33] DEBUG      [URL] https://www.zaubacorp.com/MOLDME-SPORTLY-PRIVATE-LIMITED-U92419KA2018PTC119137
[2026-05-14 12:55:33] DEBUG      [URL] https://www.zaubacorp.com/W-BILLINTON-AND-CO-PRIVATE-LIMITED-U74999WB1933PTC007681
[2026-05-14 12:55:33] DEBUG      [URL] https://www.zaubacorp.com/SARALA-PHARMA-PRIVATE-LIMITED-U74900WB2015PTC207151
[2026-05-14 12:55:33] DEBUG      [URL] https://www.zaubacorp.com/VIVIKAMBER-TECHNOLOGY-PRIVATE-LIMITED-U74999UP2017PTC089258
[2026-05-14 12:55:33] DEBUG      [URL] https://www.zaubacorp.com/INFODOT-SYSTEMS-PRIVATE-LIMITED-U72200KA1996PTC020024
[2026-05-14 12:55:33] DEBUG      [URL] https://www.zaubacorp.com/THR-DIGITAL-SOLUTIONS-PRIVATE-LIMITED-U72900WB2004PTC098665
[2026-05-14 12:55:33] DEBUG      [URL] https://www.zaubacorp.com/SUNTALEYTAR-HYDRO-PROJECT-PRIVATE-LIMITED-U40105DL2012PTC239430
[2026-05-14 12:55:33] DEBUG      [URL] https://www.zaubacorp.com/MOTHER-EARTH-REALTORS-PRIVATE-LIMITED-U45200PN2014PTC152494
[2026-05-14 12:55:33] DEBUG      [URL] https://www.zaubacorp.com/NAPTUNE-ONLINE-MARKETING-PRIVATE-LIMITED-U51909KA2019PTC128818
[2026-05-14 12:55:33] DEBUG      [URL] https://www.zaubacorp.com/AKSHAYA-FINLEASE-PRIVATE-LIMITED-U65910TG1993PTC016190
[2026-05-14 12:55:33] DEBUG      [URL] https://www.zaubacorp.com/N-B-S-PROFESSIONAL-EDUCATION-PRIVATE-LIMITED-U80301UP2006PTC032024
[2026-05-14 12:55:33] DEBUG      [URL] https://www.zaubacorp.com/DEVLECO-REAL-ESTATE-PRIVATE-LIMITED-U70109UP2019PTC113580
[2026-05-14 12:55:33] DEBUG      [URL] https://www.zaubacorp.com/MANGLAM-ALLIED-SERVICES-PRIVATE-LIMITED-U74999GJ2020PTC117564
[2026-05-14 12:55:33] DEBUG      [URL] https://www.zaubacorp.com/SPLASH-APPLIANCES-PRIVATE-LIMITED-U74120DL2007PTC157681
[2026-05-14 12:55:33] DEBUG      [URL] https://www.zaubacorp.com/TANZERA-GLOBAL-OPC-PRIVATE-LIMITED-U72900UP2018OPC103371
[2026-05-14 12:55:33] DEBUG      [URL] https://www.zaubacorp.com/MONA-BUILDERS-P-LTD-U99999MH1994PTC076326
[2026-05-14 12:55:33] DEBUG      [URL] https://www.zaubacorp.com/RPD-LEGAL-AND-FINANCIAL-CONSULTANT-LLP-AAH-3826
[2026-05-14 12:55:33] DEBUG      [URL] https://www.zaubacorp.com/SUMAIYA-INFOTECH-OPC-PRIVATE-LIMITED-U72900DL2021OPC383210
[2026-05-14 12:55:33] DEBUG      [URL] https://www.zaubacorp.com/R-K-AUDIO-VISUALS-PRIVATE-LIMITED-U74900WB2010PTC151296
[2026-05-14 12:55:33] DEBUG      [URL] https://www.zaubacorp.com/MINDTICKLES-EDUVENTURES-PRIVATE-LIMITED-U52609TG2018PTC125033
[2026-05-14 12:55:33] DEBUG      [URL] https://www.zaubacorp.com/LOBOR-SHIP-MANAGEMENT-PRIVATE-LIMITED-U74999MH2002PTC136681
[2026-05-14 12:55:33] DEBUG      [URL] https://www.zaubacorp.com/RANJEET-GENUS-PRIVATE-LIMITED-U52609MH2017PTC293282
[2026-05-14 12:55:33] DEBUG      [URL] https://www.zaubacorp.com/YESHPAL-RAIKAR-AND-ASSOCIATES-BUILDTECH-PRIVATE-LIMITED-U70200GA2010PTC006308
[2026-05-14 12:55:33] DEBUG      [URL] https://www.zaubacorp.com/FERROUS-INVESTMENTS-PRIVATE-LIMITED-U74899DL1986PTC024481
[2026-05-14 12:55:33] DEBUG      [URL] https://www.zaubacorp.com/RAYWATT-ENERGY-PRIVATE-LIMITED-U40106GJ2014PTC078803
[2026-05-14 12:55:33] DEBUG      [URL] https://www.zaubacorp.com/PULIKEEZHU-METALS-PRIVATE-LIMITED-U74999KL2018PTC056015
[2026-05-14 12:55:33] DEBUG      [URL] https://www.zaubacorp.com/RANDHAWAS-PROTECTION-PRIVATE-LIMITED-U74900MH2011PTC224498
[2026-05-14 12:55:33] DEBUG      [URL] https://www.zaubacorp.com/SRH-COLD-STORAGE-PRIVATE-LIMITED-U63030MP2020PTC053699
[2026-05-14 12:55:33] INFO     Page 17 → discovered 30 company URLs
[2026-05-14 12:55:33] DEBUG    Sleeping 2.5s
[2026-05-14 12:55:36] INFO     Crawling listing page 18 → https://www.zaubacorp.com/companies-list/p-18-company.html
[2026-05-14 12:55:38] DEBUG    Found 367 total links on page 18
[2026-05-14 12:55:38] DEBUG      [URL] https://www.zaubacorp.com/SUPERNOVIAN-INDIA-PRIVATE-LIMITED-U72900MH2020PTC342348
[2026-05-14 12:55:38] DEBUG      [URL] https://www.zaubacorp.com/SHREEBHAGWATI-COMMODITIES-PRIVATE-LIMITED-U74900GJ2016PTC086301
[2026-05-14 12:55:38] DEBUG      [URL] https://www.zaubacorp.com/ESSENCE-HEALTHCARE-INDIA-PRIVATE-LIMITED-U51109KA2012PTC062321
[2026-05-14 12:55:38] DEBUG      [URL] https://www.zaubacorp.com/CCANK-TECH-PRIVATE-LIMITED-U72200DL2021PTC380989
[2026-05-14 12:55:38] DEBUG      [URL] https://www.zaubacorp.com/HAMARA-ASTRO-VASTU-SYSTEMS-PRIVATE-LIMITED-U93090MH2004PTC144714
[2026-05-14 12:55:38] DEBUG      [URL] https://www.zaubacorp.com/KWICK-SOFT-SOLUTIONS-PRIVATE-LIMITED-U72200TN2005PTC055566
[2026-05-14 12:55:38] DEBUG      [URL] https://www.zaubacorp.com/SONAL-MARKETING-PRIVATE-LIMITED-U51909PN2001PTC015993
[2026-05-14 12:55:38] DEBUG      [URL] https://www.zaubacorp.com/SUPERLAN-COMPUTER-SYSTEMS-PRIVATE-LIMITED-U99999MH1996PTC103716
[2026-05-14 12:55:38] DEBUG      [URL] https://www.zaubacorp.com/VASTRASHASTRA-ECOMMERCE-PRIVATE-LIMITED-U74999MH2018PTC314392
[2026-05-14 12:55:38] DEBUG      [URL] https://www.zaubacorp.com/ALWAR-INNOVATIVE-COMPUTER-ACCOUNTS-PRIVATE-LIMITED-U72200RJ2008PTC026496
[2026-05-14 12:55:38] DEBUG      [URL] https://www.zaubacorp.com/S3A-IMPEX-PRIVATE-LIMITED-U74140DL2012PTC233907
[2026-05-14 12:55:38] DEBUG      [URL] https://www.zaubacorp.com/VAISHU-INFRATECH-PRIVATE-LIMITED-U45309JH2021PTC017401
[2026-05-14 12:55:38] DEBUG      [URL] https://www.zaubacorp.com/CODENT-SOFTWARE-SOLUTIONS-PRIVATE-LIMITED-U72900AP2020PTC114265
[2026-05-14 12:55:38] DEBUG      [URL] https://www.zaubacorp.com/GARIMA-ENTERPRISES-PRIVATE-LIMITED-U74899DL1994PTC059917
[2026-05-14 12:55:38] DEBUG      [URL] https://www.zaubacorp.com/MAXIMOVE-LOGISTICS-PRIVATE-LIMITED-U60300TN2019PTC129108
[2026-05-14 12:55:38] DEBUG      [URL] https://www.zaubacorp.com/UTTSHAVI-INFRACON-PRIVATE-LIMITED-U45200BR2013PTC020349
[2026-05-14 12:55:38] DEBUG      [URL] https://www.zaubacorp.com/VISWATEJA-CASHEW-COMPANY-PVT-LTD-U74999TG1992PTC014826
[2026-05-14 12:55:38] DEBUG      [URL] https://www.zaubacorp.com/AVM-INTERNS-HUB-CAREER-SOLUTIONS-PRIVATE-LIMITED-U74999DL2019PTC352731
[2026-05-14 12:55:38] DEBUG      [URL] https://www.zaubacorp.com/DUCKHAWK-SERVICES-PRIVATE-LIMITED-U74999TG2018PTC126737
[2026-05-14 12:55:38] DEBUG      [URL] https://www.zaubacorp.com/WORLDGREEN-HEALTHCARE-PRIVATE-LIMITED-U74120UP2012PTC050229
[2026-05-14 12:55:38] DEBUG      [URL] https://www.zaubacorp.com/EKAVIRA-VENTURES-LIMITED-U74110MH1996PLC151955
[2026-05-14 12:55:38] DEBUG      [URL] https://www.zaubacorp.com/SMOHTA-CONSULTANCY-PRIVATE-LIMITED-U74999WB2019PTC230313
[2026-05-14 12:55:38] DEBUG      [URL] https://www.zaubacorp.com/ARISTOTLE-AVIATION-ACADEMY-PRIVATE-LIMITED-U74999MH2021PTC357748
[2026-05-14 12:55:38] DEBUG      [URL] https://www.zaubacorp.com/PARAMOUNT-COMMODITIES-AND-SERVICES-PRIVATE-LIMITED-U01132TZ1998PTC022067
[2026-05-14 12:55:38] DEBUG      [URL] https://www.zaubacorp.com/SHIN-TRADERS-PRIVATE-LIMITED-U51909DL2018PTC337404
[2026-05-14 12:55:38] DEBUG      [URL] https://www.zaubacorp.com/INSTALLER-SOLUTIONS-PRIVATE-LIMITED-U36101MH2002PTC136363
[2026-05-14 12:55:38] DEBUG      [URL] https://www.zaubacorp.com/ML-REPRESENTATION-PRIVATE-LIMITED-U74999UP2020PTC131695
[2026-05-14 12:55:38] DEBUG      [URL] https://www.zaubacorp.com/PAHI-CAREER-FINDERS-PRIVATE-LIMITED-U80903JH2020PTC014712
[2026-05-14 12:55:38] DEBUG      [URL] https://www.zaubacorp.com/GI-STONES-INDIA-PRIVATE-LIMITED-U74999DL2017PTC311067
[2026-05-14 12:55:38] DEBUG      [URL] https://www.zaubacorp.com/PRIME-MULTIPRODUCTS-SERVICES-PRIVATE-LIMITED-U74999MH2006PTC163729
[2026-05-14 12:55:38] INFO     Page 18 → discovered 30 company URLs
[2026-05-14 12:55:38] DEBUG    Sleeping 4.9s
[2026-05-14 12:55:43] INFO     Crawling listing page 19 → https://www.zaubacorp.com/companies-list/p-19-company.html
[2026-05-14 12:55:46] DEBUG    Found 367 total links on page 19
[2026-05-14 12:55:46] DEBUG      [URL] https://www.zaubacorp.com/OMBALAJI-INFRAPLUS-PRIVATE-LIMITED-U70102UP2014PTC067321
[2026-05-14 12:55:46] DEBUG      [URL] https://www.zaubacorp.com/FERROCO-SPECIALITY-CASTINGS-PRIVATE-LIMITED-U27101KA1984PTC005983
[2026-05-14 12:55:46] DEBUG      [URL] https://www.zaubacorp.com/YOUVW-MEDIA-HOUSE-PRIVATE-LIMITED-U72900KA2019PTC130486
[2026-05-14 12:55:46] DEBUG      [URL] https://www.zaubacorp.com/P-S-D-PROPERTIES-PRIVATE-LIMITED-U70101WB2005PTC105848
[2026-05-14 12:55:46] DEBUG      [URL] https://www.zaubacorp.com/AFRASIA-COMMUNICATION-PRIVATE-LIMITED-U72300WB2015PTC205064
[2026-05-14 12:55:46] DEBUG      [URL] https://www.zaubacorp.com/B-B-REAL-INFRA-ESTATES-PRIVATE-LIMITED-U45400WB2010PTC140967
[2026-05-14 12:55:46] DEBUG      [URL] https://www.zaubacorp.com/ACE-FIN-SOLUTIONS-PRIVATE-LIMITED-U74140DL2008PTC183583
[2026-05-14 12:55:46] DEBUG      [URL] https://www.zaubacorp.com/365-SMART-NETWORK-LLP-AAD-9760
[2026-05-14 12:55:46] DEBUG      [URL] https://www.zaubacorp.com/D-B-ADVERTISING-SERVICES-PRIVATE-LIMITED-U74300MH1976PTC018757
[2026-05-14 12:55:46] DEBUG      [URL] https://www.zaubacorp.com/GILTEDGED-TRADERS-PVT-LTD-U51109WB1994PTC062365
[2026-05-14 12:55:46] DEBUG      [URL] https://www.zaubacorp.com/I-MECH-TECHNOLOGIES-PRIVATE-LIMITED-U72200TG2006PTC050258
[2026-05-14 12:55:46] DEBUG      [URL] https://www.zaubacorp.com/PURASKRIT-CONSULTANCY-OPC-PRIVATE-LIMITED-U74999WB2021OPC247001
[2026-05-14 12:55:46] DEBUG      [URL] https://www.zaubacorp.com/CLASSY-SPACES-PRIVATE-LIMITED-U71210KA2012PTC063811
[2026-05-14 12:55:46] DEBUG      [URL] https://www.zaubacorp.com/AGRIGRID-SERVICES-PRIVATE-LIMITED-U51909KA2022PTC158981
[2026-05-14 12:55:46] DEBUG      [URL] https://www.zaubacorp.com/BMW-VYAPAR-PRIVATE-LIMITED-U51909WB2013PTC209294
[2026-05-14 12:55:46] DEBUG      [URL] https://www.zaubacorp.com/LIFELINE-HOSPITAL-AND-HEALTHCARE-SERVICES-PRIVATE-LIMITED-U85110PN2008PTC131822
[2026-05-14 12:55:46] DEBUG      [URL] https://www.zaubacorp.com/MAULEE-GOAT-FARMING-AND-AGRO-SERVICES-PRIVATE-LIMITED-U74993MH2018PTC315144
[2026-05-14 12:55:46] DEBUG      [URL] https://www.zaubacorp.com/PURAN-MOTORS-PRIVATE-LIMITED-U50102UP2011PTC045169
[2026-05-14 12:55:46] DEBUG      [URL] https://www.zaubacorp.com/SAI-BABA-ESTATES-PRIVATE-LIMITED-U70101DL2011PTC212754
[2026-05-14 12:55:46] DEBUG      [URL] https://www.zaubacorp.com/STRYDER-SOLUTIONS-PRIVATE-LIMITED-U74999KA2021PTC150203
[2026-05-14 12:55:46] DEBUG      [URL] https://www.zaubacorp.com/ROTSON-STAYS-PRIVATE-LIMITED-U55204KA2018PTC110584
[2026-05-14 12:55:46] DEBUG      [URL] https://www.zaubacorp.com/OM-SYNERGY-SPACELINK-PRIVATE-LIMITED-U45200GJ2012PTC071249
[2026-05-14 12:55:46] DEBUG      [URL] https://www.zaubacorp.com/MUSKAN-KURIES-PRIVATE-LIMITED-U65992PN2008PTC133111
[2026-05-14 12:55:46] DEBUG      [URL] https://www.zaubacorp.com/KFSH-FITNESS-PRIVATE-LIMITED-U51909DL2017PTC321159
[2026-05-14 12:55:46] DEBUG      [URL] https://www.zaubacorp.com/MAAMEDICAL-AID-ASSOCIATES-PRIVATE-LIMITED-U74999WB2020PTC239955
[2026-05-14 12:55:46] DEBUG      [URL] https://www.zaubacorp.com/SNOWBLUE-DISTRIBUTORS-PRIVATE-LIMITED-U51909WB2012PTC171661
[2026-05-14 12:55:46] DEBUG      [URL] https://www.zaubacorp.com/SURYANSHU-REALTORS-PRIVATE-LIMITED-U45201PN2005PTC021055
[2026-05-14 12:55:46] DEBUG      [URL] https://www.zaubacorp.com/VEDRAJ-NIDHI-LIMITED-U65999DL2019PLC345223
[2026-05-14 12:55:46] DEBUG      [URL] https://www.zaubacorp.com/NISTULA-BUSINESS-SOLUTION-PRIVATE-LIMITED-U74140WB2019PTC233426
[2026-05-14 12:55:46] DEBUG      [URL] https://www.zaubacorp.com/GOLDEN-WINGS-MULTI-TRADE-PRIVATE-LIMITED-U51909AS2009PTC009285
[2026-05-14 12:55:46] INFO     Page 19 → discovered 30 company URLs
[2026-05-14 12:55:46] DEBUG    Sleeping 4.0s
[2026-05-14 12:55:50] INFO     Crawling listing page 20 → https://www.zaubacorp.com/companies-list/p-20-company.html
[2026-05-14 12:55:53] WARNING  CF block on listing page 20, attempt 1/3
[2026-05-14 12:55:59] WARNING  CF block on listing page 20, attempt 2/3
[2026-05-14 12:56:12] DEBUG    Found 367 total links on page 20
[2026-05-14 12:56:12] DEBUG      [URL] https://www.zaubacorp.com/WHITECAT-CREATIONS-PRIVATE-LIMITED-U93090KL2019PTC056567
[2026-05-14 12:56:12] DEBUG      [URL] https://www.zaubacorp.com/BACTI-BARRIER-INDIA-LLP-AAH-0342
[2026-05-14 12:56:12] DEBUG      [URL] https://www.zaubacorp.com/GLAMRATNA-PRIVATE-LIMITED-U74994UP2016PTC083708
[2026-05-14 12:56:12] DEBUG      [URL] https://www.zaubacorp.com/BRASLE-INDIA-PVT-LTD-U74899DL1981PTC011813
[2026-05-14 12:56:12] DEBUG      [URL] https://www.zaubacorp.com/MONERE-SOLUTIONS-PRIVATE-LIMITED-U72900PN2021PTC201808
[2026-05-14 12:56:12] DEBUG      [URL] https://www.zaubacorp.com/CHAMBER-OF-STARTUPS-INDUSTRIES-AND-ENTREPRENEURS-INDIA-COUNCIL-U85300DL2019NPL355045
[2026-05-14 12:56:12] DEBUG      [URL] https://www.zaubacorp.com/PADM-COMPLEX-LTD-U45201GJ1994PLC021297
[2026-05-14 12:56:12] DEBUG      [URL] https://www.zaubacorp.com/B-N-P-INVESTMENTS-PRIVATE-LIMITED-U67120UP1992PTC014927
[2026-05-14 12:56:12] DEBUG      [URL] https://www.zaubacorp.com/STEEL-HOUSE-PRIVATE-LIMITED-U51392KL1996PTC010731
[2026-05-14 12:56:12] DEBUG      [URL] https://www.zaubacorp.com/INNAUMATION-MEDICAL-DEVICES-PRIVATE-LIMITED-U33100KA2019PTC121083
[2026-05-14 12:56:12] DEBUG      [URL] https://www.zaubacorp.com/CKR-STEELS-PRIVATE-LIMITED-U51909CT2012PTC008243
[2026-05-14 12:56:12] DEBUG      [URL] https://www.zaubacorp.com/INTERRELATIONS-NETWORKING-PRIVATE-LIMITE-D-U64204PB2003PTC025911
[2026-05-14 12:56:12] DEBUG      [URL] https://www.zaubacorp.com/BID-MY-TOUR-PRIVATE-LIMITED-U63040RJ2009PTC029984
[2026-05-14 12:56:12] DEBUG      [URL] https://www.zaubacorp.com/STRATYFIED-RESEARCH-SOLUTIONS-PRIVATE-LIMITED-U72900TG2017PTC120029
[2026-05-14 12:56:12] DEBUG      [URL] https://www.zaubacorp.com/RAMRAJ-SERVICES-PRIVATE-LIMITED-U72300UP2016PTC076177
[2026-05-14 12:56:12] DEBUG      [URL] https://www.zaubacorp.com/WR-VISA-CONSULTANTS-PRIVATE-LIMITED-U63033DL2017PTC311313
[2026-05-14 12:56:12] DEBUG      [URL] https://www.zaubacorp.com/LIBERTEE-ELEUTHERIA-PRIVATE-LIMITED-U52100KA2023PTC169838
[2026-05-14 12:56:12] DEBUG      [URL] https://www.zaubacorp.com/KALYAN-PROJECTS-PRIVATE-LIMITED-U45201GJ1995PTC027763
[2026-05-14 12:56:12] DEBUG      [URL] https://www.zaubacorp.com/NEOTEC-BUILDCON-PRIVATE-LIMITED-U45400MP2010PTC023147
[2026-05-14 12:56:12] DEBUG      [URL] https://www.zaubacorp.com/TRISHULA-ROBOTIC-SOLUTIONS-PRIVATE-LIMITED-U73100MH2021PTC369883
[2026-05-14 12:56:12] DEBUG      [URL] https://www.zaubacorp.com/KSSR-INFRA-PROJECTS-PRIVATE-LIMITED-U45209TG2009PTC066394
[2026-05-14 12:56:12] DEBUG      [URL] https://www.zaubacorp.com/LINEAR-STUDIOS-PRIVATE-LIMITED-U93090MH2018PTC318409
[2026-05-14 12:56:12] DEBUG      [URL] https://www.zaubacorp.com/EDAMATTOM-COMMERCE-LIMITED-U74999KL1938PLC000332
[2026-05-14 12:56:12] DEBUG      [URL] https://www.zaubacorp.com/ARCK-HOSPITALITY-SERVICES-PRIVATE-LIMITED-U55209JH2018PTC012007
[2026-05-14 12:56:12] DEBUG      [URL] https://www.zaubacorp.com/PROXIMASIDE-TECHNOLOGY-PRIVATE-LIMITED-U72200GJ2021PTC127110
[2026-05-14 12:56:12] DEBUG      [URL] https://www.zaubacorp.com/APEX-REALTORS-PVT-LTD-U70101KL1994PTC008034
[2026-05-14 12:56:12] DEBUG      [URL] https://www.zaubacorp.com/TRILOKSONS-RESOURCES-PRIVATE-LIMITED-U74120MH2007PTC167945
[2026-05-14 12:56:12] DEBUG      [URL] https://www.zaubacorp.com/S-P-AUTOMOTIVE-PRIVATE-LIMITED-U52599MH2007PTC167307
[2026-05-14 12:56:12] DEBUG      [URL] https://www.zaubacorp.com/ETHNOTECH-IT-AND-HARDWARE-SOLUTIONS-PRIVATE-LIMITED-U72200KA2013PTC071415
[2026-05-14 12:56:12] DEBUG      [URL] https://www.zaubacorp.com/GAYATHRI-TOWERS-PRIVATE-LIMITED-U45400TG2011PTC074685
[2026-05-14 12:56:12] INFO     Page 20 → discovered 30 company URLs
[2026-05-14 12:56:12] DEBUG    Sleeping 2.4s
[2026-05-14 12:56:14] INFO     Discovery complete — 569 URLs found
[2026-05-14 12:56:14] INFO     Discovery complete — 569 URLs found
[2026-05-14 12:56:14] INFO     Phase 2: Scraping company details (limit=20)
[2026-05-14 12:56:14] INFO     Starting scraping — 20 URLs queued
[2026-05-14 12:56:14] INFO     [1/20]
[2026-05-14 12:56:14] INFO     Scraping: https://www.zaubacorp.com/SAFARI-BIKES-PRIVATE-LIMITED-U35921PB1995PTC017379
[2026-05-14 12:56:16] WARNING  Cloudflare block on attempt 1/3 for https://www.zaubacorp.com/SAFARI-BIKES-PRIVATE-LIMITED-U35921PB1995PTC017379
[2026-05-14 12:56:25] WARNING  Cloudflare block on attempt 2/3 for https://www.zaubacorp.com/SAFARI-BIKES-PRIVATE-LIMITED-U35921PB1995PTC017379
[2026-05-14 12:56:40] WARNING  Cloudflare block on attempt 3/3 for https://www.zaubacorp.com/SAFARI-BIKES-PRIVATE-LIMITED-U35921PB1995PTC017379
[2026-05-14 12:56:40] ERROR    Failed to fetch https://www.zaubacorp.com/SAFARI-BIKES-PRIVATE-LIMITED-U35921PB1995PTC017379
[2026-05-14 12:56:43] INFO     [2/20]
[2026-05-14 12:56:43] INFO     Scraping: https://www.zaubacorp.com/SUPREME-HEATREATERS-PVT-LTD-U99999MH1987PTC043205
[2026-05-14 12:56:46] WARNING  Cloudflare block on attempt 1/3 for https://www.zaubacorp.com/SUPREME-HEATREATERS-PVT-LTD-U99999MH1987PTC043205
[2026-05-14 12:56:54] INFO     ✓ SUPREME ENGINEERING LIMITED | CIN: L99999MH1987PLC043205 | -, Maharashtra
[2026-05-14 12:56:57] INFO     [3/20]
[2026-05-14 12:56:57] INFO     Scraping: https://www.zaubacorp.com/PROLOGY-IT-SOLUTIONS-PRIVATE-LIMITED-U74120MH2014PTC258481
[2026-05-14 12:56:58] INFO     ✓ MEQUISYS SOLUTIONS PRIVATE LIMITED | CIN: U85100MH2014PTC258481 | -, Maharashtra
[2026-05-14 12:57:00] INFO     [4/20]
[2026-05-14 12:57:00] INFO     Scraping: https://www.zaubacorp.com/DIVIJ-REALTY-PRIVATE-LIMITED-U70100MH2005PTC153743
[2026-05-14 12:57:01] INFO     ✓ PRIMROSE REALTY PROJECTS (BANGALORE) PRIVATE LIMITED | CIN: U70100KA2005PTC042122 | -, Karnataka
[2026-05-14 12:57:05] INFO     [5/20]
[2026-05-14 12:57:05] INFO     Scraping: https://www.zaubacorp.com/RADIOHMS-AGENCIES-PRIVATE-LIMITED-U51100MH2005PTC150698
[2026-05-14 12:57:05] WARNING  Cloudflare block on attempt 1/3 for https://www.zaubacorp.com/RADIOHMS-AGENCIES-PRIVATE-LIMITED-U51100MH2005PTC150698
[2026-05-14 12:57:13] WARNING  Cloudflare block on attempt 2/3 for https://www.zaubacorp.com/RADIOHMS-AGENCIES-PRIVATE-LIMITED-U51100MH2005PTC150698
[2026-05-14 12:57:25] WARNING  Cloudflare block on attempt 3/3 for https://www.zaubacorp.com/RADIOHMS-AGENCIES-PRIVATE-LIMITED-U51100MH2005PTC150698
[2026-05-14 12:57:25] ERROR    Failed to fetch https://www.zaubacorp.com/RADIOHMS-AGENCIES-PRIVATE-LIMITED-U51100MH2005PTC150698
[2026-05-14 12:57:29] INFO     [6/20]
[2026-05-14 12:57:29] INFO     Scraping: https://www.zaubacorp.com/VISHWAKARMA-TREXIM-PVT-LTD-U51109WB1994PTC062270
[2026-05-14 12:57:30] WARNING  Cloudflare block on attempt 1/3 for https://www.zaubacorp.com/VISHWAKARMA-TREXIM-PVT-LTD-U51109WB1994PTC062270
[2026-05-14 12:57:38] WARNING  Cloudflare block on attempt 2/3 for https://www.zaubacorp.com/VISHWAKARMA-TREXIM-PVT-LTD-U51109WB1994PTC062270
[2026-05-14 12:57:49] WARNING  Cloudflare block on attempt 3/3 for https://www.zaubacorp.com/VISHWAKARMA-TREXIM-PVT-LTD-U51109WB1994PTC062270
[2026-05-14 12:57:49] ERROR    Failed to fetch https://www.zaubacorp.com/VISHWAKARMA-TREXIM-PVT-LTD-U51109WB1994PTC062270
[2026-05-14 12:57:53] INFO     [7/20]
[2026-05-14 12:57:53] INFO     Scraping: https://www.zaubacorp.com/KPC-BUILDERS-PRIVATE-LIMITED-U45200AP2001PTC036587
[2026-05-14 12:57:53] WARNING  Cloudflare block on attempt 1/3 for https://www.zaubacorp.com/KPC-BUILDERS-PRIVATE-LIMITED-U45200AP2001PTC036587
[2026-05-14 12:58:02] WARNING  Cloudflare block on attempt 2/3 for https://www.zaubacorp.com/KPC-BUILDERS-PRIVATE-LIMITED-U45200AP2001PTC036587
[2026-05-14 12:58:15] WARNING  Cloudflare block on attempt 3/3 for https://www.zaubacorp.com/KPC-BUILDERS-PRIVATE-LIMITED-U45200AP2001PTC036587
[2026-05-14 12:58:15] ERROR    Failed to fetch https://www.zaubacorp.com/KPC-BUILDERS-PRIVATE-LIMITED-U45200AP2001PTC036587
[2026-05-14 12:58:19] INFO     [8/20]
[2026-05-14 12:58:19] INFO     Scraping: https://www.zaubacorp.com/SGL-CONTAINER-LINE-PRIVATE-LIMITED-U63010MH2007PTC174842
[2026-05-14 12:58:20] WARNING  Cloudflare block on attempt 1/3 for https://www.zaubacorp.com/SGL-CONTAINER-LINE-PRIVATE-LIMITED-U63010MH2007PTC174842
[2026-05-14 12:58:27] INFO     ✓ SGL CONTAINER LINE PRIVATE LIMITED | CIN: U63010MH2007PTC174842 | -, Maharashtra
[2026-05-14 12:58:32] INFO     [9/20]
[2026-05-14 12:58:32] INFO     Scraping: https://www.zaubacorp.com/SUNKISSED-TRADERS-PVT-LTD-U51909WB1994PTC066566
[2026-05-14 12:58:33] INFO     ✓ SUNKISSED TRADERS PVT LTD | CIN: U51909WB1994PTC066566 | -, West Bengal
[2026-05-14 12:58:35] INFO     [10/20]
[2026-05-14 12:58:35] INFO     Scraping: https://www.zaubacorp.com/VIRAASAT-ESTATE-DEVELOPERS-PRIVATE-LIMITED-U70100RJ2017PTC059770
[2026-05-14 12:58:36] WARNING  Cloudflare block on attempt 1/3 for https://www.zaubacorp.com/VIRAASAT-ESTATE-DEVELOPERS-PRIVATE-LIMITED-U70100RJ2017PTC059770
[2026-05-14 12:58:44] INFO     ✓ VIRAASAT ESTATE DEVELOPERS PRIVATE LIMITED | CIN: U70100RJ2017PTC059770 | -, Rajasthan
[2026-05-14 12:58:47] INFO     [11/20]
[2026-05-14 12:58:47] INFO     Scraping: https://www.zaubacorp.com/SALVO-SECURITIES-AND-INTELLIGENCE-SERVICES-PRIVATE-LIMITED-U74920JH2002PTC010036
[2026-05-14 12:58:47] WARNING  Cloudflare block on attempt 1/3 for https://www.zaubacorp.com/SALVO-SECURITIES-AND-INTELLIGENCE-SERVICES-PRIVATE-LIMITED-U74920JH2002PTC010036
[2026-05-14 12:58:55] INFO     ✓ SALVO SECURITIES & INTELLIGENCE SERVICES PRIVATE LIMITED | CIN: U74920JH2002PTC010036 | P O GIRIDIH, Jharkhand
[2026-05-14 12:58:57] INFO     [12/20]
[2026-05-14 12:58:57] INFO     Scraping: https://www.zaubacorp.com/DR-ETHIX-S-PRODUCTS-AND-SERVICES-PRIVATE-LIMITED-U24100TN2019PTC129889
[2026-05-14 12:58:57] WARNING  Cloudflare block on attempt 1/3 for https://www.zaubacorp.com/DR-ETHIX-S-PRODUCTS-AND-SERVICES-PRIVATE-LIMITED-U24100TN2019PTC129889
[2026-05-14 12:59:06] WARNING  Cloudflare block on attempt 2/3 for https://www.zaubacorp.com/DR-ETHIX-S-PRODUCTS-AND-SERVICES-PRIVATE-LIMITED-U24100TN2019PTC129889
[2026-05-14 12:59:18] WARNING  Cloudflare block on attempt 3/3 for https://www.zaubacorp.com/DR-ETHIX-S-PRODUCTS-AND-SERVICES-PRIVATE-LIMITED-U24100TN2019PTC129889
[2026-05-14 12:59:18] ERROR    Failed to fetch https://www.zaubacorp.com/DR-ETHIX-S-PRODUCTS-AND-SERVICES-PRIVATE-LIMITED-U24100TN2019PTC129889
[2026-05-14 12:59:20] INFO     [13/20]
[2026-05-14 12:59:20] INFO     Scraping: https://www.zaubacorp.com/VESELKO-LEAD-GENERATION-AND-EVENT-MANAGEMENT-PRIVATE-LIMITED-U74999MH2017PTC299468
[2026-05-14 12:59:21] INFO     ✓ VESELKO LEAD GENERATION AND EVENT MANAGEMENT PRIVATE LIMITED | CIN: U74999MH2017PTC299468 | -, Maharashtra
[2026-05-14 12:59:24] INFO     [14/20]
[2026-05-14 12:59:24] INFO     Scraping: https://www.zaubacorp.com/JEWEL-ROCK-REALTY-PRIVATE-LIMITED-U45203MH2008PTC181465
[2026-05-14 12:59:27] INFO     ✓ JEWEL ROCK REALTY PRIVATE LIMITED | CIN: U45203MH2008PTC181465 | -, Maharashtra
[2026-05-14 12:59:31] INFO     [15/20]
[2026-05-14 12:59:31] INFO     Scraping: https://www.zaubacorp.com/RELIANT-SOFTWARE-SOLUTION-INTEGRATED-PRIVATE-LIMITED-U72200TN2009PTC070684
[2026-05-14 12:59:34] INFO     ✓ RELIANT SOFTWARE SOLUTION INTEGRATED PRIVATE LIMITED | CIN: U72200TN2009PTC070684 | -, Tamil Nadu
[2026-05-14 12:59:37] INFO     [16/20]
[2026-05-14 12:59:37] INFO     Scraping: https://www.zaubacorp.com/HADRON-PHARMA-LAB-SOLUTIONS-PRIVATE-LIMITED-U74999UP2017PTC095536
[2026-05-14 12:59:39] INFO     ✓ HADRON PHARMA LAB SOLUTIONS PRIVATE LIMITED | CIN: U74999UP2017PTC095536 | -, Uttar Pradesh
[2026-05-14 12:59:44] INFO     [17/20]
[2026-05-14 12:59:44] INFO     Scraping: https://www.zaubacorp.com/ALHAMD-EXIM-PRIVATE-LIMITED-U51909UP2021PTC144433
[2026-05-14 12:59:44] INFO     ✓ ALHAMD EXIM PRIVATE LIMITED | CIN: U51909UP2021PTC144433 | -, Uttar Pradesh
[2026-05-14 12:59:47] INFO     [18/20]
[2026-05-14 12:59:47] INFO     Scraping: https://www.zaubacorp.com/VPG-SOLAR-INFRATECH-PRIVATE-LIMITED-U74999UP2017PTC099587
[2026-05-14 12:59:48] INFO     ✓ VPG SOLAR INFRATECH PRIVATE LIMITED | CIN: U74999UP2017PTC099587 | -, Uttar Pradesh
[2026-05-14 12:59:50] INFO     [19/20]
[2026-05-14 12:59:50] INFO     Scraping: https://www.zaubacorp.com/CHANDRA-AWAS-PRIVATE-LIMITED-U70101WB2006PTC108817
[2026-05-14 12:59:51] INFO     ✓ CHANDRA AWAS PRIVATE LIMITED | CIN: U70101WB2006PTC108817 | -, West Bengal
[2026-05-14 12:59:54] INFO     [20/20]
[2026-05-14 12:59:54] INFO     Scraping: https://www.zaubacorp.com/S-P-SARKAR-DISTRIBUTORS-PRIVATE-LIMITED-U51109WB2008PTC122232
[2026-05-14 12:59:55] WARNING  Cloudflare block on attempt 1/3 for https://www.zaubacorp.com/S-P-SARKAR-DISTRIBUTORS-PRIVATE-LIMITED-U51109WB2008PTC122232
[2026-05-14 13:00:06] INFO     ✓ S.P.SARKAR DISTRIBUTORS PRIVATE LIMITED | CIN: U51109WB2008PTC122232 | -, West Bengal
[2026-05-14 13:00:09] INFO     Done — total: 20 | success: 15 | failed: 5
[2026-05-14 13:00:09] INFO     Scraping complete — success: 15 | failed: 5 | total: 20
[2026-05-14 13:00:09] INFO     Phase 3: Exporting to CSV
[2026-05-14 13:00:09] INFO     Exported 48 companies → /home/santhosh/dev/zauba_scraper/exports/companies_20260514_130009.csv
[2026-05-14 13:00:09] INFO     Saved → /home/santhosh/dev/zauba_scraper/exports/companies_20260514_130009.csv
[2026-05-14 13:00:09] INFO     ============================================================
[2026-05-14 13:00:09] INFO     Bot finished. Check exports/ for CSV and logs/ for full log.
[2026-05-14 13:00:09] INFO     ============================================================
